2026-09-08 15:49:00,669 - ERROR - Unexpected error: name 'get_student_info' is not defined
Traceback (most recent call last):
  File "d:\Downloads\Super 30 exmples\student-result-calculator\main.py", line 78, in main
    process_student()
    ~~~~~~~~~~~~~~~^^
  File "d:\Downloads\Super 30 exmples\student-result-calculator\main.py", line 25, in process_student
    name, student_id = get_student_info()
                       ^^^^^^^^^^^^^^^^
NameError: name 'get_student_info' is not defined
2026-09-08 15:49:00,682 - ERROR - Unexpected error: name 'get_student_info' is not defined
Traceback (most recent call last):
  File "d:\Downloads\Super 30 exmples\student-result-calculator\main.py", line 78, in main
    process_student()
    ~~~~~~~~~~~~~~~^^
  File "d:\Downloads\Super 30 exmples\student-result-calculator\main.py", line 25, in process_student
    name, student_id = get_student_info()
                       ^^^^^^^^^^^^^^^^
NameError: name 'get_student_info' is not defined
2026-09-08 15:49:00,684 - ERROR - Unexpected error: name 'get_student_info' is not defined
Traceback (most recent call last):
  File "d:\Downloads\Super 30 exmples\student-result-calculator\main.py", line 78, in main
    process_student()
    ~~~~~~~~~~~~~~~^^
  File "d:\Downloads\Super 30 exmples\student-result-calculator\main.py", line 25, in process_student
    name, student_id = get_student_info()
                       ^^^^^^^^^^^^^^^^
NameError: name 'get_student_info' is not defined
2026-09-08 15:49:00,685 - ERROR - Unexpected error: name 'get_student_info' is not defined
Traceback (most recent call last):
  File "d:\Downloads\Super 30 exmples\student-result-calculator\main.py", line 78, in main
    process_student()
    ~~~~~~~~~~~~~~~^^
  File "d:\Downloads\Super 30 exmples\student-result-calculator\main.py", line 25, in process_student
    name, student_id = get_student_info()
                       ^^^^^^^^^^^^^^^^
NameError: name 'get_student_info' is not defined
2026-09-08 15:49:00,686 - ERROR - Unexpected error: name 'get_student_info' is not defined
Traceback (most recent call last):
  File "d:\Downloads\Super 30 exmples\student-result-calculator\main.py", line 78, in main
    process_student()
    ~~~~~~~~~~~~~~~^^
  File "d:\Downloads\Super 30 exmples\student-result-calculator\main.py", line 25, in process_student
    name, student_id = get_student_info()
                       ^^^^^^^^^^^^^^^^
NameError: name 'get_student_info' is not defined
2026-09-08 15:49:00,686 - ERROR - Unexpected error: name 'get_student_info' is not defined
Traceback (most recent call last):
  File "d:\Downloads\Super 30 exmples\student-result-calculator\main.py", line 78, in main
    process_student()
    ~~~~~~~~~~~~~~~^^
  File "d:\Downloads\Super 30 exmples\student-result-calculator\main.py", line 25, in process_student
    name, student_id = get_student_info()
                       ^^^^^^^^^^^^^^^^
NameError: name 'get_student_info' is not defined
2026-09-08 15:49:00,687 - ERROR - Unexpected error: name 'get_student_info' is not defined
Traceback (most recent call last):
  File "d:\Downloads\Super 30 exmples\student-result-calculator\main.py", line 78, in main
    process_student()
    ~~~~~~~~~~~~~~~^^
  File "d:\Downloads\Super 30 exmples\student-result-calculator\main.py", line 25, in process_student
    name, student_id = get_student_info()
                       ^^^^^^^^^^^^^^^^
NameError: name 'get_student_info' is not defined
2026-09-08 15:49:00,687 - ERROR - Unexpected error: name 'get_student_info' is not defined
Traceback (most recent call last):
  File "d:\Downloads\Super 30 exmples\student-result-calculator\main.py", line 78, in main
    process_student()
    ~~~~~~~~~~~~~~~^^
  File "d:\Downloads\Super 30 exmples\student-result-calculator\main.py", line 25, in process_student
    name, student_id = get_student_info()
                       ^^^^^^^^^^^^^^^^
NameError: name 'get_student_info' is not defined
2026-09-08 15:49:00,688 - ERROR - Unexpected error: name 'get_student_info' is not defined
Traceback (most recent call last):
  File "d:\Downloads\Super 30 exmples\student-result-calculator\main.py", line 78, in main
    process_student()
    ~~~~~~~~~~~~~~~^^
  File "d:\Downloads\Super 30 exmples\student-result-calculator\main.py", line 25, in process_student
    name, student_id = get_student_info()
                       ^^^^^^^^^^^^^^^^
NameError: name 'get_student_info' is not defined
2026-09-08 15:49:00,688 - ERROR - Unexpected error: name 'get_student_info' is not defined
Traceback (most recent call last):
  File "d:\Downloads\Super 30 exmples\student-result-calculator\main.py", line 78, in main
    process_student()
    ~~~~~~~~~~~~~~~^^
  File "d:\Downloads\Super 30 exmples\student-result-calculator\main.py", line 25, in process_student
    name, student_id = get_student_info()
                       ^^^^^^^^^^^^^^^^
NameError: name 'get_student_info' is not defined
2026-09-08 15:49:00,689 - ERROR - Unexpected error: name 'get_student_info' is not defined
Traceback (most recent call last):
  File "d:\Downloads\Super 30 exmples\student-result-calculator\main.py", line 78, in main
    process_student()
    ~~~~~~~~~~~~~~~^^
  File "d:\Downloads\Super 30 exmples\student-result-calculator\main.py", line 25, in process_student
    name, student_id = get_student_info()
                       ^^^^^^^^^^^^^^^^
NameError: name 'get_student_info' is not defined
2026-09-08 15:49:00,689 - ERROR - Unexpected error: name 'get_student_info' is not defined
Traceback (most recent call last):
  File "d:\Downloads\Super 30 exmples\student-result-calculator\main.py", line 78, in main
    process_student()
    ~~~~~~~~~~~~~~~^^
  File "d:\Downloads\Super 30 exmples\student-result-calculator\main.py", line 25, in process_student
    name, student_id = get_student_info()
                       ^^^^^^^^^^^^^^^^
NameError: name 'get_student_info' is not defined
2026-09-08 15:49:00,690 - ERROR - Unexpected error: name 'get_student_info' is not defined
Traceback (most recent call last):
  File "d:\Downloads\Super 30 exmples\student-result-calculator\main.py", line 78, in main
    process_student()
    ~~~~~~~~~~~~~~~^^
  File "d:\Downloads\Super 30 exmples\student-result-calculator\main.py", line 25, in process_student
    name, student_id = get_student_info()
                       ^^^^^^^^^^^^^^^^
NameError: name 'get_student_info' is not defined
2026-09-08 15:49:00,690 - ERROR - Unexpected error: name 'get_student_info' is not defined
Traceback (most recent call last):
  File "d:\Downloads\Super 30 exmples\student-result-calculator\main.py", line 78, in main
    process_student()
    ~~~~~~~~~~~~~~~^^
  File "d:\Downloads\Super 30 exmples\student-result-calculator\main.py", line 25, in process_student
    name, student_id = get_student_info()
                       ^^^^^^^^^^^^^^^^
NameError: name 'get_student_info' is not defined
2026-09-08 15:49:00,691 - ERROR - Unexpected error: name 'get_student_info' is not defined
Traceback (most recent call last):
  File "d:\Downloads\Super 30 exmples\student-result-calculator\main.py", line 78, in main
    process_student()
    ~~~~~~~~~~~~~~~^^
  File "d:\Downloads\Super 30 exmples\student-result-calculator\main.py", line 25, in process_student
    name, student_id = get_student_info()
                       ^^^^^^^^^^^^^^^^
NameError: name 'get_student_info' is not defined
2026-09-08 15:49:00,691 - ERROR - Unexpected error: name 'get_student_info' is not defined
Traceback (most recent call last):
  File "d:\Downloads\Super 30 exmples\student-result-calculator\main.py", line 78, in main
    process_student()
    ~~~~~~~~~~~~~~~^^
  File "d:\Downloads\Super 30 exmples\student-result-calculator\main.py", line 25, in process_student
    name, student_id = get_student_info()
                       ^^^^^^^^^^^^^^^^
NameError: name 'get_student_info' is not defined
2026-09-08 15:49:00,692 - ERROR - Unexpected error: name 'get_student_info' is not defined
Traceback (most recent call last):
  File "d:\Downloads\Super 30 exmples\student-result-calculator\main.py", line 78, in main
    process_student()
    ~~~~~~~~~~~~~~~^^
  File "d:\Downloads\Super 30 exmples\student-result-calculator\main.py", line 25, in process_student
    name, student_id = get_student_info()
                       ^^^^^^^^^^^^^^^^
NameError: name 'get_student_info' is not defined
2026-09-08 15:49:00,693 - ERROR - Unexpected error: name 'get_student_info' is not defined
Traceback (most recent call last):
  File "d:\Downloads\Super 30 exmples\student-result-calculator\main.py", line 78, in main
    process_student()
    ~~~~~~~~~~~~~~~^^
  File "d:\Downloads\Super 30 exmples\student-result-calculator\main.py", line 25, in process_student
    name, student_id = get_student_info()
                       ^^^^^^^^^^^^^^^^
NameError: name 'get_student_info' is not defined
2026-09-08 15:49:00,693 - ERROR - Unexpected error: name 'get_student_info' is not defined
Traceback (most recent call last):
  File "d:\Downloads\Super 30 exmples\student-result-calculator\main.py", line 78, in main
    process_student()
    ~~~~~~~~~~~~~~~^^
  File "d:\Downloads\Super 30 exmples\student-result-calculator\main.py", line 25, in process_student
    name, student_id = get_student_info()
                       ^^^^^^^^^^^^^^^^
NameError: name 'get_student_info' is not defined
2026-09-08 15:49:00,694 - ERROR - Unexpected error: name 'get_student_info' is not defined
Traceback (most recent call last):
  File "d:\Downloads\Super 30 exmples\student-result-calculator\main.py", line 78, in main
    process_student()
    ~~~~~~~~~~~~~~~^^
  File "d:\Downloads\Super 30 exmples\student-result-calculator\main.py", line 25, in process_student
    name, student_id = get_student_info()
                       ^^^^^^^^^^^^^^^^
NameError: name 'get_student_info' is not defined
2026-09-08 15:49:00,694 - ERROR - Unexpected error: name 'get_student_info' is not defined
Traceback (most recent call last):
  File "d:\Downloads\Super 30 exmples\student-result-calculator\main.py", line 78, in main
    process_student()
    ~~~~~~~~~~~~~~~^^
  File "d:\Downloads\Super 30 exmples\student-result-calculator\main.py", line 25, in process_student
    name, student_id = get_student_info()
                       ^^^^^^^^^^^^^^^^
NameError: name 'get_student_info' is not defined
2026-09-08 15:49:00,695 - ERROR - Unexpected error: name 'get_student_info' is not defined
Traceback (most recent call last):
  File "d:\Downloads\Super 30 exmples\student-result-calculator\main.py", line 78, in main
    process_student()
    ~~~~~~~~~~~~~~~^^
  File "d:\Downloads\Super 30 exmples\student-result-calculator\main.py", line 25, in process_student
    name, student_id = get_student_info()
                       ^^^^^^^^^^^^^^^^
NameError: name 'get_student_info' is not defined
2026-09-08 15:49:00,695 - ERROR - Unexpected error: name 'get_student_info' is not defined
Traceback (most recent call last):
  File "d:\Downloads\Super 30 exmples\student-result-calculator\main.py", line 78, in main
    process_student()
    ~~~~~~~~~~~~~~~^^
  File "d:\Downloads\Super 30 exmples\student-result-calculator\main.py", line 25, in process_student
    name, student_id = get_student_info()
                       ^^^^^^^^^^^^^^^^
NameError: name 'get_student_info' is not defined
2026-09-08 15:49:00,696 - ERROR - Unexpected error: name 'get_student_info' is not defined
Traceback (most recent call last):
  File "d:\Downloads\Super 30 exmples\student-result-calculator\main.py", line 78, in main
    process_student()
    ~~~~~~~~~~~~~~~^^
  File "d:\Downloads\Super 30 exmples\student-result-calculator\main.py", line 25, in process_student
    name, student_id = get_student_info()
                       ^^^^^^^^^^^^^^^^
NameError: name 'get_student_info' is not defined
2026-09-08 15:49:00,697 - ERROR - Unexpected error: name 'get_student_info' is not defined
Traceback (most recent call last):
  File "d:\Downloads\Super 30 exmples\student-result-calculator\main.py", line 78, in main
    process_student()
    ~~~~~~~~~~~~~~~^^
  File "d:\Downloads\Super 30 exmples\student-result-calculator\main.py", line 25, in process_student
    name, student_id = get_student_info()
                       ^^^^^^^^^^^^^^^^
NameError: name 'get_student_info' is not defined
2026-09-08 15:49:00,697 - ERROR - Unexpected error: name 'get_student_info' is not defined
Traceback (most recent call last):
  File "d:\Downloads\Super 30 exmples\student-result-calculator\main.py", line 78, in main
    process_student()
    ~~~~~~~~~~~~~~~^^
  File "d:\Downloads\Super 30 exmples\student-result-calculator\main.py", line 25, in process_student
    name, student_id = get_student_info()
                       ^^^^^^^^^^^^^^^^
NameError: name 'get_student_info' is not defined
2026-09-08 15:49:00,698 - ERROR - Unexpected error: name 'get_student_info' is not defined
Traceback (most recent call last):
  File "d:\Downloads\Super 30 exmples\student-result-calculator\main.py", line 78, in main
    process_student()
    ~~~~~~~~~~~~~~~^^
  File "d:\Downloads\Super 30 exmples\student-result-calculator\main.py", line 25, in process_student
    name, student_id = get_student_info()
                       ^^^^^^^^^^^^^^^^
NameError: name 'get_student_info' is not defined
2026-09-08 15:49:00,699 - ERROR - Unexpected error: name 'get_student_info' is not defined
Traceback (most recent call last):
  File "d:\Downloads\Super 30 exmples\student-result-calculator\main.py", line 78, in main
    process_student()
    ~~~~~~~~~~~~~~~^^
  File "d:\Downloads\Super 30 exmples\student-result-calculator\main.py", line 25, in process_student
    name, student_id = get_student_info()
                       ^^^^^^^^^^^^^^^^
NameError: name 'get_student_info' is not defined
2026-09-08 15:49:00,700 - ERROR - Unexpected error: name 'get_student_info' is not defined
Traceback (most recent call last):
  File "d:\Downloads\Super 30 exmples\student-result-calculator\main.py", line 78, in main
    process_student()
    ~~~~~~~~~~~~~~~^^
  File "d:\Downloads\Super 30 exmples\student-result-calculator\main.py", line 25, in process_student
    name, student_id = get_student_info()
                       ^^^^^^^^^^^^^^^^
NameError: name 'get_student_info' is not defined
2026-09-08 15:49:00,701 - ERROR - Unexpected error: name 'get_student_info' is not defined
Traceback (most recent call last):
  File "d:\Downloads\Super 30 exmples\student-result-calculator\main.py", line 78, in main
    process_student()
    ~~~~~~~~~~~~~~~^^
  File "d:\Downloads\Super 30 exmples\student-result-calculator\main.py", line 25, in process_student
    name, student_id = get_student_info()
                       ^^^^^^^^^^^^^^^^
NameError: name 'get_student_info' is not defined
2026-09-08 15:49:00,701 - ERROR - Unexpected error: name 'get_student_info' is not defined
Traceback (most recent call last):
  File "d:\Downloads\Super 30 exmples\student-result-calculator\main.py", line 78, in main
    process_student()
    ~~~~~~~~~~~~~~~^^
  File "d:\Downloads\Super 30 exmples\student-result-calculator\main.py", line 25, in process_student
    name, student_id = get_student_info()
                       ^^^^^^^^^^^^^^^^
NameError: name 'get_student_info' is not defined
2026-09-08 15:49:00,702 - ERROR - Unexpected error: name 'get_student_info' is not defined
Traceback (most recent call last):
  File "d:\Downloads\Super 30 exmples\student-result-calculator\main.py", line 78, in main
    process_student()
    ~~~~~~~~~~~~~~~^^
  File "d:\Downloads\Super 30 exmples\student-result-calculator\main.py", line 25, in process_student
    name, student_id = get_student_info()
                       ^^^^^^^^^^^^^^^^
NameError: name 'get_student_info' is not defined
2026-09-08 15:49:00,703 - ERROR - Unexpected error: name 'get_student_info' is not defined
Traceback (most recent call last):
  File "d:\Downloads\Super 30 exmples\student-result-calculator\main.py", line 78, in main
    process_student()
    ~~~~~~~~~~~~~~~^^
  File "d:\Downloads\Super 30 exmples\student-result-calculator\main.py", line 25, in process_student
    name, student_id = get_student_info()
                       ^^^^^^^^^^^^^^^^
NameError: name 'get_student_info' is not defined
2026-09-08 15:49:00,704 - ERROR - Unexpected error: name 'get_student_info' is not defined
Traceback (most recent call last):
  File "d:\Downloads\Super 30 exmples\student-result-calculator\main.py", line 78, in main
    process_student()
    ~~~~~~~~~~~~~~~^^
  File "d:\Downloads\Super 30 exmples\student-result-calculator\main.py", line 25, in process_student
    name, student_id = get_student_info()
                       ^^^^^^^^^^^^^^^^
NameError: name 'get_student_info' is not defined
2026-09-08 15:49:00,705 - ERROR - Unexpected error: name 'get_student_info' is not defined
Traceback (most recent call last):
  File "d:\Downloads\Super 30 exmples\student-result-calculator\main.py", line 78, in main
    process_student()
    ~~~~~~~~~~~~~~~^^
  File "d:\Downloads\Super 30 exmples\student-result-calculator\main.py", line 25, in process_student
    name, student_id = get_student_info()
                       ^^^^^^^^^^^^^^^^
NameError: name 'get_student_info' is not defined
2026-09-08 15:49:00,706 - ERROR - Unexpected error: name 'get_student_info' is not defined
Traceback (most recent call last):
  File "d:\Downloads\Super 30 exmples\student-result-calculator\main.py", line 78, in main
    process_student()
    ~~~~~~~~~~~~~~~^^
  File "d:\Downloads\Super 30 exmples\student-result-calculator\main.py", line 25, in process_student
    name, student_id = get_student_info()
                       ^^^^^^^^^^^^^^^^
NameError: name 'get_student_info' is not defined
2026-09-08 15:49:00,710 - ERROR - Unexpected error: name 'get_student_info' is not defined
Traceback (most recent call last):
  File "d:\Downloads\Super 30 exmples\student-result-calculator\main.py", line 78, in main
    process_student()
    ~~~~~~~~~~~~~~~^^
  File "d:\Downloads\Super 30 exmples\student-result-calculator\main.py", line 25, in process_student
    name, student_id = get_student_info()
                       ^^^^^^^^^^^^^^^^
NameError: name 'get_student_info' is not defined
2026-09-08 15:49:00,710 - ERROR - Unexpected error: name 'get_student_info' is not defined
Traceback (most recent call last):
  File "d:\Downloads\Super 30 exmples\student-result-calculator\main.py", line 78, in main
    process_student()
    ~~~~~~~~~~~~~~~^^
  File "d:\Downloads\Super 30 exmples\student-result-calculator\main.py", line 25, in process_student
    name, student_id = get_student_info()
                       ^^^^^^^^^^^^^^^^
NameError: name 'get_student_info' is not defined
2026-09-08 15:49:00,711 - ERROR - Unexpected error: name 'get_student_info' is not defined
Traceback (most recent call last):
  File "d:\Downloads\Super 30 exmples\student-result-calculator\main.py", line 78, in main
    process_student()
    ~~~~~~~~~~~~~~~^^
  File "d:\Downloads\Super 30 exmples\student-result-calculator\main.py", line 25, in process_student
    name, student_id = get_student_info()
                       ^^^^^^^^^^^^^^^^
NameError: name 'get_student_info' is not defined
2026-09-08 15:49:00,712 - ERROR - Unexpected error: name 'get_student_info' is not defined
Traceback (most recent call last):
  File "d:\Downloads\Super 30 exmples\student-result-calculator\main.py", line 78, in main
    process_student()
    ~~~~~~~~~~~~~~~^^
  File "d:\Downloads\Super 30 exmples\student-result-calculator\main.py", line 25, in process_student
    name, student_id = get_student_info()
                       ^^^^^^^^^^^^^^^^
NameError: name 'get_student_info' is not defined
2026-09-08 15:49:00,714 - ERROR - Unexpected error: name 'get_student_info' is not defined
Traceback (most recent call last):
  File "d:\Downloads\Super 30 exmples\student-result-calculator\main.py", line 78, in main
    process_student()
    ~~~~~~~~~~~~~~~^^
  File "d:\Downloads\Super 30 exmples\student-result-calculator\main.py", line 25, in process_student
    name, student_id = get_student_info()
                       ^^^^^^^^^^^^^^^^
NameError: name 'get_student_info' is not defined
2026-09-08 15:49:00,715 - ERROR - Unexpected error: name 'get_student_info' is not defined
Traceback (most recent call last):
  File "d:\Downloads\Super 30 exmples\student-result-calculator\main.py", line 78, in main
    process_student()
    ~~~~~~~~~~~~~~~^^
  File "d:\Downloads\Super 30 exmples\student-result-calculator\main.py", line 25, in process_student
    name, student_id = get_student_info()
                       ^^^^^^^^^^^^^^^^
NameError: name 'get_student_info' is not defined
2026-09-08 15:49:00,717 - ERROR - Unexpected error: name 'get_student_info' is not defined
Traceback (most recent call last):
  File "d:\Downloads\Super 30 exmples\student-result-calculator\main.py", line 78, in main
    process_student()
    ~~~~~~~~~~~~~~~^^
  File "d:\Downloads\Super 30 exmples\student-result-calculator\main.py", line 25, in process_student
    name, student_id = get_student_info()
                       ^^^^^^^^^^^^^^^^
NameError: name 'get_student_info' is not defined
2026-09-08 15:49:00,719 - ERROR - Unexpected error: name 'get_student_info' is not defined
Traceback (most recent call last):
  File "d:\Downloads\Super 30 exmples\student-result-calculator\main.py", line 78, in main
    process_student()
    ~~~~~~~~~~~~~~~^^
  File "d:\Downloads\Super 30 exmples\student-result-calculator\main.py", line 25, in process_student
    name, student_id = get_student_info()
                       ^^^^^^^^^^^^^^^^
NameError: name 'get_student_info' is not defined
2026-09-08 15:49:00,720 - ERROR - Unexpected error: name 'get_student_info' is not defined
Traceback (most recent call last):
  File "d:\Downloads\Super 30 exmples\student-result-calculator\main.py", line 78, in main
    process_student()
    ~~~~~~~~~~~~~~~^^
  File "d:\Downloads\Super 30 exmples\student-result-calculator\main.py", line 25, in process_student
    name, student_id = get_student_info()
                       ^^^^^^^^^^^^^^^^
NameError: name 'get_student_info' is not defined
2026-09-08 15:49:00,721 - ERROR - Unexpected error: name 'get_student_info' is not defined
Traceback (most recent call last):
  File "d:\Downloads\Super 30 exmples\student-result-calculator\main.py", line 78, in main
    process_student()
    ~~~~~~~~~~~~~~~^^
  File "d:\Downloads\Super 30 exmples\student-result-calculator\main.py", line 25, in process_student
    name, student_id = get_student_info()
                       ^^^^^^^^^^^^^^^^
NameError: name 'get_student_info' is not defined
2026-09-08 15:49:00,721 - ERROR - Unexpected error: name 'get_student_info' is not defined
Traceback (most recent call last):
  File "d:\Downloads\Super 30 exmples\student-result-calculator\main.py", line 78, in main
    process_student()
    ~~~~~~~~~~~~~~~^^
  File "d:\Downloads\Super 30 exmples\student-result-calculator\main.py", line 25, in process_student
    name, student_id = get_student_info()
                       ^^^^^^^^^^^^^^^^
NameError: name 'get_student_info' is not defined
2026-09-08 15:49:00,722 - ERROR - Unexpected error: name 'get_student_info' is not defined
Traceback (most recent call last):
  File "d:\Downloads\Super 30 exmples\student-result-calculator\main.py", line 78, in main
    process_student()
    ~~~~~~~~~~~~~~~^^
  File "d:\Downloads\Super 30 exmples\student-result-calculator\main.py", line 25, in process_student
    name, student_id = get_student_info()
                       ^^^^^^^^^^^^^^^^
NameError: name 'get_student_info' is not defined
2026-09-08 15:49:00,722 - ERROR - Unexpected error: name 'get_student_info' is not defined
Traceback (most recent call last):
  File "d:\Downloads\Super 30 exmples\student-result-calculator\main.py", line 78, in main
    process_student()
    ~~~~~~~~~~~~~~~^^
  File "d:\Downloads\Super 30 exmples\student-result-calculator\main.py", line 25, in process_student
    name, student_id = get_student_info()
                       ^^^^^^^^^^^^^^^^
NameError: name 'get_student_info' is not defined
2026-09-08 15:49:00,723 - ERROR - Unexpected error: name 'get_student_info' is not defined
Traceback (most recent call last):
  File "d:\Downloads\Super 30 exmples\student-result-calculator\main.py", line 78, in main
    process_student()
    ~~~~~~~~~~~~~~~^^
  File "d:\Downloads\Super 30 exmples\student-result-calculator\main.py", line 25, in process_student
    name, student_id = get_student_info()
                       ^^^^^^^^^^^^^^^^
NameError: name 'get_student_info' is not defined
2026-09-08 15:49:00,723 - ERROR - Unexpected error: name 'get_student_info' is not defined
Traceback (most recent call last):
  File "d:\Downloads\Super 30 exmples\student-result-calculator\main.py", line 78, in main
    process_student()
    ~~~~~~~~~~~~~~~^^
  File "d:\Downloads\Super 30 exmples\student-result-calculator\main.py", line 25, in process_student
    name, student_id = get_student_info()
                       ^^^^^^^^^^^^^^^^
NameError: name 'get_student_info' is not defined
2026-09-08 15:49:00,728 - ERROR - Unexpected error: name 'get_student_info' is not defined
Traceback (most recent call last):
  File "d:\Downloads\Super 30 exmples\student-result-calculator\main.py", line 78, in main
    process_student()
    ~~~~~~~~~~~~~~~^^
  File "d:\Downloads\Super 30 exmples\student-result-calculator\main.py", line 25, in process_student
    name, student_id = get_student_info()
                       ^^^^^^^^^^^^^^^^
NameError: name 'get_student_info' is not defined
2026-09-08 15:49:00,771 - ERROR - Unexpected error: name 'get_student_info' is not defined
Traceback (most recent call last):
  File "d:\Downloads\Super 30 exmples\student-result-calculator\main.py", line 78, in main
    process_student()
    ~~~~~~~~~~~~~~~^^
  File "d:\Downloads\Super 30 exmples\student-result-calculator\main.py", line 25, in process_student
    name, student_id = get_student_info()
                       ^^^^^^^^^^^^^^^^
NameError: name 'get_student_info' is not defined
2026-09-08 15:49:00,772 - ERROR - Unexpected error: name 'get_student_info' is not defined
Traceback (most recent call last):
  File "d:\Downloads\Super 30 exmples\student-result-calculator\main.py", line 78, in main
    process_student()
    ~~~~~~~~~~~~~~~^^
  File "d:\Downloads\Super 30 exmples\student-result-calculator\main.py", line 25, in process_student
    name, student_id = get_student_info()
                       ^^^^^^^^^^^^^^^^
NameError: name 'get_student_info' is not defined
2026-09-08 15:49:00,773 - ERROR - Unexpected error: name 'get_student_info' is not defined
Traceback (most recent call last):
  File "d:\Downloads\Super 30 exmples\student-result-calculator\main.py", line 78, in main
    process_student()
    ~~~~~~~~~~~~~~~^^
  File "d:\Downloads\Super 30 exmples\student-result-calculator\main.py", line 25, in process_student
    name, student_id = get_student_info()
                       ^^^^^^^^^^^^^^^^
NameError: name 'get_student_info' is not defined
2026-09-08 15:49:00,773 - ERROR - Unexpected error: name 'get_student_info' is not defined
Traceback (most recent call last):
  File "d:\Downloads\Super 30 exmples\student-result-calculator\main.py", line 78, in main
    process_student()
    ~~~~~~~~~~~~~~~^^
  File "d:\Downloads\Super 30 exmples\student-result-calculator\main.py", line 25, in process_student
    name, student_id = get_student_info()
                       ^^^^^^^^^^^^^^^^
NameError: name 'get_student_info' is not defined
2026-09-08 15:49:00,775 - ERROR - Unexpected error: name 'get_student_info' is not defined
Traceback (most recent call last):
  File "d:\Downloads\Super 30 exmples\student-result-calculator\main.py", line 78, in main
    process_student()
    ~~~~~~~~~~~~~~~^^
  File "d:\Downloads\Super 30 exmples\student-result-calculator\main.py", line 25, in process_student
    name, student_id = get_student_info()
                       ^^^^^^^^^^^^^^^^
NameError: name 'get_student_info' is not defined
2026-09-08 15:49:00,777 - ERROR - Unexpected error: name 'get_student_info' is not defined
Traceback (most recent call last):
  File "d:\Downloads\Super 30 exmples\student-result-calculator\main.py", line 78, in main
    process_student()
    ~~~~~~~~~~~~~~~^^
  File "d:\Downloads\Super 30 exmples\student-result-calculator\main.py", line 25, in process_student
    name, student_id = get_student_info()
                       ^^^^^^^^^^^^^^^^
NameError: name 'get_student_info' is not defined
2026-09-08 15:49:00,778 - ERROR - Unexpected error: name 'get_student_info' is not defined
Traceback (most recent call last):
  File "d:\Downloads\Super 30 exmples\student-result-calculator\main.py", line 78, in main
    process_student()
    ~~~~~~~~~~~~~~~^^
  File "d:\Downloads\Super 30 exmples\student-result-calculator\main.py", line 25, in process_student
    name, student_id = get_student_info()
                       ^^^^^^^^^^^^^^^^
NameError: name 'get_student_info' is not defined
2026-09-08 15:49:00,779 - ERROR - Unexpected error: name 'get_student_info' is not defined
Traceback (most recent call last):
  File "d:\Downloads\Super 30 exmples\student-result-calculator\main.py", line 78, in main
    process_student()
    ~~~~~~~~~~~~~~~^^
  File "d:\Downloads\Super 30 exmples\student-result-calculator\main.py", line 25, in process_student
    name, student_id = get_student_info()
                       ^^^^^^^^^^^^^^^^
NameError: name 'get_student_info' is not defined
2026-09-08 15:49:00,780 - ERROR - Unexpected error: name 'get_student_info' is not defined
Traceback (most recent call last):
  File "d:\Downloads\Super 30 exmples\student-result-calculator\main.py", line 78, in main
    process_student()
    ~~~~~~~~~~~~~~~^^
  File "d:\Downloads\Super 30 exmples\student-result-calculator\main.py", line 25, in process_student
    name, student_id = get_student_info()
                       ^^^^^^^^^^^^^^^^
NameError: name 'get_student_info' is not defined
2026-09-08 15:49:00,781 - ERROR - Unexpected error: name 'get_student_info' is not defined
Traceback (most recent call last):
  File "d:\Downloads\Super 30 exmples\student-result-calculator\main.py", line 78, in main
    process_student()
    ~~~~~~~~~~~~~~~^^
  File "d:\Downloads\Super 30 exmples\student-result-calculator\main.py", line 25, in process_student
    name, student_id = get_student_info()
                       ^^^^^^^^^^^^^^^^
NameError: name 'get_student_info' is not defined
2026-09-08 15:49:00,781 - ERROR - Unexpected error: name 'get_student_info' is not defined
Traceback (most recent call last):
  File "d:\Downloads\Super 30 exmples\student-result-calculator\main.py", line 78, in main
    process_student()
    ~~~~~~~~~~~~~~~^^
  File "d:\Downloads\Super 30 exmples\student-result-calculator\main.py", line 25, in process_student
    name, student_id = get_student_info()
                       ^^^^^^^^^^^^^^^^
NameError: name 'get_student_info' is not defined
2026-09-08 15:49:00,782 - ERROR - Unexpected error: name 'get_student_info' is not defined
Traceback (most recent call last):
  File "d:\Downloads\Super 30 exmples\student-result-calculator\main.py", line 78, in main
    process_student()
    ~~~~~~~~~~~~~~~^^
  File "d:\Downloads\Super 30 exmples\student-result-calculator\main.py", line 25, in process_student
    name, student_id = get_student_info()
                       ^^^^^^^^^^^^^^^^
NameError: name 'get_student_info' is not defined
2026-09-08 15:49:00,783 - ERROR - Unexpected error: name 'get_student_info' is not defined
Traceback (most recent call last):
  File "d:\Downloads\Super 30 exmples\student-result-calculator\main.py", line 78, in main
    process_student()
    ~~~~~~~~~~~~~~~^^
  File "d:\Downloads\Super 30 exmples\student-result-calculator\main.py", line 25, in process_student
    name, student_id = get_student_info()
                       ^^^^^^^^^^^^^^^^
NameError: name 'get_student_info' is not defined
2026-09-08 15:49:00,784 - ERROR - Unexpected error: name 'get_student_info' is not defined
Traceback (most recent call last):
  File "d:\Downloads\Super 30 exmples\student-result-calculator\main.py", line 78, in main
    process_student()
    ~~~~~~~~~~~~~~~^^
  File "d:\Downloads\Super 30 exmples\student-result-calculator\main.py", line 25, in process_student
    name, student_id = get_student_info()
                       ^^^^^^^^^^^^^^^^
NameError: name 'get_student_info' is not defined
2026-09-08 15:49:00,785 - ERROR - Unexpected error: name 'get_student_info' is not defined
Traceback (most recent call last):
  File "d:\Downloads\Super 30 exmples\student-result-calculator\main.py", line 78, in main
    process_student()
    ~~~~~~~~~~~~~~~^^
  File "d:\Downloads\Super 30 exmples\student-result-calculator\main.py", line 25, in process_student
    name, student_id = get_student_info()
                       ^^^^^^^^^^^^^^^^
NameError: name 'get_student_info' is not defined
2026-09-08 15:49:00,785 - ERROR - Unexpected error: name 'get_student_info' is not defined
Traceback (most recent call last):
  File "d:\Downloads\Super 30 exmples\student-result-calculator\main.py", line 78, in main
    process_student()
    ~~~~~~~~~~~~~~~^^
  File "d:\Downloads\Super 30 exmples\student-result-calculator\main.py", line 25, in process_student
    name, student_id = get_student_info()
                       ^^^^^^^^^^^^^^^^
NameError: name 'get_student_info' is not defined
2026-09-08 15:49:00,786 - ERROR - Unexpected error: name 'get_student_info' is not defined
Traceback (most recent call last):
  File "d:\Downloads\Super 30 exmples\student-result-calculator\main.py", line 78, in main
    process_student()
    ~~~~~~~~~~~~~~~^^
  File "d:\Downloads\Super 30 exmples\student-result-calculator\main.py", line 25, in process_student
    name, student_id = get_student_info()
                       ^^^^^^^^^^^^^^^^
NameError: name 'get_student_info' is not defined
2026-09-08 15:49:00,786 - ERROR - Unexpected error: name 'get_student_info' is not defined
Traceback (most recent call last):
  File "d:\Downloads\Super 30 exmples\student-result-calculator\main.py", line 78, in main
    process_student()
    ~~~~~~~~~~~~~~~^^
  File "d:\Downloads\Super 30 exmples\student-result-calculator\main.py", line 25, in process_student
    name, student_id = get_student_info()
                       ^^^^^^^^^^^^^^^^
NameError: name 'get_student_info' is not defined
2026-09-08 15:49:00,787 - ERROR - Unexpected error: name 'get_student_info' is not defined
Traceback (most recent call last):
  File "d:\Downloads\Super 30 exmples\student-result-calculator\main.py", line 78, in main
    process_student()
    ~~~~~~~~~~~~~~~^^
  File "d:\Downloads\Super 30 exmples\student-result-calculator\main.py", line 25, in process_student
    name, student_id = get_student_info()
                       ^^^^^^^^^^^^^^^^
NameError: name 'get_student_info' is not defined
2026-09-08 15:49:00,787 - ERROR - Unexpected error: name 'get_student_info' is not defined
Traceback (most recent call last):
  File "d:\Downloads\Super 30 exmples\student-result-calculator\main.py", line 78, in main
    process_student()
    ~~~~~~~~~~~~~~~^^
  File "d:\Downloads\Super 30 exmples\student-result-calculator\main.py", line 25, in process_student
    name, student_id = get_student_info()
                       ^^^^^^^^^^^^^^^^
NameError: name 'get_student_info' is not defined
2026-09-08 15:49:00,788 - ERROR - Unexpected error: name 'get_student_info' is not defined
Traceback (most recent call last):
  File "d:\Downloads\Super 30 exmples\student-result-calculator\main.py", line 78, in main
    process_student()
    ~~~~~~~~~~~~~~~^^
  File "d:\Downloads\Super 30 exmples\student-result-calculator\main.py", line 25, in process_student
    name, student_id = get_student_info()
                       ^^^^^^^^^^^^^^^^
NameError: name 'get_student_info' is not defined
2026-09-08 15:49:00,789 - ERROR - Unexpected error: name 'get_student_info' is not defined
Traceback (most recent call last):
  File "d:\Downloads\Super 30 exmples\student-result-calculator\main.py", line 78, in main
    process_student()
    ~~~~~~~~~~~~~~~^^
  File "d:\Downloads\Super 30 exmples\student-result-calculator\main.py", line 25, in process_student
    name, student_id = get_student_info()
                       ^^^^^^^^^^^^^^^^
NameError: name 'get_student_info' is not defined
2026-09-08 15:49:00,789 - ERROR - Unexpected error: name 'get_student_info' is not defined
Traceback (most recent call last):
  File "d:\Downloads\Super 30 exmples\student-result-calculator\main.py", line 78, in main
    process_student()
    ~~~~~~~~~~~~~~~^^
  File "d:\Downloads\Super 30 exmples\student-result-calculator\main.py", line 25, in process_student
    name, student_id = get_student_info()
                       ^^^^^^^^^^^^^^^^
NameError: name 'get_student_info' is not defined
2026-09-08 15:49:00,790 - ERROR - Unexpected error: name 'get_student_info' is not defined
Traceback (most recent call last):
  File "d:\Downloads\Super 30 exmples\student-result-calculator\main.py", line 78, in main
    process_student()
    ~~~~~~~~~~~~~~~^^
  File "d:\Downloads\Super 30 exmples\student-result-calculator\main.py", line 25, in process_student
    name, student_id = get_student_info()
                       ^^^^^^^^^^^^^^^^
NameError: name 'get_student_info' is not defined
2026-09-08 15:49:00,800 - ERROR - Unexpected error: name 'get_student_info' is not defined
Traceback (most recent call last):
  File "d:\Downloads\Super 30 exmples\student-result-calculator\main.py", line 78, in main
    process_student()
    ~~~~~~~~~~~~~~~^^
  File "d:\Downloads\Super 30 exmples\student-result-calculator\main.py", line 25, in process_student
    name, student_id = get_student_info()
                       ^^^^^^^^^^^^^^^^
NameError: name 'get_student_info' is not defined
2026-09-08 15:49:00,802 - ERROR - Unexpected error: name 'get_student_info' is not defined
Traceback (most recent call last):
  File "d:\Downloads\Super 30 exmples\student-result-calculator\main.py", line 78, in main
    process_student()
    ~~~~~~~~~~~~~~~^^
  File "d:\Downloads\Super 30 exmples\student-result-calculator\main.py", line 25, in process_student
    name, student_id = get_student_info()
                       ^^^^^^^^^^^^^^^^
NameError: name 'get_student_info' is not defined
2026-09-08 15:49:00,805 - ERROR - Unexpected error: name 'get_student_info' is not defined
Traceback (most recent call last):
  File "d:\Downloads\Super 30 exmples\student-result-calculator\main.py", line 78, in main
    process_student()
    ~~~~~~~~~~~~~~~^^
  File "d:\Downloads\Super 30 exmples\student-result-calculator\main.py", line 25, in process_student
    name, student_id = get_student_info()
                       ^^^^^^^^^^^^^^^^
NameError: name 'get_student_info' is not defined
2026-09-08 15:49:00,806 - ERROR - Unexpected error: name 'get_student_info' is not defined
Traceback (most recent call last):
  File "d:\Downloads\Super 30 exmples\student-result-calculator\main.py", line 78, in main
    process_student()
    ~~~~~~~~~~~~~~~^^
  File "d:\Downloads\Super 30 exmples\student-result-calculator\main.py", line 25, in process_student
    name, student_id = get_student_info()
                       ^^^^^^^^^^^^^^^^
NameError: name 'get_student_info' is not defined
2026-09-08 15:49:00,807 - ERROR - Unexpected error: name 'get_student_info' is not defined
Traceback (most recent call last):
  File "d:\Downloads\Super 30 exmples\student-result-calculator\main.py", line 78, in main
    process_student()
    ~~~~~~~~~~~~~~~^^
  File "d:\Downloads\Super 30 exmples\student-result-calculator\main.py", line 25, in process_student
    name, student_id = get_student_info()
                       ^^^^^^^^^^^^^^^^
NameError: name 'get_student_info' is not defined
2026-09-08 15:49:00,807 - ERROR - Unexpected error: name 'get_student_info' is not defined
Traceback (most recent call last):
  File "d:\Downloads\Super 30 exmples\student-result-calculator\main.py", line 78, in main
    process_student()
    ~~~~~~~~~~~~~~~^^
  File "d:\Downloads\Super 30 exmples\student-result-calculator\main.py", line 25, in process_student
    name, student_id = get_student_info()
                       ^^^^^^^^^^^^^^^^
NameError: name 'get_student_info' is not defined
2026-09-08 15:49:00,808 - ERROR - Unexpected error: name 'get_student_info' is not defined
Traceback (most recent call last):
  File "d:\Downloads\Super 30 exmples\student-result-calculator\main.py", line 78, in main
    process_student()
    ~~~~~~~~~~~~~~~^^
  File "d:\Downloads\Super 30 exmples\student-result-calculator\main.py", line 25, in process_student
    name, student_id = get_student_info()
                       ^^^^^^^^^^^^^^^^
NameError: name 'get_student_info' is not defined
2026-09-08 15:49:00,809 - ERROR - Unexpected error: name 'get_student_info' is not defined
Traceback (most recent call last):
  File "d:\Downloads\Super 30 exmples\student-result-calculator\main.py", line 78, in main
    process_student()
    ~~~~~~~~~~~~~~~^^
  File "d:\Downloads\Super 30 exmples\student-result-calculator\main.py", line 25, in process_student
    name, student_id = get_student_info()
                       ^^^^^^^^^^^^^^^^
NameError: name 'get_student_info' is not defined
2026-09-08 15:49:00,809 - ERROR - Unexpected error: name 'get_student_info' is not defined
Traceback (most recent call last):
  File "d:\Downloads\Super 30 exmples\student-result-calculator\main.py", line 78, in main
    process_student()
    ~~~~~~~~~~~~~~~^^
  File "d:\Downloads\Super 30 exmples\student-result-calculator\main.py", line 25, in process_student
    name, student_id = get_student_info()
                       ^^^^^^^^^^^^^^^^
NameError: name 'get_student_info' is not defined
2026-09-08 15:49:00,809 - ERROR - Unexpected error: name 'get_student_info' is not defined
Traceback (most recent call last):
  File "d:\Downloads\Super 30 exmples\student-result-calculator\main.py", line 78, in main
    process_student()
    ~~~~~~~~~~~~~~~^^
  File "d:\Downloads\Super 30 exmples\student-result-calculator\main.py", line 25, in process_student
    name, student_id = get_student_info()
                       ^^^^^^^^^^^^^^^^
NameError: name 'get_student_info' is not defined
2026-09-08 15:49:00,810 - ERROR - Unexpected error: name 'get_student_info' is not defined
Traceback (most recent call last):
  File "d:\Downloads\Super 30 exmples\student-result-calculator\main.py", line 78, in main
    process_student()
    ~~~~~~~~~~~~~~~^^
  File "d:\Downloads\Super 30 exmples\student-result-calculator\main.py", line 25, in process_student
    name, student_id = get_student_info()
                       ^^^^^^^^^^^^^^^^
NameError: name 'get_student_info' is not defined
2026-09-08 15:49:00,810 - ERROR - Unexpected error: name 'get_student_info' is not defined
Traceback (most recent call last):
  File "d:\Downloads\Super 30 exmples\student-result-calculator\main.py", line 78, in main
    process_student()
    ~~~~~~~~~~~~~~~^^
  File "d:\Downloads\Super 30 exmples\student-result-calculator\main.py", line 25, in process_student
    name, student_id = get_student_info()
                       ^^^^^^^^^^^^^^^^
NameError: name 'get_student_info' is not defined
2026-09-08 15:49:00,811 - ERROR - Unexpected error: name 'get_student_info' is not defined
Traceback (most recent call last):
  File "d:\Downloads\Super 30 exmples\student-result-calculator\main.py", line 78, in main
    process_student()
    ~~~~~~~~~~~~~~~^^
  File "d:\Downloads\Super 30 exmples\student-result-calculator\main.py", line 25, in process_student
    name, student_id = get_student_info()
                       ^^^^^^^^^^^^^^^^
NameError: name 'get_student_info' is not defined
2026-09-08 15:49:00,811 - ERROR - Unexpected error: name 'get_student_info' is not defined
Traceback (most recent call last):
  File "d:\Downloads\Super 30 exmples\student-result-calculator\main.py", line 78, in main
    process_student()
    ~~~~~~~~~~~~~~~^^
  File "d:\Downloads\Super 30 exmples\student-result-calculator\main.py", line 25, in process_student
    name, student_id = get_student_info()
                       ^^^^^^^^^^^^^^^^
NameError: name 'get_student_info' is not defined
2026-09-08 15:49:00,812 - ERROR - Unexpected error: name 'get_student_info' is not defined
Traceback (most recent call last):
  File "d:\Downloads\Super 30 exmples\student-result-calculator\main.py", line 78, in main
    process_student()
    ~~~~~~~~~~~~~~~^^
  File "d:\Downloads\Super 30 exmples\student-result-calculator\main.py", line 25, in process_student
    name, student_id = get_student_info()
                       ^^^^^^^^^^^^^^^^
NameError: name 'get_student_info' is not defined
2026-09-08 15:49:00,812 - ERROR - Unexpected error: name 'get_student_info' is not defined
Traceback (most recent call last):
  File "d:\Downloads\Super 30 exmples\student-result-calculator\main.py", line 78, in main
    process_student()
    ~~~~~~~~~~~~~~~^^
  File "d:\Downloads\Super 30 exmples\student-result-calculator\main.py", line 25, in process_student
    name, student_id = get_student_info()
                       ^^^^^^^^^^^^^^^^
NameError: name 'get_student_info' is not defined
2026-09-08 15:49:00,813 - ERROR - Unexpected error: name 'get_student_info' is not defined
Traceback (most recent call last):
  File "d:\Downloads\Super 30 exmples\student-result-calculator\main.py", line 78, in main
    process_student()
    ~~~~~~~~~~~~~~~^^
  File "d:\Downloads\Super 30 exmples\student-result-calculator\main.py", line 25, in process_student
    name, student_id = get_student_info()
                       ^^^^^^^^^^^^^^^^
NameError: name 'get_student_info' is not defined
2026-09-08 15:49:00,814 - ERROR - Unexpected error: name 'get_student_info' is not defined
Traceback (most recent call last):
  File "d:\Downloads\Super 30 exmples\student-result-calculator\main.py", line 78, in main
    process_student()
    ~~~~~~~~~~~~~~~^^
  File "d:\Downloads\Super 30 exmples\student-result-calculator\main.py", line 25, in process_student
    name, student_id = get_student_info()
                       ^^^^^^^^^^^^^^^^
NameError: name 'get_student_info' is not defined
2026-09-08 15:49:00,815 - ERROR - Unexpected error: name 'get_student_info' is not defined
Traceback (most recent call last):
  File "d:\Downloads\Super 30 exmples\student-result-calculator\main.py", line 78, in main
    process_student()
    ~~~~~~~~~~~~~~~^^
  File "d:\Downloads\Super 30 exmples\student-result-calculator\main.py", line 25, in process_student
    name, student_id = get_student_info()
                       ^^^^^^^^^^^^^^^^
NameError: name 'get_student_info' is not defined
2026-09-08 15:49:00,815 - ERROR - Unexpected error: name 'get_student_info' is not defined
Traceback (most recent call last):
  File "d:\Downloads\Super 30 exmples\student-result-calculator\main.py", line 78, in main
    process_student()
    ~~~~~~~~~~~~~~~^^
  File "d:\Downloads\Super 30 exmples\student-result-calculator\main.py", line 25, in process_student
    name, student_id = get_student_info()
                       ^^^^^^^^^^^^^^^^
NameError: name 'get_student_info' is not defined
2026-09-08 15:49:00,816 - ERROR - Unexpected error: name 'get_student_info' is not defined
Traceback (most recent call last):
  File "d:\Downloads\Super 30 exmples\student-result-calculator\main.py", line 78, in main
    process_student()
    ~~~~~~~~~~~~~~~^^
  File "d:\Downloads\Super 30 exmples\student-result-calculator\main.py", line 25, in process_student
    name, student_id = get_student_info()
                       ^^^^^^^^^^^^^^^^
NameError: name 'get_student_info' is not defined
2026-09-08 15:49:00,818 - ERROR - Unexpected error: name 'get_student_info' is not defined
Traceback (most recent call last):
  File "d:\Downloads\Super 30 exmples\student-result-calculator\main.py", line 78, in main
    process_student()
    ~~~~~~~~~~~~~~~^^
  File "d:\Downloads\Super 30 exmples\student-result-calculator\main.py", line 25, in process_student
    name, student_id = get_student_info()
                       ^^^^^^^^^^^^^^^^
NameError: name 'get_student_info' is not defined
2026-09-08 15:49:00,819 - ERROR - Unexpected error: name 'get_student_info' is not defined
Traceback (most recent call last):
  File "d:\Downloads\Super 30 exmples\student-result-calculator\main.py", line 78, in main
    process_student()
    ~~~~~~~~~~~~~~~^^
  File "d:\Downloads\Super 30 exmples\student-result-calculator\main.py", line 25, in process_student
    name, student_id = get_student_info()
                       ^^^^^^^^^^^^^^^^
NameError: name 'get_student_info' is not defined
2026-09-08 15:49:00,819 - ERROR - Unexpected error: name 'get_student_info' is not defined
Traceback (most recent call last):
  File "d:\Downloads\Super 30 exmples\student-result-calculator\main.py", line 78, in main
    process_student()
    ~~~~~~~~~~~~~~~^^
  File "d:\Downloads\Super 30 exmples\student-result-calculator\main.py", line 25, in process_student
    name, student_id = get_student_info()
                       ^^^^^^^^^^^^^^^^
NameError: name 'get_student_info' is not defined
2026-09-08 15:49:00,820 - ERROR - Unexpected error: name 'get_student_info' is not defined
Traceback (most recent call last):
  File "d:\Downloads\Super 30 exmples\student-result-calculator\main.py", line 78, in main
    process_student()
    ~~~~~~~~~~~~~~~^^
  File "d:\Downloads\Super 30 exmples\student-result-calculator\main.py", line 25, in process_student
    name, student_id = get_student_info()
                       ^^^^^^^^^^^^^^^^
NameError: name 'get_student_info' is not defined
2026-09-08 15:49:00,820 - ERROR - Unexpected error: name 'get_student_info' is not defined
Traceback (most recent call last):
  File "d:\Downloads\Super 30 exmples\student-result-calculator\main.py", line 78, in main
    process_student()
    ~~~~~~~~~~~~~~~^^
  File "d:\Downloads\Super 30 exmples\student-result-calculator\main.py", line 25, in process_student
    name, student_id = get_student_info()
                       ^^^^^^^^^^^^^^^^
NameError: name 'get_student_info' is not defined
2026-09-08 15:49:00,821 - ERROR - Unexpected error: name 'get_student_info' is not defined
Traceback (most recent call last):
  File "d:\Downloads\Super 30 exmples\student-result-calculator\main.py", line 78, in main
    process_student()
    ~~~~~~~~~~~~~~~^^
  File "d:\Downloads\Super 30 exmples\student-result-calculator\main.py", line 25, in process_student
    name, student_id = get_student_info()
                       ^^^^^^^^^^^^^^^^
NameError: name 'get_student_info' is not defined
2026-09-08 15:49:00,821 - ERROR - Unexpected error: name 'get_student_info' is not defined
Traceback (most recent call last):
  File "d:\Downloads\Super 30 exmples\student-result-calculator\main.py", line 78, in main
    process_student()
    ~~~~~~~~~~~~~~~^^
  File "d:\Downloads\Super 30 exmples\student-result-calculator\main.py", line 25, in process_student
    name, student_id = get_student_info()
                       ^^^^^^^^^^^^^^^^
NameError: name 'get_student_info' is not defined
2026-09-08 15:49:00,822 - ERROR - Unexpected error: name 'get_student_info' is not defined
Traceback (most recent call last):
  File "d:\Downloads\Super 30 exmples\student-result-calculator\main.py", line 78, in main
    process_student()
    ~~~~~~~~~~~~~~~^^
  File "d:\Downloads\Super 30 exmples\student-result-calculator\main.py", line 25, in process_student
    name, student_id = get_student_info()
                       ^^^^^^^^^^^^^^^^
NameError: name 'get_student_info' is not defined
2026-09-08 15:49:00,822 - ERROR - Unexpected error: name 'get_student_info' is not defined
Traceback (most recent call last):
  File "d:\Downloads\Super 30 exmples\student-result-calculator\main.py", line 78, in main
    process_student()
    ~~~~~~~~~~~~~~~^^
  File "d:\Downloads\Super 30 exmples\student-result-calculator\main.py", line 25, in process_student
    name, student_id = get_student_info()
                       ^^^^^^^^^^^^^^^^
NameError: name 'get_student_info' is not defined
2026-09-08 15:49:00,823 - ERROR - Unexpected error: name 'get_student_info' is not defined
Traceback (most recent call last):
  File "d:\Downloads\Super 30 exmples\student-result-calculator\main.py", line 78, in main
    process_student()
    ~~~~~~~~~~~~~~~^^
  File "d:\Downloads\Super 30 exmples\student-result-calculator\main.py", line 25, in process_student
    name, student_id = get_student_info()
                       ^^^^^^^^^^^^^^^^
NameError: name 'get_student_info' is not defined
2026-09-08 15:49:00,824 - ERROR - Unexpected error: name 'get_student_info' is not defined
Traceback (most recent call last):
  File "d:\Downloads\Super 30 exmples\student-result-calculator\main.py", line 78, in main
    process_student()
    ~~~~~~~~~~~~~~~^^
  File "d:\Downloads\Super 30 exmples\student-result-calculator\main.py", line 25, in process_student
    name, student_id = get_student_info()
                       ^^^^^^^^^^^^^^^^
NameError: name 'get_student_info' is not defined
2026-09-08 15:49:00,825 - ERROR - Unexpected error: name 'get_student_info' is not defined
Traceback (most recent call last):
  File "d:\Downloads\Super 30 exmples\student-result-calculator\main.py", line 78, in main
    process_student()
    ~~~~~~~~~~~~~~~^^
  File "d:\Downloads\Super 30 exmples\student-result-calculator\main.py", line 25, in process_student
    name, student_id = get_student_info()
                       ^^^^^^^^^^^^^^^^
NameError: name 'get_student_info' is not defined
2026-09-08 15:49:00,826 - ERROR - Unexpected error: name 'get_student_info' is not defined
Traceback (most recent call last):
  File "d:\Downloads\Super 30 exmples\student-result-calculator\main.py", line 78, in main
    process_student()
    ~~~~~~~~~~~~~~~^^
  File "d:\Downloads\Super 30 exmples\student-result-calculator\main.py", line 25, in process_student
    name, student_id = get_student_info()
                       ^^^^^^^^^^^^^^^^
NameError: name 'get_student_info' is not defined
2026-09-08 15:49:00,826 - ERROR - Unexpected error: name 'get_student_info' is not defined
Traceback (most recent call last):
  File "d:\Downloads\Super 30 exmples\student-result-calculator\main.py", line 78, in main
    process_student()
    ~~~~~~~~~~~~~~~^^
  File "d:\Downloads\Super 30 exmples\student-result-calculator\main.py", line 25, in process_student
    name, student_id = get_student_info()
                       ^^^^^^^^^^^^^^^^
NameError: name 'get_student_info' is not defined
2026-09-08 15:49:00,827 - ERROR - Unexpected error: name 'get_student_info' is not defined
Traceback (most recent call last):
  File "d:\Downloads\Super 30 exmples\student-result-calculator\main.py", line 78, in main
    process_student()
    ~~~~~~~~~~~~~~~^^
  File "d:\Downloads\Super 30 exmples\student-result-calculator\main.py", line 25, in process_student
    name, student_id = get_student_info()
                       ^^^^^^^^^^^^^^^^
NameError: name 'get_student_info' is not defined
2026-09-08 15:49:00,827 - ERROR - Unexpected error: name 'get_student_info' is not defined
Traceback (most recent call last):
  File "d:\Downloads\Super 30 exmples\student-result-calculator\main.py", line 78, in main
    process_student()
    ~~~~~~~~~~~~~~~^^
  File "d:\Downloads\Super 30 exmples\student-result-calculator\main.py", line 25, in process_student
    name, student_id = get_student_info()
                       ^^^^^^^^^^^^^^^^
NameError: name 'get_student_info' is not defined
2026-09-08 15:49:00,828 - ERROR - Unexpected error: name 'get_student_info' is not defined
Traceback (most recent call last):
  File "d:\Downloads\Super 30 exmples\student-result-calculator\main.py", line 78, in main
    process_student()
    ~~~~~~~~~~~~~~~^^
  File "d:\Downloads\Super 30 exmples\student-result-calculator\main.py", line 25, in process_student
    name, student_id = get_student_info()
                       ^^^^^^^^^^^^^^^^
NameError: name 'get_student_info' is not defined
2026-09-08 15:49:00,829 - ERROR - Unexpected error: name 'get_student_info' is not defined
Traceback (most recent call last):
  File "d:\Downloads\Super 30 exmples\student-result-calculator\main.py", line 78, in main
    process_student()
    ~~~~~~~~~~~~~~~^^
  File "d:\Downloads\Super 30 exmples\student-result-calculator\main.py", line 25, in process_student
    name, student_id = get_student_info()
                       ^^^^^^^^^^^^^^^^
NameError: name 'get_student_info' is not defined
2026-09-08 15:49:00,830 - ERROR - Unexpected error: name 'get_student_info' is not defined
Traceback (most recent call last):
  File "d:\Downloads\Super 30 exmples\student-result-calculator\main.py", line 78, in main
    process_student()
    ~~~~~~~~~~~~~~~^^
  File "d:\Downloads\Super 30 exmples\student-result-calculator\main.py", line 25, in process_student
    name, student_id = get_student_info()
                       ^^^^^^^^^^^^^^^^
NameError: name 'get_student_info' is not defined
2026-09-08 15:49:00,831 - ERROR - Unexpected error: name 'get_student_info' is not defined
Traceback (most recent call last):
  File "d:\Downloads\Super 30 exmples\student-result-calculator\main.py", line 78, in main
    process_student()
    ~~~~~~~~~~~~~~~^^
  File "d:\Downloads\Super 30 exmples\student-result-calculator\main.py", line 25, in process_student
    name, student_id = get_student_info()
                       ^^^^^^^^^^^^^^^^
NameError: name 'get_student_info' is not defined
2026-09-08 15:49:00,833 - ERROR - Unexpected error: name 'get_student_info' is not defined
Traceback (most recent call last):
  File "d:\Downloads\Super 30 exmples\student-result-calculator\main.py", line 78, in main
    process_student()
    ~~~~~~~~~~~~~~~^^
  File "d:\Downloads\Super 30 exmples\student-result-calculator\main.py", line 25, in process_student
    name, student_id = get_student_info()
                       ^^^^^^^^^^^^^^^^
NameError: name 'get_student_info' is not defined
2026-09-08 15:49:00,834 - ERROR - Unexpected error: name 'get_student_info' is not defined
Traceback (most recent call last):
  File "d:\Downloads\Super 30 exmples\student-result-calculator\main.py", line 78, in main
    process_student()
    ~~~~~~~~~~~~~~~^^
  File "d:\Downloads\Super 30 exmples\student-result-calculator\main.py", line 25, in process_student
    name, student_id = get_student_info()
                       ^^^^^^^^^^^^^^^^
NameError: name 'get_student_info' is not defined
2026-09-08 15:49:00,835 - ERROR - Unexpected error: name 'get_student_info' is not defined
Traceback (most recent call last):
  File "d:\Downloads\Super 30 exmples\student-result-calculator\main.py", line 78, in main
    process_student()
    ~~~~~~~~~~~~~~~^^
  File "d:\Downloads\Super 30 exmples\student-result-calculator\main.py", line 25, in process_student
    name, student_id = get_student_info()
                       ^^^^^^^^^^^^^^^^
NameError: name 'get_student_info' is not defined
2026-09-08 15:49:00,835 - ERROR - Unexpected error: name 'get_student_info' is not defined
Traceback (most recent call last):
  File "d:\Downloads\Super 30 exmples\student-result-calculator\main.py", line 78, in main
    process_student()
    ~~~~~~~~~~~~~~~^^
  File "d:\Downloads\Super 30 exmples\student-result-calculator\main.py", line 25, in process_student
    name, student_id = get_student_info()
                       ^^^^^^^^^^^^^^^^
NameError: name 'get_student_info' is not defined
2026-09-08 15:49:00,837 - ERROR - Unexpected error: name 'get_student_info' is not defined
Traceback (most recent call last):
  File "d:\Downloads\Super 30 exmples\student-result-calculator\main.py", line 78, in main
    process_student()
    ~~~~~~~~~~~~~~~^^
  File "d:\Downloads\Super 30 exmples\student-result-calculator\main.py", line 25, in process_student
    name, student_id = get_student_info()
                       ^^^^^^^^^^^^^^^^
NameError: name 'get_student_info' is not defined
2026-09-08 15:49:00,837 - ERROR - Unexpected error: name 'get_student_info' is not defined
Traceback (most recent call last):
  File "d:\Downloads\Super 30 exmples\student-result-calculator\main.py", line 78, in main
    process_student()
    ~~~~~~~~~~~~~~~^^
  File "d:\Downloads\Super 30 exmples\student-result-calculator\main.py", line 25, in process_student
    name, student_id = get_student_info()
                       ^^^^^^^^^^^^^^^^
NameError: name 'get_student_info' is not defined
2026-09-08 15:49:00,838 - ERROR - Unexpected error: name 'get_student_info' is not defined
Traceback (most recent call last):
  File "d:\Downloads\Super 30 exmples\student-result-calculator\main.py", line 78, in main
    process_student()
    ~~~~~~~~~~~~~~~^^
  File "d:\Downloads\Super 30 exmples\student-result-calculator\main.py", line 25, in process_student
    name, student_id = get_student_info()
                       ^^^^^^^^^^^^^^^^
NameError: name 'get_student_info' is not defined
2026-09-08 15:49:00,839 - ERROR - Unexpected error: name 'get_student_info' is not defined
Traceback (most recent call last):
  File "d:\Downloads\Super 30 exmples\student-result-calculator\main.py", line 78, in main
    process_student()
    ~~~~~~~~~~~~~~~^^
  File "d:\Downloads\Super 30 exmples\student-result-calculator\main.py", line 25, in process_student
    name, student_id = get_student_info()
                       ^^^^^^^^^^^^^^^^
NameError: name 'get_student_info' is not defined
2026-09-08 15:49:00,839 - ERROR - Unexpected error: name 'get_student_info' is not defined
Traceback (most recent call last):
  File "d:\Downloads\Super 30 exmples\student-result-calculator\main.py", line 78, in main
    process_student()
    ~~~~~~~~~~~~~~~^^
  File "d:\Downloads\Super 30 exmples\student-result-calculator\main.py", line 25, in process_student
    name, student_id = get_student_info()
                       ^^^^^^^^^^^^^^^^
NameError: name 'get_student_info' is not defined
2026-09-08 15:49:00,840 - ERROR - Unexpected error: name 'get_student_info' is not defined
Traceback (most recent call last):
  File "d:\Downloads\Super 30 exmples\student-result-calculator\main.py", line 78, in main
    process_student()
    ~~~~~~~~~~~~~~~^^
  File "d:\Downloads\Super 30 exmples\student-result-calculator\main.py", line 25, in process_student
    name, student_id = get_student_info()
                       ^^^^^^^^^^^^^^^^
NameError: name 'get_student_info' is not defined
2026-09-08 15:49:00,840 - ERROR - Unexpected error: name 'get_student_info' is not defined
Traceback (most recent call last):
  File "d:\Downloads\Super 30 exmples\student-result-calculator\main.py", line 78, in main
    process_student()
    ~~~~~~~~~~~~~~~^^
  File "d:\Downloads\Super 30 exmples\student-result-calculator\main.py", line 25, in process_student
    name, student_id = get_student_info()
                       ^^^^^^^^^^^^^^^^
NameError: name 'get_student_info' is not defined
2026-09-08 15:49:00,841 - ERROR - Unexpected error: name 'get_student_info' is not defined
Traceback (most recent call last):
  File "d:\Downloads\Super 30 exmples\student-result-calculator\main.py", line 78, in main
    process_student()
    ~~~~~~~~~~~~~~~^^
  File "d:\Downloads\Super 30 exmples\student-result-calculator\main.py", line 25, in process_student
    name, student_id = get_student_info()
                       ^^^^^^^^^^^^^^^^
NameError: name 'get_student_info' is not defined
2026-09-08 15:49:00,842 - ERROR - Unexpected error: name 'get_student_info' is not defined
Traceback (most recent call last):
  File "d:\Downloads\Super 30 exmples\student-result-calculator\main.py", line 78, in main
    process_student()
    ~~~~~~~~~~~~~~~^^
  File "d:\Downloads\Super 30 exmples\student-result-calculator\main.py", line 25, in process_student
    name, student_id = get_student_info()
                       ^^^^^^^^^^^^^^^^
NameError: name 'get_student_info' is not defined
2026-09-08 15:49:00,842 - ERROR - Unexpected error: name 'get_student_info' is not defined
Traceback (most recent call last):
  File "d:\Downloads\Super 30 exmples\student-result-calculator\main.py", line 78, in main
    process_student()
    ~~~~~~~~~~~~~~~^^
  File "d:\Downloads\Super 30 exmples\student-result-calculator\main.py", line 25, in process_student
    name, student_id = get_student_info()
                       ^^^^^^^^^^^^^^^^
NameError: name 'get_student_info' is not defined
2026-09-08 15:49:00,843 - ERROR - Unexpected error: name 'get_student_info' is not defined
Traceback (most recent call last):
  File "d:\Downloads\Super 30 exmples\student-result-calculator\main.py", line 78, in main
    process_student()
    ~~~~~~~~~~~~~~~^^
  File "d:\Downloads\Super 30 exmples\student-result-calculator\main.py", line 25, in process_student
    name, student_id = get_student_info()
                       ^^^^^^^^^^^^^^^^
NameError: name 'get_student_info' is not defined
2026-09-08 15:49:00,843 - ERROR - Unexpected error: name 'get_student_info' is not defined
Traceback (most recent call last):
  File "d:\Downloads\Super 30 exmples\student-result-calculator\main.py", line 78, in main
    process_student()
    ~~~~~~~~~~~~~~~^^
  File "d:\Downloads\Super 30 exmples\student-result-calculator\main.py", line 25, in process_student
    name, student_id = get_student_info()
                       ^^^^^^^^^^^^^^^^
NameError: name 'get_student_info' is not defined
2026-09-08 15:49:00,844 - ERROR - Unexpected error: name 'get_student_info' is not defined
Traceback (most recent call last):
  File "d:\Downloads\Super 30 exmples\student-result-calculator\main.py", line 78, in main
    process_student()
    ~~~~~~~~~~~~~~~^^
  File "d:\Downloads\Super 30 exmples\student-result-calculator\main.py", line 25, in process_student
    name, student_id = get_student_info()
                       ^^^^^^^^^^^^^^^^
NameError: name 'get_student_info' is not defined
2026-09-08 15:49:00,845 - ERROR - Unexpected error: name 'get_student_info' is not defined
Traceback (most recent call last):
  File "d:\Downloads\Super 30 exmples\student-result-calculator\main.py", line 78, in main
    process_student()
    ~~~~~~~~~~~~~~~^^
  File "d:\Downloads\Super 30 exmples\student-result-calculator\main.py", line 25, in process_student
    name, student_id = get_student_info()
                       ^^^^^^^^^^^^^^^^
NameError: name 'get_student_info' is not defined
2026-09-08 15:49:00,845 - ERROR - Unexpected error: name 'get_student_info' is not defined
Traceback (most recent call last):
  File "d:\Downloads\Super 30 exmples\student-result-calculator\main.py", line 78, in main
    process_student()
    ~~~~~~~~~~~~~~~^^
  File "d:\Downloads\Super 30 exmples\student-result-calculator\main.py", line 25, in process_student
    name, student_id = get_student_info()
                       ^^^^^^^^^^^^^^^^
NameError: name 'get_student_info' is not defined
2026-09-08 15:49:00,846 - ERROR - Unexpected error: name 'get_student_info' is not defined
Traceback (most recent call last):
  File "d:\Downloads\Super 30 exmples\student-result-calculator\main.py", line 78, in main
    process_student()
    ~~~~~~~~~~~~~~~^^
  File "d:\Downloads\Super 30 exmples\student-result-calculator\main.py", line 25, in process_student
    name, student_id = get_student_info()
                       ^^^^^^^^^^^^^^^^
NameError: name 'get_student_info' is not defined
2026-09-08 15:49:00,847 - ERROR - Unexpected error: name 'get_student_info' is not defined
Traceback (most recent call last):
  File "d:\Downloads\Super 30 exmples\student-result-calculator\main.py", line 78, in main
    process_student()
    ~~~~~~~~~~~~~~~^^
  File "d:\Downloads\Super 30 exmples\student-result-calculator\main.py", line 25, in process_student
    name, student_id = get_student_info()
                       ^^^^^^^^^^^^^^^^
NameError: name 'get_student_info' is not defined
2026-09-08 15:49:00,849 - ERROR - Unexpected error: name 'get_student_info' is not defined
Traceback (most recent call last):
  File "d:\Downloads\Super 30 exmples\student-result-calculator\main.py", line 78, in main
    process_student()
    ~~~~~~~~~~~~~~~^^
  File "d:\Downloads\Super 30 exmples\student-result-calculator\main.py", line 25, in process_student
    name, student_id = get_student_info()
                       ^^^^^^^^^^^^^^^^
NameError: name 'get_student_info' is not defined
2026-09-08 15:49:00,850 - ERROR - Unexpected error: name 'get_student_info' is not defined
Traceback (most recent call last):
  File "d:\Downloads\Super 30 exmples\student-result-calculator\main.py", line 78, in main
    process_student()
    ~~~~~~~~~~~~~~~^^
  File "d:\Downloads\Super 30 exmples\student-result-calculator\main.py", line 25, in process_student
    name, student_id = get_student_info()
                       ^^^^^^^^^^^^^^^^
NameError: name 'get_student_info' is not defined
2026-09-08 15:49:00,851 - ERROR - Unexpected error: name 'get_student_info' is not defined
Traceback (most recent call last):
  File "d:\Downloads\Super 30 exmples\student-result-calculator\main.py", line 78, in main
    process_student()
    ~~~~~~~~~~~~~~~^^
  File "d:\Downloads\Super 30 exmples\student-result-calculator\main.py", line 25, in process_student
    name, student_id = get_student_info()
                       ^^^^^^^^^^^^^^^^
NameError: name 'get_student_info' is not defined
2026-09-08 15:49:00,852 - ERROR - Unexpected error: name 'get_student_info' is not defined
Traceback (most recent call last):
  File "d:\Downloads\Super 30 exmples\student-result-calculator\main.py", line 78, in main
    process_student()
    ~~~~~~~~~~~~~~~^^
  File "d:\Downloads\Super 30 exmples\student-result-calculator\main.py", line 25, in process_student
    name, student_id = get_student_info()
                       ^^^^^^^^^^^^^^^^
NameError: name 'get_student_info' is not defined
2026-09-08 15:49:00,853 - ERROR - Unexpected error: name 'get_student_info' is not defined
Traceback (most recent call last):
  File "d:\Downloads\Super 30 exmples\student-result-calculator\main.py", line 78, in main
    process_student()
    ~~~~~~~~~~~~~~~^^
  File "d:\Downloads\Super 30 exmples\student-result-calculator\main.py", line 25, in process_student
    name, student_id = get_student_info()
                       ^^^^^^^^^^^^^^^^
NameError: name 'get_student_info' is not defined
2026-09-08 15:49:00,853 - ERROR - Unexpected error: name 'get_student_info' is not defined
Traceback (most recent call last):
  File "d:\Downloads\Super 30 exmples\student-result-calculator\main.py", line 78, in main
    process_student()
    ~~~~~~~~~~~~~~~^^
  File "d:\Downloads\Super 30 exmples\student-result-calculator\main.py", line 25, in process_student
    name, student_id = get_student_info()
                       ^^^^^^^^^^^^^^^^
NameError: name 'get_student_info' is not defined
2026-09-08 15:49:00,854 - ERROR - Unexpected error: name 'get_student_info' is not defined
Traceback (most recent call last):
  File "d:\Downloads\Super 30 exmples\student-result-calculator\main.py", line 78, in main
    process_student()
    ~~~~~~~~~~~~~~~^^
  File "d:\Downloads\Super 30 exmples\student-result-calculator\main.py", line 25, in process_student
    name, student_id = get_student_info()
                       ^^^^^^^^^^^^^^^^
NameError: name 'get_student_info' is not defined
2026-09-08 15:49:00,855 - ERROR - Unexpected error: name 'get_student_info' is not defined
Traceback (most recent call last):
  File "d:\Downloads\Super 30 exmples\student-result-calculator\main.py", line 78, in main
    process_student()
    ~~~~~~~~~~~~~~~^^
  File "d:\Downloads\Super 30 exmples\student-result-calculator\main.py", line 25, in process_student
    name, student_id = get_student_info()
                       ^^^^^^^^^^^^^^^^
NameError: name 'get_student_info' is not defined
2026-09-08 15:49:00,855 - ERROR - Unexpected error: name 'get_student_info' is not defined
Traceback (most recent call last):
  File "d:\Downloads\Super 30 exmples\student-result-calculator\main.py", line 78, in main
    process_student()
    ~~~~~~~~~~~~~~~^^
  File "d:\Downloads\Super 30 exmples\student-result-calculator\main.py", line 25, in process_student
    name, student_id = get_student_info()
                       ^^^^^^^^^^^^^^^^
NameError: name 'get_student_info' is not defined
2026-09-08 15:49:00,856 - ERROR - Unexpected error: name 'get_student_info' is not defined
Traceback (most recent call last):
  File "d:\Downloads\Super 30 exmples\student-result-calculator\main.py", line 78, in main
    process_student()
    ~~~~~~~~~~~~~~~^^
  File "d:\Downloads\Super 30 exmples\student-result-calculator\main.py", line 25, in process_student
    name, student_id = get_student_info()
                       ^^^^^^^^^^^^^^^^
NameError: name 'get_student_info' is not defined
2026-09-08 15:49:00,856 - ERROR - Unexpected error: name 'get_student_info' is not defined
Traceback (most recent call last):
  File "d:\Downloads\Super 30 exmples\student-result-calculator\main.py", line 78, in main
    process_student()
    ~~~~~~~~~~~~~~~^^
  File "d:\Downloads\Super 30 exmples\student-result-calculator\main.py", line 25, in process_student
    name, student_id = get_student_info()
                       ^^^^^^^^^^^^^^^^
NameError: name 'get_student_info' is not defined
2026-09-08 15:49:00,857 - ERROR - Unexpected error: name 'get_student_info' is not defined
Traceback (most recent call last):
  File "d:\Downloads\Super 30 exmples\student-result-calculator\main.py", line 78, in main
    process_student()
    ~~~~~~~~~~~~~~~^^
  File "d:\Downloads\Super 30 exmples\student-result-calculator\main.py", line 25, in process_student
    name, student_id = get_student_info()
                       ^^^^^^^^^^^^^^^^
NameError: name 'get_student_info' is not defined
2026-09-08 15:49:00,857 - ERROR - Unexpected error: name 'get_student_info' is not defined
Traceback (most recent call last):
  File "d:\Downloads\Super 30 exmples\student-result-calculator\main.py", line 78, in main
    process_student()
    ~~~~~~~~~~~~~~~^^
  File "d:\Downloads\Super 30 exmples\student-result-calculator\main.py", line 25, in process_student
    name, student_id = get_student_info()
                       ^^^^^^^^^^^^^^^^
NameError: name 'get_student_info' is not defined
2026-09-08 15:49:00,857 - ERROR - Unexpected error: name 'get_student_info' is not defined
Traceback (most recent call last):
  File "d:\Downloads\Super 30 exmples\student-result-calculator\main.py", line 78, in main
    process_student()
    ~~~~~~~~~~~~~~~^^
  File "d:\Downloads\Super 30 exmples\student-result-calculator\main.py", line 25, in process_student
    name, student_id = get_student_info()
                       ^^^^^^^^^^^^^^^^
NameError: name 'get_student_info' is not defined
2026-09-08 15:49:00,858 - ERROR - Unexpected error: name 'get_student_info' is not defined
Traceback (most recent call last):
  File "d:\Downloads\Super 30 exmples\student-result-calculator\main.py", line 78, in main
    process_student()
    ~~~~~~~~~~~~~~~^^
  File "d:\Downloads\Super 30 exmples\student-result-calculator\main.py", line 25, in process_student
    name, student_id = get_student_info()
                       ^^^^^^^^^^^^^^^^
NameError: name 'get_student_info' is not defined
2026-09-08 15:49:00,858 - ERROR - Unexpected error: name 'get_student_info' is not defined
Traceback (most recent call last):
  File "d:\Downloads\Super 30 exmples\student-result-calculator\main.py", line 78, in main
    process_student()
    ~~~~~~~~~~~~~~~^^
  File "d:\Downloads\Super 30 exmples\student-result-calculator\main.py", line 25, in process_student
    name, student_id = get_student_info()
                       ^^^^^^^^^^^^^^^^
NameError: name 'get_student_info' is not defined
2026-09-08 15:49:00,859 - ERROR - Unexpected error: name 'get_student_info' is not defined
Traceback (most recent call last):
  File "d:\Downloads\Super 30 exmples\student-result-calculator\main.py", line 78, in main
    process_student()
    ~~~~~~~~~~~~~~~^^
  File "d:\Downloads\Super 30 exmples\student-result-calculator\main.py", line 25, in process_student
    name, student_id = get_student_info()
                       ^^^^^^^^^^^^^^^^
NameError: name 'get_student_info' is not defined
2026-09-08 15:49:00,859 - ERROR - Unexpected error: name 'get_student_info' is not defined
Traceback (most recent call last):
  File "d:\Downloads\Super 30 exmples\student-result-calculator\main.py", line 78, in main
    process_student()
    ~~~~~~~~~~~~~~~^^
  File "d:\Downloads\Super 30 exmples\student-result-calculator\main.py", line 25, in process_student
    name, student_id = get_student_info()
                       ^^^^^^^^^^^^^^^^
NameError: name 'get_student_info' is not defined
2026-09-08 15:49:00,860 - ERROR - Unexpected error: name 'get_student_info' is not defined
Traceback (most recent call last):
  File "d:\Downloads\Super 30 exmples\student-result-calculator\main.py", line 78, in main
    process_student()
    ~~~~~~~~~~~~~~~^^
  File "d:\Downloads\Super 30 exmples\student-result-calculator\main.py", line 25, in process_student
    name, student_id = get_student_info()
                       ^^^^^^^^^^^^^^^^
NameError: name 'get_student_info' is not defined
2026-09-08 15:49:00,860 - ERROR - Unexpected error: name 'get_student_info' is not defined
Traceback (most recent call last):
  File "d:\Downloads\Super 30 exmples\student-result-calculator\main.py", line 78, in main
    process_student()
    ~~~~~~~~~~~~~~~^^
  File "d:\Downloads\Super 30 exmples\student-result-calculator\main.py", line 25, in process_student
    name, student_id = get_student_info()
                       ^^^^^^^^^^^^^^^^
NameError: name 'get_student_info' is not defined
2026-09-08 15:49:00,861 - ERROR - Unexpected error: name 'get_student_info' is not defined
Traceback (most recent call last):
  File "d:\Downloads\Super 30 exmples\student-result-calculator\main.py", line 78, in main
    process_student()
    ~~~~~~~~~~~~~~~^^
  File "d:\Downloads\Super 30 exmples\student-result-calculator\main.py", line 25, in process_student
    name, student_id = get_student_info()
                       ^^^^^^^^^^^^^^^^
NameError: name 'get_student_info' is not defined
2026-09-08 15:49:00,861 - ERROR - Unexpected error: name 'get_student_info' is not defined
Traceback (most recent call last):
  File "d:\Downloads\Super 30 exmples\student-result-calculator\main.py", line 78, in main
    process_student()
    ~~~~~~~~~~~~~~~^^
  File "d:\Downloads\Super 30 exmples\student-result-calculator\main.py", line 25, in process_student
    name, student_id = get_student_info()
                       ^^^^^^^^^^^^^^^^
NameError: name 'get_student_info' is not defined
2026-09-08 15:49:00,862 - ERROR - Unexpected error: name 'get_student_info' is not defined
Traceback (most recent call last):
  File "d:\Downloads\Super 30 exmples\student-result-calculator\main.py", line 78, in main
    process_student()
    ~~~~~~~~~~~~~~~^^
  File "d:\Downloads\Super 30 exmples\student-result-calculator\main.py", line 25, in process_student
    name, student_id = get_student_info()
                       ^^^^^^^^^^^^^^^^
NameError: name 'get_student_info' is not defined
2026-09-08 15:49:00,863 - ERROR - Unexpected error: name 'get_student_info' is not defined
Traceback (most recent call last):
  File "d:\Downloads\Super 30 exmples\student-result-calculator\main.py", line 78, in main
    process_student()
    ~~~~~~~~~~~~~~~^^
  File "d:\Downloads\Super 30 exmples\student-result-calculator\main.py", line 25, in process_student
    name, student_id = get_student_info()
                       ^^^^^^^^^^^^^^^^
NameError: name 'get_student_info' is not defined
2026-09-08 15:49:00,864 - ERROR - Unexpected error: name 'get_student_info' is not defined
Traceback (most recent call last):
  File "d:\Downloads\Super 30 exmples\student-result-calculator\main.py", line 78, in main
    process_student()
    ~~~~~~~~~~~~~~~^^
  File "d:\Downloads\Super 30 exmples\student-result-calculator\main.py", line 25, in process_student
    name, student_id = get_student_info()
                       ^^^^^^^^^^^^^^^^
NameError: name 'get_student_info' is not defined
2026-09-08 15:49:00,866 - ERROR - Unexpected error: name 'get_student_info' is not defined
Traceback (most recent call last):
  File "d:\Downloads\Super 30 exmples\student-result-calculator\main.py", line 78, in main
    process_student()
    ~~~~~~~~~~~~~~~^^
  File "d:\Downloads\Super 30 exmples\student-result-calculator\main.py", line 25, in process_student
    name, student_id = get_student_info()
                       ^^^^^^^^^^^^^^^^
NameError: name 'get_student_info' is not defined
2026-09-08 15:49:00,867 - ERROR - Unexpected error: name 'get_student_info' is not defined
Traceback (most recent call last):
  File "d:\Downloads\Super 30 exmples\student-result-calculator\main.py", line 78, in main
    process_student()
    ~~~~~~~~~~~~~~~^^
  File "d:\Downloads\Super 30 exmples\student-result-calculator\main.py", line 25, in process_student
    name, student_id = get_student_info()
                       ^^^^^^^^^^^^^^^^
NameError: name 'get_student_info' is not defined
2026-09-08 15:49:00,868 - ERROR - Unexpected error: name 'get_student_info' is not defined
Traceback (most recent call last):
  File "d:\Downloads\Super 30 exmples\student-result-calculator\main.py", line 78, in main
    process_student()
    ~~~~~~~~~~~~~~~^^
  File "d:\Downloads\Super 30 exmples\student-result-calculator\main.py", line 25, in process_student
    name, student_id = get_student_info()
                       ^^^^^^^^^^^^^^^^
NameError: name 'get_student_info' is not defined
2026-09-08 15:49:00,869 - ERROR - Unexpected error: name 'get_student_info' is not defined
Traceback (most recent call last):
  File "d:\Downloads\Super 30 exmples\student-result-calculator\main.py", line 78, in main
    process_student()
    ~~~~~~~~~~~~~~~^^
  File "d:\Downloads\Super 30 exmples\student-result-calculator\main.py", line 25, in process_student
    name, student_id = get_student_info()
                       ^^^^^^^^^^^^^^^^
NameError: name 'get_student_info' is not defined
2026-09-08 15:49:00,869 - ERROR - Unexpected error: name 'get_student_info' is not defined
Traceback (most recent call last):
  File "d:\Downloads\Super 30 exmples\student-result-calculator\main.py", line 78, in main
    process_student()
    ~~~~~~~~~~~~~~~^^
  File "d:\Downloads\Super 30 exmples\student-result-calculator\main.py", line 25, in process_student
    name, student_id = get_student_info()
                       ^^^^^^^^^^^^^^^^
NameError: name 'get_student_info' is not defined
2026-09-08 15:49:00,870 - ERROR - Unexpected error: name 'get_student_info' is not defined
Traceback (most recent call last):
  File "d:\Downloads\Super 30 exmples\student-result-calculator\main.py", line 78, in main
    process_student()
    ~~~~~~~~~~~~~~~^^
  File "d:\Downloads\Super 30 exmples\student-result-calculator\main.py", line 25, in process_student
    name, student_id = get_student_info()
                       ^^^^^^^^^^^^^^^^
NameError: name 'get_student_info' is not defined
2026-09-08 15:49:00,870 - ERROR - Unexpected error: name 'get_student_info' is not defined
Traceback (most recent call last):
  File "d:\Downloads\Super 30 exmples\student-result-calculator\main.py", line 78, in main
    process_student()
    ~~~~~~~~~~~~~~~^^
  File "d:\Downloads\Super 30 exmples\student-result-calculator\main.py", line 25, in process_student
    name, student_id = get_student_info()
                       ^^^^^^^^^^^^^^^^
NameError: name 'get_student_info' is not defined
2026-09-08 15:49:00,870 - ERROR - Unexpected error: name 'get_student_info' is not defined
Traceback (most recent call last):
  File "d:\Downloads\Super 30 exmples\student-result-calculator\main.py", line 78, in main
    process_student()
    ~~~~~~~~~~~~~~~^^
  File "d:\Downloads\Super 30 exmples\student-result-calculator\main.py", line 25, in process_student
    name, student_id = get_student_info()
                       ^^^^^^^^^^^^^^^^
NameError: name 'get_student_info' is not defined
2026-09-08 15:49:00,871 - ERROR - Unexpected error: name 'get_student_info' is not defined
Traceback (most recent call last):
  File "d:\Downloads\Super 30 exmples\student-result-calculator\main.py", line 78, in main
    process_student()
    ~~~~~~~~~~~~~~~^^
  File "d:\Downloads\Super 30 exmples\student-result-calculator\main.py", line 25, in process_student
    name, student_id = get_student_info()
                       ^^^^^^^^^^^^^^^^
NameError: name 'get_student_info' is not defined
2026-09-08 15:49:00,871 - ERROR - Unexpected error: name 'get_student_info' is not defined
Traceback (most recent call last):
  File "d:\Downloads\Super 30 exmples\student-result-calculator\main.py", line 78, in main
    process_student()
    ~~~~~~~~~~~~~~~^^
  File "d:\Downloads\Super 30 exmples\student-result-calculator\main.py", line 25, in process_student
    name, student_id = get_student_info()
                       ^^^^^^^^^^^^^^^^
NameError: name 'get_student_info' is not defined
2026-09-08 15:49:00,872 - ERROR - Unexpected error: name 'get_student_info' is not defined
Traceback (most recent call last):
  File "d:\Downloads\Super 30 exmples\student-result-calculator\main.py", line 78, in main
    process_student()
    ~~~~~~~~~~~~~~~^^
  File "d:\Downloads\Super 30 exmples\student-result-calculator\main.py", line 25, in process_student
    name, student_id = get_student_info()
                       ^^^^^^^^^^^^^^^^
NameError: name 'get_student_info' is not defined
2026-09-08 15:49:00,873 - ERROR - Unexpected error: name 'get_student_info' is not defined
Traceback (most recent call last):
  File "d:\Downloads\Super 30 exmples\student-result-calculator\main.py", line 78, in main
    process_student()
    ~~~~~~~~~~~~~~~^^
  File "d:\Downloads\Super 30 exmples\student-result-calculator\main.py", line 25, in process_student
    name, student_id = get_student_info()
                       ^^^^^^^^^^^^^^^^
NameError: name 'get_student_info' is not defined
2026-09-08 15:49:00,873 - ERROR - Unexpected error: name 'get_student_info' is not defined
Traceback (most recent call last):
  File "d:\Downloads\Super 30 exmples\student-result-calculator\main.py", line 78, in main
    process_student()
    ~~~~~~~~~~~~~~~^^
  File "d:\Downloads\Super 30 exmples\student-result-calculator\main.py", line 25, in process_student
    name, student_id = get_student_info()
                       ^^^^^^^^^^^^^^^^
NameError: name 'get_student_info' is not defined
2026-09-08 15:49:00,874 - ERROR - Unexpected error: name 'get_student_info' is not defined
Traceback (most recent call last):
  File "d:\Downloads\Super 30 exmples\student-result-calculator\main.py", line 78, in main
    process_student()
    ~~~~~~~~~~~~~~~^^
  File "d:\Downloads\Super 30 exmples\student-result-calculator\main.py", line 25, in process_student
    name, student_id = get_student_info()
                       ^^^^^^^^^^^^^^^^
NameError: name 'get_student_info' is not defined
2026-09-08 15:49:00,874 - ERROR - Unexpected error: name 'get_student_info' is not defined
Traceback (most recent call last):
  File "d:\Downloads\Super 30 exmples\student-result-calculator\main.py", line 78, in main
    process_student()
    ~~~~~~~~~~~~~~~^^
  File "d:\Downloads\Super 30 exmples\student-result-calculator\main.py", line 25, in process_student
    name, student_id = get_student_info()
                       ^^^^^^^^^^^^^^^^
NameError: name 'get_student_info' is not defined
2026-09-08 15:49:00,875 - ERROR - Unexpected error: name 'get_student_info' is not defined
Traceback (most recent call last):
  File "d:\Downloads\Super 30 exmples\student-result-calculator\main.py", line 78, in main
    process_student()
    ~~~~~~~~~~~~~~~^^
  File "d:\Downloads\Super 30 exmples\student-result-calculator\main.py", line 25, in process_student
    name, student_id = get_student_info()
                       ^^^^^^^^^^^^^^^^
NameError: name 'get_student_info' is not defined
2026-09-08 15:49:00,875 - ERROR - Unexpected error: name 'get_student_info' is not defined
Traceback (most recent call last):
  File "d:\Downloads\Super 30 exmples\student-result-calculator\main.py", line 78, in main
    process_student()
    ~~~~~~~~~~~~~~~^^
  File "d:\Downloads\Super 30 exmples\student-result-calculator\main.py", line 25, in process_student
    name, student_id = get_student_info()
                       ^^^^^^^^^^^^^^^^
NameError: name 'get_student_info' is not defined
2026-09-08 15:49:00,876 - ERROR - Unexpected error: name 'get_student_info' is not defined
Traceback (most recent call last):
  File "d:\Downloads\Super 30 exmples\student-result-calculator\main.py", line 78, in main
    process_student()
    ~~~~~~~~~~~~~~~^^
  File "d:\Downloads\Super 30 exmples\student-result-calculator\main.py", line 25, in process_student
    name, student_id = get_student_info()
                       ^^^^^^^^^^^^^^^^
NameError: name 'get_student_info' is not defined
2026-09-08 15:49:00,876 - ERROR - Unexpected error: name 'get_student_info' is not defined
Traceback (most recent call last):
  File "d:\Downloads\Super 30 exmples\student-result-calculator\main.py", line 78, in main
    process_student()
    ~~~~~~~~~~~~~~~^^
  File "d:\Downloads\Super 30 exmples\student-result-calculator\main.py", line 25, in process_student
    name, student_id = get_student_info()
                       ^^^^^^^^^^^^^^^^
NameError: name 'get_student_info' is not defined
2026-09-08 15:49:00,877 - ERROR - Unexpected error: name 'get_student_info' is not defined
Traceback (most recent call last):
  File "d:\Downloads\Super 30 exmples\student-result-calculator\main.py", line 78, in main
    process_student()
    ~~~~~~~~~~~~~~~^^
  File "d:\Downloads\Super 30 exmples\student-result-calculator\main.py", line 25, in process_student
    name, student_id = get_student_info()
                       ^^^^^^^^^^^^^^^^
NameError: name 'get_student_info' is not defined
2026-09-08 15:49:00,877 - ERROR - Unexpected error: name 'get_student_info' is not defined
Traceback (most recent call last):
  File "d:\Downloads\Super 30 exmples\student-result-calculator\main.py", line 78, in main
    process_student()
    ~~~~~~~~~~~~~~~^^
  File "d:\Downloads\Super 30 exmples\student-result-calculator\main.py", line 25, in process_student
    name, student_id = get_student_info()
                       ^^^^^^^^^^^^^^^^
NameError: name 'get_student_info' is not defined
2026-09-08 15:49:00,878 - ERROR - Unexpected error: name 'get_student_info' is not defined
Traceback (most recent call last):
  File "d:\Downloads\Super 30 exmples\student-result-calculator\main.py", line 78, in main
    process_student()
    ~~~~~~~~~~~~~~~^^
  File "d:\Downloads\Super 30 exmples\student-result-calculator\main.py", line 25, in process_student
    name, student_id = get_student_info()
                       ^^^^^^^^^^^^^^^^
NameError: name 'get_student_info' is not defined
2026-09-08 15:49:00,878 - ERROR - Unexpected error: name 'get_student_info' is not defined
Traceback (most recent call last):
  File "d:\Downloads\Super 30 exmples\student-result-calculator\main.py", line 78, in main
    process_student()
    ~~~~~~~~~~~~~~~^^
  File "d:\Downloads\Super 30 exmples\student-result-calculator\main.py", line 25, in process_student
    name, student_id = get_student_info()
                       ^^^^^^^^^^^^^^^^
NameError: name 'get_student_info' is not defined
2026-09-08 15:49:00,879 - ERROR - Unexpected error: name 'get_student_info' is not defined
Traceback (most recent call last):
  File "d:\Downloads\Super 30 exmples\student-result-calculator\main.py", line 78, in main
    process_student()
    ~~~~~~~~~~~~~~~^^
  File "d:\Downloads\Super 30 exmples\student-result-calculator\main.py", line 25, in process_student
    name, student_id = get_student_info()
                       ^^^^^^^^^^^^^^^^
NameError: name 'get_student_info' is not defined
2026-09-08 15:49:00,880 - ERROR - Unexpected error: name 'get_student_info' is not defined
Traceback (most recent call last):
  File "d:\Downloads\Super 30 exmples\student-result-calculator\main.py", line 78, in main
    process_student()
    ~~~~~~~~~~~~~~~^^
  File "d:\Downloads\Super 30 exmples\student-result-calculator\main.py", line 25, in process_student
    name, student_id = get_student_info()
                       ^^^^^^^^^^^^^^^^
NameError: name 'get_student_info' is not defined
2026-09-08 15:49:00,881 - ERROR - Unexpected error: name 'get_student_info' is not defined
Traceback (most recent call last):
  File "d:\Downloads\Super 30 exmples\student-result-calculator\main.py", line 78, in main
    process_student()
    ~~~~~~~~~~~~~~~^^
  File "d:\Downloads\Super 30 exmples\student-result-calculator\main.py", line 25, in process_student
    name, student_id = get_student_info()
                       ^^^^^^^^^^^^^^^^
NameError: name 'get_student_info' is not defined
2026-09-08 15:49:00,882 - ERROR - Unexpected error: name 'get_student_info' is not defined
Traceback (most recent call last):
  File "d:\Downloads\Super 30 exmples\student-result-calculator\main.py", line 78, in main
    process_student()
    ~~~~~~~~~~~~~~~^^
  File "d:\Downloads\Super 30 exmples\student-result-calculator\main.py", line 25, in process_student
    name, student_id = get_student_info()
                       ^^^^^^^^^^^^^^^^
NameError: name 'get_student_info' is not defined
2026-09-08 15:49:00,883 - ERROR - Unexpected error: name 'get_student_info' is not defined
Traceback (most recent call last):
  File "d:\Downloads\Super 30 exmples\student-result-calculator\main.py", line 78, in main
    process_student()
    ~~~~~~~~~~~~~~~^^
  File "d:\Downloads\Super 30 exmples\student-result-calculator\main.py", line 25, in process_student
    name, student_id = get_student_info()
                       ^^^^^^^^^^^^^^^^
NameError: name 'get_student_info' is not defined
2026-09-08 15:49:00,885 - ERROR - Unexpected error: name 'get_student_info' is not defined
Traceback (most recent call last):
  File "d:\Downloads\Super 30 exmples\student-result-calculator\main.py", line 78, in main
    process_student()
    ~~~~~~~~~~~~~~~^^
  File "d:\Downloads\Super 30 exmples\student-result-calculator\main.py", line 25, in process_student
    name, student_id = get_student_info()
                       ^^^^^^^^^^^^^^^^
NameError: name 'get_student_info' is not defined
2026-09-08 15:49:00,885 - ERROR - Unexpected error: name 'get_student_info' is not defined
Traceback (most recent call last):
  File "d:\Downloads\Super 30 exmples\student-result-calculator\main.py", line 78, in main
    process_student()
    ~~~~~~~~~~~~~~~^^
  File "d:\Downloads\Super 30 exmples\student-result-calculator\main.py", line 25, in process_student
    name, student_id = get_student_info()
                       ^^^^^^^^^^^^^^^^
NameError: name 'get_student_info' is not defined
2026-09-08 15:49:00,886 - ERROR - Unexpected error: name 'get_student_info' is not defined
Traceback (most recent call last):
  File "d:\Downloads\Super 30 exmples\student-result-calculator\main.py", line 78, in main
    process_student()
    ~~~~~~~~~~~~~~~^^
  File "d:\Downloads\Super 30 exmples\student-result-calculator\main.py", line 25, in process_student
    name, student_id = get_student_info()
                       ^^^^^^^^^^^^^^^^
NameError: name 'get_student_info' is not defined
2026-09-08 15:49:00,886 - ERROR - Unexpected error: name 'get_student_info' is not defined
Traceback (most recent call last):
  File "d:\Downloads\Super 30 exmples\student-result-calculator\main.py", line 78, in main
    process_student()
    ~~~~~~~~~~~~~~~^^
  File "d:\Downloads\Super 30 exmples\student-result-calculator\main.py", line 25, in process_student
    name, student_id = get_student_info()
                       ^^^^^^^^^^^^^^^^
NameError: name 'get_student_info' is not defined
2026-09-08 15:49:00,887 - ERROR - Unexpected error: name 'get_student_info' is not defined
Traceback (most recent call last):
  File "d:\Downloads\Super 30 exmples\student-result-calculator\main.py", line 78, in main
    process_student()
    ~~~~~~~~~~~~~~~^^
  File "d:\Downloads\Super 30 exmples\student-result-calculator\main.py", line 25, in process_student
    name, student_id = get_student_info()
                       ^^^^^^^^^^^^^^^^
NameError: name 'get_student_info' is not defined
2026-09-08 15:49:00,888 - ERROR - Unexpected error: name 'get_student_info' is not defined
Traceback (most recent call last):
  File "d:\Downloads\Super 30 exmples\student-result-calculator\main.py", line 78, in main
    process_student()
    ~~~~~~~~~~~~~~~^^
  File "d:\Downloads\Super 30 exmples\student-result-calculator\main.py", line 25, in process_student
    name, student_id = get_student_info()
                       ^^^^^^^^^^^^^^^^
NameError: name 'get_student_info' is not defined
2026-09-08 15:49:00,888 - ERROR - Unexpected error: name 'get_student_info' is not defined
Traceback (most recent call last):
  File "d:\Downloads\Super 30 exmples\student-result-calculator\main.py", line 78, in main
    process_student()
    ~~~~~~~~~~~~~~~^^
  File "d:\Downloads\Super 30 exmples\student-result-calculator\main.py", line 25, in process_student
    name, student_id = get_student_info()
                       ^^^^^^^^^^^^^^^^
NameError: name 'get_student_info' is not defined
2026-09-08 15:49:00,889 - ERROR - Unexpected error: name 'get_student_info' is not defined
Traceback (most recent call last):
  File "d:\Downloads\Super 30 exmples\student-result-calculator\main.py", line 78, in main
    process_student()
    ~~~~~~~~~~~~~~~^^
  File "d:\Downloads\Super 30 exmples\student-result-calculator\main.py", line 25, in process_student
    name, student_id = get_student_info()
                       ^^^^^^^^^^^^^^^^
NameError: name 'get_student_info' is not defined
2026-09-08 15:49:00,889 - ERROR - Unexpected error: name 'get_student_info' is not defined
Traceback (most recent call last):
  File "d:\Downloads\Super 30 exmples\student-result-calculator\main.py", line 78, in main
    process_student()
    ~~~~~~~~~~~~~~~^^
  File "d:\Downloads\Super 30 exmples\student-result-calculator\main.py", line 25, in process_student
    name, student_id = get_student_info()
                       ^^^^^^^^^^^^^^^^
NameError: name 'get_student_info' is not defined
2026-09-08 15:49:00,889 - ERROR - Unexpected error: name 'get_student_info' is not defined
Traceback (most recent call last):
  File "d:\Downloads\Super 30 exmples\student-result-calculator\main.py", line 78, in main
    process_student()
    ~~~~~~~~~~~~~~~^^
  File "d:\Downloads\Super 30 exmples\student-result-calculator\main.py", line 25, in process_student
    name, student_id = get_student_info()
                       ^^^^^^^^^^^^^^^^
NameError: name 'get_student_info' is not defined
2026-09-08 15:49:00,890 - ERROR - Unexpected error: name 'get_student_info' is not defined
Traceback (most recent call last):
  File "d:\Downloads\Super 30 exmples\student-result-calculator\main.py", line 78, in main
    process_student()
    ~~~~~~~~~~~~~~~^^
  File "d:\Downloads\Super 30 exmples\student-result-calculator\main.py", line 25, in process_student
    name, student_id = get_student_info()
                       ^^^^^^^^^^^^^^^^
NameError: name 'get_student_info' is not defined
2026-09-08 15:49:00,891 - ERROR - Unexpected error: name 'get_student_info' is not defined
Traceback (most recent call last):
  File "d:\Downloads\Super 30 exmples\student-result-calculator\main.py", line 78, in main
    process_student()
    ~~~~~~~~~~~~~~~^^
  File "d:\Downloads\Super 30 exmples\student-result-calculator\main.py", line 25, in process_student
    name, student_id = get_student_info()
                       ^^^^^^^^^^^^^^^^
NameError: name 'get_student_info' is not defined
2026-09-08 15:49:00,891 - ERROR - Unexpected error: name 'get_student_info' is not defined
Traceback (most recent call last):
  File "d:\Downloads\Super 30 exmples\student-result-calculator\main.py", line 78, in main
    process_student()
    ~~~~~~~~~~~~~~~^^
  File "d:\Downloads\Super 30 exmples\student-result-calculator\main.py", line 25, in process_student
    name, student_id = get_student_info()
                       ^^^^^^^^^^^^^^^^
NameError: name 'get_student_info' is not defined
2026-09-08 15:49:00,891 - ERROR - Unexpected error: name 'get_student_info' is not defined
Traceback (most recent call last):
  File "d:\Downloads\Super 30 exmples\student-result-calculator\main.py", line 78, in main
    process_student()
    ~~~~~~~~~~~~~~~^^
  File "d:\Downloads\Super 30 exmples\student-result-calculator\main.py", line 25, in process_student
    name, student_id = get_student_info()
                       ^^^^^^^^^^^^^^^^
NameError: name 'get_student_info' is not defined
2026-09-08 15:49:00,892 - ERROR - Unexpected error: name 'get_student_info' is not defined
Traceback (most recent call last):
  File "d:\Downloads\Super 30 exmples\student-result-calculator\main.py", line 78, in main
    process_student()
    ~~~~~~~~~~~~~~~^^
  File "d:\Downloads\Super 30 exmples\student-result-calculator\main.py", line 25, in process_student
    name, student_id = get_student_info()
                       ^^^^^^^^^^^^^^^^
NameError: name 'get_student_info' is not defined
2026-09-08 15:49:00,892 - ERROR - Unexpected error: name 'get_student_info' is not defined
Traceback (most recent call last):
  File "d:\Downloads\Super 30 exmples\student-result-calculator\main.py", line 78, in main
    process_student()
    ~~~~~~~~~~~~~~~^^
  File "d:\Downloads\Super 30 exmples\student-result-calculator\main.py", line 25, in process_student
    name, student_id = get_student_info()
                       ^^^^^^^^^^^^^^^^
NameError: name 'get_student_info' is not defined
2026-09-08 15:49:00,893 - ERROR - Unexpected error: name 'get_student_info' is not defined
Traceback (most recent call last):
  File "d:\Downloads\Super 30 exmples\student-result-calculator\main.py", line 78, in main
    process_student()
    ~~~~~~~~~~~~~~~^^
  File "d:\Downloads\Super 30 exmples\student-result-calculator\main.py", line 25, in process_student
    name, student_id = get_student_info()
                       ^^^^^^^^^^^^^^^^
NameError: name 'get_student_info' is not defined
2026-09-08 15:49:00,893 - ERROR - Unexpected error: name 'get_student_info' is not defined
Traceback (most recent call last):
  File "d:\Downloads\Super 30 exmples\student-result-calculator\main.py", line 78, in main
    process_student()
    ~~~~~~~~~~~~~~~^^
  File "d:\Downloads\Super 30 exmples\student-result-calculator\main.py", line 25, in process_student
    name, student_id = get_student_info()
                       ^^^^^^^^^^^^^^^^
NameError: name 'get_student_info' is not defined
2026-09-08 15:49:00,894 - ERROR - Unexpected error: name 'get_student_info' is not defined
Traceback (most recent call last):
  File "d:\Downloads\Super 30 exmples\student-result-calculator\main.py", line 78, in main
    process_student()
    ~~~~~~~~~~~~~~~^^
  File "d:\Downloads\Super 30 exmples\student-result-calculator\main.py", line 25, in process_student
    name, student_id = get_student_info()
                       ^^^^^^^^^^^^^^^^
NameError: name 'get_student_info' is not defined
2026-09-08 15:49:00,894 - ERROR - Unexpected error: name 'get_student_info' is not defined
Traceback (most recent call last):
  File "d:\Downloads\Super 30 exmples\student-result-calculator\main.py", line 78, in main
    process_student()
    ~~~~~~~~~~~~~~~^^
  File "d:\Downloads\Super 30 exmples\student-result-calculator\main.py", line 25, in process_student
    name, student_id = get_student_info()
                       ^^^^^^^^^^^^^^^^
NameError: name 'get_student_info' is not defined
2026-09-08 15:49:00,895 - ERROR - Unexpected error: name 'get_student_info' is not defined
Traceback (most recent call last):
  File "d:\Downloads\Super 30 exmples\student-result-calculator\main.py", line 78, in main
    process_student()
    ~~~~~~~~~~~~~~~^^
  File "d:\Downloads\Super 30 exmples\student-result-calculator\main.py", line 25, in process_student
    name, student_id = get_student_info()
                       ^^^^^^^^^^^^^^^^
NameError: name 'get_student_info' is not defined
2026-09-08 15:49:00,895 - ERROR - Unexpected error: name 'get_student_info' is not defined
Traceback (most recent call last):
  File "d:\Downloads\Super 30 exmples\student-result-calculator\main.py", line 78, in main
    process_student()
    ~~~~~~~~~~~~~~~^^
  File "d:\Downloads\Super 30 exmples\student-result-calculator\main.py", line 25, in process_student
    name, student_id = get_student_info()
                       ^^^^^^^^^^^^^^^^
NameError: name 'get_student_info' is not defined
2026-09-08 15:49:00,896 - ERROR - Unexpected error: name 'get_student_info' is not defined
Traceback (most recent call last):
  File "d:\Downloads\Super 30 exmples\student-result-calculator\main.py", line 78, in main
    process_student()
    ~~~~~~~~~~~~~~~^^
  File "d:\Downloads\Super 30 exmples\student-result-calculator\main.py", line 25, in process_student
    name, student_id = get_student_info()
                       ^^^^^^^^^^^^^^^^
NameError: name 'get_student_info' is not defined
2026-09-08 15:49:00,897 - ERROR - Unexpected error: name 'get_student_info' is not defined
Traceback (most recent call last):
  File "d:\Downloads\Super 30 exmples\student-result-calculator\main.py", line 78, in main
    process_student()
    ~~~~~~~~~~~~~~~^^
  File "d:\Downloads\Super 30 exmples\student-result-calculator\main.py", line 25, in process_student
    name, student_id = get_student_info()
                       ^^^^^^^^^^^^^^^^
NameError: name 'get_student_info' is not defined
2026-09-08 15:49:00,899 - ERROR - Unexpected error: name 'get_student_info' is not defined
Traceback (most recent call last):
  File "d:\Downloads\Super 30 exmples\student-result-calculator\main.py", line 78, in main
    process_student()
    ~~~~~~~~~~~~~~~^^
  File "d:\Downloads\Super 30 exmples\student-result-calculator\main.py", line 25, in process_student
    name, student_id = get_student_info()
                       ^^^^^^^^^^^^^^^^
NameError: name 'get_student_info' is not defined
2026-09-08 15:49:00,899 - ERROR - Unexpected error: name 'get_student_info' is not defined
Traceback (most recent call last):
  File "d:\Downloads\Super 30 exmples\student-result-calculator\main.py", line 78, in main
    process_student()
    ~~~~~~~~~~~~~~~^^
  File "d:\Downloads\Super 30 exmples\student-result-calculator\main.py", line 25, in process_student
    name, student_id = get_student_info()
                       ^^^^^^^^^^^^^^^^
NameError: name 'get_student_info' is not defined
2026-09-08 15:49:00,901 - ERROR - Unexpected error: name 'get_student_info' is not defined
Traceback (most recent call last):
  File "d:\Downloads\Super 30 exmples\student-result-calculator\main.py", line 78, in main
    process_student()
    ~~~~~~~~~~~~~~~^^
  File "d:\Downloads\Super 30 exmples\student-result-calculator\main.py", line 25, in process_student
    name, student_id = get_student_info()
                       ^^^^^^^^^^^^^^^^
NameError: name 'get_student_info' is not defined
2026-09-08 15:49:00,901 - ERROR - Unexpected error: name 'get_student_info' is not defined
Traceback (most recent call last):
  File "d:\Downloads\Super 30 exmples\student-result-calculator\main.py", line 78, in main
    process_student()
    ~~~~~~~~~~~~~~~^^
  File "d:\Downloads\Super 30 exmples\student-result-calculator\main.py", line 25, in process_student
    name, student_id = get_student_info()
                       ^^^^^^^^^^^^^^^^
NameError: name 'get_student_info' is not defined
2026-09-08 15:49:00,902 - ERROR - Unexpected error: name 'get_student_info' is not defined
Traceback (most recent call last):
  File "d:\Downloads\Super 30 exmples\student-result-calculator\main.py", line 78, in main
    process_student()
    ~~~~~~~~~~~~~~~^^
  File "d:\Downloads\Super 30 exmples\student-result-calculator\main.py", line 25, in process_student
    name, student_id = get_student_info()
                       ^^^^^^^^^^^^^^^^
NameError: name 'get_student_info' is not defined
2026-09-08 15:49:00,902 - ERROR - Unexpected error: name 'get_student_info' is not defined
Traceback (most recent call last):
  File "d:\Downloads\Super 30 exmples\student-result-calculator\main.py", line 78, in main
    process_student()
    ~~~~~~~~~~~~~~~^^
  File "d:\Downloads\Super 30 exmples\student-result-calculator\main.py", line 25, in process_student
    name, student_id = get_student_info()
                       ^^^^^^^^^^^^^^^^
NameError: name 'get_student_info' is not defined
2026-09-08 15:49:00,903 - ERROR - Unexpected error: name 'get_student_info' is not defined
Traceback (most recent call last):
  File "d:\Downloads\Super 30 exmples\student-result-calculator\main.py", line 78, in main
    process_student()
    ~~~~~~~~~~~~~~~^^
  File "d:\Downloads\Super 30 exmples\student-result-calculator\main.py", line 25, in process_student
    name, student_id = get_student_info()
                       ^^^^^^^^^^^^^^^^
NameError: name 'get_student_info' is not defined
2026-09-08 15:49:00,903 - ERROR - Unexpected error: name 'get_student_info' is not defined
Traceback (most recent call last):
  File "d:\Downloads\Super 30 exmples\student-result-calculator\main.py", line 78, in main
    process_student()
    ~~~~~~~~~~~~~~~^^
  File "d:\Downloads\Super 30 exmples\student-result-calculator\main.py", line 25, in process_student
    name, student_id = get_student_info()
                       ^^^^^^^^^^^^^^^^
NameError: name 'get_student_info' is not defined
2026-09-08 15:49:00,904 - ERROR - Unexpected error: name 'get_student_info' is not defined
Traceback (most recent call last):
  File "d:\Downloads\Super 30 exmples\student-result-calculator\main.py", line 78, in main
    process_student()
    ~~~~~~~~~~~~~~~^^
  File "d:\Downloads\Super 30 exmples\student-result-calculator\main.py", line 25, in process_student
    name, student_id = get_student_info()
                       ^^^^^^^^^^^^^^^^
NameError: name 'get_student_info' is not defined
2026-09-08 15:49:00,904 - ERROR - Unexpected error: name 'get_student_info' is not defined
Traceback (most recent call last):
  File "d:\Downloads\Super 30 exmples\student-result-calculator\main.py", line 78, in main
    process_student()
    ~~~~~~~~~~~~~~~^^
  File "d:\Downloads\Super 30 exmples\student-result-calculator\main.py", line 25, in process_student
    name, student_id = get_student_info()
                       ^^^^^^^^^^^^^^^^
NameError: name 'get_student_info' is not defined
2026-09-08 15:49:00,905 - ERROR - Unexpected error: name 'get_student_info' is not defined
Traceback (most recent call last):
  File "d:\Downloads\Super 30 exmples\student-result-calculator\main.py", line 78, in main
    process_student()
    ~~~~~~~~~~~~~~~^^
  File "d:\Downloads\Super 30 exmples\student-result-calculator\main.py", line 25, in process_student
    name, student_id = get_student_info()
                       ^^^^^^^^^^^^^^^^
NameError: name 'get_student_info' is not defined
2026-09-08 15:49:00,905 - ERROR - Unexpected error: name 'get_student_info' is not defined
Traceback (most recent call last):
  File "d:\Downloads\Super 30 exmples\student-result-calculator\main.py", line 78, in main
    process_student()
    ~~~~~~~~~~~~~~~^^
  File "d:\Downloads\Super 30 exmples\student-result-calculator\main.py", line 25, in process_student
    name, student_id = get_student_info()
                       ^^^^^^^^^^^^^^^^
NameError: name 'get_student_info' is not defined
2026-09-08 15:49:00,905 - ERROR - Unexpected error: name 'get_student_info' is not defined
Traceback (most recent call last):
  File "d:\Downloads\Super 30 exmples\student-result-calculator\main.py", line 78, in main
    process_student()
    ~~~~~~~~~~~~~~~^^
  File "d:\Downloads\Super 30 exmples\student-result-calculator\main.py", line 25, in process_student
    name, student_id = get_student_info()
                       ^^^^^^^^^^^^^^^^
NameError: name 'get_student_info' is not defined
2026-09-08 15:49:00,906 - ERROR - Unexpected error: name 'get_student_info' is not defined
Traceback (most recent call last):
  File "d:\Downloads\Super 30 exmples\student-result-calculator\main.py", line 78, in main
    process_student()
    ~~~~~~~~~~~~~~~^^
  File "d:\Downloads\Super 30 exmples\student-result-calculator\main.py", line 25, in process_student
    name, student_id = get_student_info()
                       ^^^^^^^^^^^^^^^^
NameError: name 'get_student_info' is not defined
2026-09-08 15:49:00,906 - ERROR - Unexpected error: name 'get_student_info' is not defined
Traceback (most recent call last):
  File "d:\Downloads\Super 30 exmples\student-result-calculator\main.py", line 78, in main
    process_student()
    ~~~~~~~~~~~~~~~^^
  File "d:\Downloads\Super 30 exmples\student-result-calculator\main.py", line 25, in process_student
    name, student_id = get_student_info()
                       ^^^^^^^^^^^^^^^^
NameError: name 'get_student_info' is not defined
2026-09-08 15:49:00,907 - ERROR - Unexpected error: name 'get_student_info' is not defined
Traceback (most recent call last):
  File "d:\Downloads\Super 30 exmples\student-result-calculator\main.py", line 78, in main
    process_student()
    ~~~~~~~~~~~~~~~^^
  File "d:\Downloads\Super 30 exmples\student-result-calculator\main.py", line 25, in process_student
    name, student_id = get_student_info()
                       ^^^^^^^^^^^^^^^^
NameError: name 'get_student_info' is not defined
2026-09-08 15:49:00,907 - ERROR - Unexpected error: name 'get_student_info' is not defined
Traceback (most recent call last):
  File "d:\Downloads\Super 30 exmples\student-result-calculator\main.py", line 78, in main
    process_student()
    ~~~~~~~~~~~~~~~^^
  File "d:\Downloads\Super 30 exmples\student-result-calculator\main.py", line 25, in process_student
    name, student_id = get_student_info()
                       ^^^^^^^^^^^^^^^^
NameError: name 'get_student_info' is not defined
2026-09-08 15:49:00,908 - ERROR - Unexpected error: name 'get_student_info' is not defined
Traceback (most recent call last):
  File "d:\Downloads\Super 30 exmples\student-result-calculator\main.py", line 78, in main
    process_student()
    ~~~~~~~~~~~~~~~^^
  File "d:\Downloads\Super 30 exmples\student-result-calculator\main.py", line 25, in process_student
    name, student_id = get_student_info()
                       ^^^^^^^^^^^^^^^^
NameError: name 'get_student_info' is not defined
2026-09-08 15:49:00,908 - ERROR - Unexpected error: name 'get_student_info' is not defined
Traceback (most recent call last):
  File "d:\Downloads\Super 30 exmples\student-result-calculator\main.py", line 78, in main
    process_student()
    ~~~~~~~~~~~~~~~^^
  File "d:\Downloads\Super 30 exmples\student-result-calculator\main.py", line 25, in process_student
    name, student_id = get_student_info()
                       ^^^^^^^^^^^^^^^^
NameError: name 'get_student_info' is not defined
2026-09-08 15:49:00,908 - ERROR - Unexpected error: name 'get_student_info' is not defined
Traceback (most recent call last):
  File "d:\Downloads\Super 30 exmples\student-result-calculator\main.py", line 78, in main
    process_student()
    ~~~~~~~~~~~~~~~^^
  File "d:\Downloads\Super 30 exmples\student-result-calculator\main.py", line 25, in process_student
    name, student_id = get_student_info()
                       ^^^^^^^^^^^^^^^^
NameError: name 'get_student_info' is not defined
2026-09-08 15:49:00,909 - ERROR - Unexpected error: name 'get_student_info' is not defined
Traceback (most recent call last):
  File "d:\Downloads\Super 30 exmples\student-result-calculator\main.py", line 78, in main
    process_student()
    ~~~~~~~~~~~~~~~^^
  File "d:\Downloads\Super 30 exmples\student-result-calculator\main.py", line 25, in process_student
    name, student_id = get_student_info()
                       ^^^^^^^^^^^^^^^^
NameError: name 'get_student_info' is not defined
2026-09-08 15:49:00,909 - ERROR - Unexpected error: name 'get_student_info' is not defined
Traceback (most recent call last):
  File "d:\Downloads\Super 30 exmples\student-result-calculator\main.py", line 78, in main
    process_student()
    ~~~~~~~~~~~~~~~^^
  File "d:\Downloads\Super 30 exmples\student-result-calculator\main.py", line 25, in process_student
    name, student_id = get_student_info()
                       ^^^^^^^^^^^^^^^^
NameError: name 'get_student_info' is not defined
2026-09-08 15:49:00,910 - ERROR - Unexpected error: name 'get_student_info' is not defined
Traceback (most recent call last):
  File "d:\Downloads\Super 30 exmples\student-result-calculator\main.py", line 78, in main
    process_student()
    ~~~~~~~~~~~~~~~^^
  File "d:\Downloads\Super 30 exmples\student-result-calculator\main.py", line 25, in process_student
    name, student_id = get_student_info()
                       ^^^^^^^^^^^^^^^^
NameError: name 'get_student_info' is not defined
2026-09-08 15:49:00,910 - ERROR - Unexpected error: name 'get_student_info' is not defined
Traceback (most recent call last):
  File "d:\Downloads\Super 30 exmples\student-result-calculator\main.py", line 78, in main
    process_student()
    ~~~~~~~~~~~~~~~^^
  File "d:\Downloads\Super 30 exmples\student-result-calculator\main.py", line 25, in process_student
    name, student_id = get_student_info()
                       ^^^^^^^^^^^^^^^^
NameError: name 'get_student_info' is not defined
2026-09-08 15:49:00,911 - ERROR - Unexpected error: name 'get_student_info' is not defined
Traceback (most recent call last):
  File "d:\Downloads\Super 30 exmples\student-result-calculator\main.py", line 78, in main
    process_student()
    ~~~~~~~~~~~~~~~^^
  File "d:\Downloads\Super 30 exmples\student-result-calculator\main.py", line 25, in process_student
    name, student_id = get_student_info()
                       ^^^^^^^^^^^^^^^^
NameError: name 'get_student_info' is not defined
2026-09-08 15:49:00,911 - ERROR - Unexpected error: name 'get_student_info' is not defined
Traceback (most recent call last):
  File "d:\Downloads\Super 30 exmples\student-result-calculator\main.py", line 78, in main
    process_student()
    ~~~~~~~~~~~~~~~^^
  File "d:\Downloads\Super 30 exmples\student-result-calculator\main.py", line 25, in process_student
    name, student_id = get_student_info()
                       ^^^^^^^^^^^^^^^^
NameError: name 'get_student_info' is not defined
2026-09-08 15:49:00,912 - ERROR - Unexpected error: name 'get_student_info' is not defined
Traceback (most recent call last):
  File "d:\Downloads\Super 30 exmples\student-result-calculator\main.py", line 78, in main
    process_student()
    ~~~~~~~~~~~~~~~^^
  File "d:\Downloads\Super 30 exmples\student-result-calculator\main.py", line 25, in process_student
    name, student_id = get_student_info()
                       ^^^^^^^^^^^^^^^^
NameError: name 'get_student_info' is not defined
2026-09-08 15:49:00,913 - ERROR - Unexpected error: name 'get_student_info' is not defined
Traceback (most recent call last):
  File "d:\Downloads\Super 30 exmples\student-result-calculator\main.py", line 78, in main
    process_student()
    ~~~~~~~~~~~~~~~^^
  File "d:\Downloads\Super 30 exmples\student-result-calculator\main.py", line 25, in process_student
    name, student_id = get_student_info()
                       ^^^^^^^^^^^^^^^^
NameError: name 'get_student_info' is not defined
2026-09-08 15:49:00,914 - ERROR - Unexpected error: name 'get_student_info' is not defined
Traceback (most recent call last):
  File "d:\Downloads\Super 30 exmples\student-result-calculator\main.py", line 78, in main
    process_student()
    ~~~~~~~~~~~~~~~^^
  File "d:\Downloads\Super 30 exmples\student-result-calculator\main.py", line 25, in process_student
    name, student_id = get_student_info()
                       ^^^^^^^^^^^^^^^^
NameError: name 'get_student_info' is not defined
2026-09-08 15:49:00,916 - ERROR - Unexpected error: name 'get_student_info' is not defined
Traceback (most recent call last):
  File "d:\Downloads\Super 30 exmples\student-result-calculator\main.py", line 78, in main
    process_student()
    ~~~~~~~~~~~~~~~^^
  File "d:\Downloads\Super 30 exmples\student-result-calculator\main.py", line 25, in process_student
    name, student_id = get_student_info()
                       ^^^^^^^^^^^^^^^^
NameError: name 'get_student_info' is not defined
2026-09-08 15:49:00,917 - ERROR - Unexpected error: name 'get_student_info' is not defined
Traceback (most recent call last):
  File "d:\Downloads\Super 30 exmples\student-result-calculator\main.py", line 78, in main
    process_student()
    ~~~~~~~~~~~~~~~^^
  File "d:\Downloads\Super 30 exmples\student-result-calculator\main.py", line 25, in process_student
    name, student_id = get_student_info()
                       ^^^^^^^^^^^^^^^^
NameError: name 'get_student_info' is not defined
2026-09-08 15:49:00,918 - ERROR - Unexpected error: name 'get_student_info' is not defined
Traceback (most recent call last):
  File "d:\Downloads\Super 30 exmples\student-result-calculator\main.py", line 78, in main
    process_student()
    ~~~~~~~~~~~~~~~^^
  File "d:\Downloads\Super 30 exmples\student-result-calculator\main.py", line 25, in process_student
    name, student_id = get_student_info()
                       ^^^^^^^^^^^^^^^^
NameError: name 'get_student_info' is not defined
2026-09-08 15:49:00,918 - ERROR - Unexpected error: name 'get_student_info' is not defined
Traceback (most recent call last):
  File "d:\Downloads\Super 30 exmples\student-result-calculator\main.py", line 78, in main
    process_student()
    ~~~~~~~~~~~~~~~^^
  File "d:\Downloads\Super 30 exmples\student-result-calculator\main.py", line 25, in process_student
    name, student_id = get_student_info()
                       ^^^^^^^^^^^^^^^^
NameError: name 'get_student_info' is not defined
2026-09-08 15:49:00,919 - ERROR - Unexpected error: name 'get_student_info' is not defined
Traceback (most recent call last):
  File "d:\Downloads\Super 30 exmples\student-result-calculator\main.py", line 78, in main
    process_student()
    ~~~~~~~~~~~~~~~^^
  File "d:\Downloads\Super 30 exmples\student-result-calculator\main.py", line 25, in process_student
    name, student_id = get_student_info()
                       ^^^^^^^^^^^^^^^^
NameError: name 'get_student_info' is not defined
2026-09-08 15:49:00,920 - ERROR - Unexpected error: name 'get_student_info' is not defined
Traceback (most recent call last):
  File "d:\Downloads\Super 30 exmples\student-result-calculator\main.py", line 78, in main
    process_student()
    ~~~~~~~~~~~~~~~^^
  File "d:\Downloads\Super 30 exmples\student-result-calculator\main.py", line 25, in process_student
    name, student_id = get_student_info()
                       ^^^^^^^^^^^^^^^^
NameError: name 'get_student_info' is not defined
2026-09-08 15:49:00,921 - ERROR - Unexpected error: name 'get_student_info' is not defined
Traceback (most recent call last):
  File "d:\Downloads\Super 30 exmples\student-result-calculator\main.py", line 78, in main
    process_student()
    ~~~~~~~~~~~~~~~^^
  File "d:\Downloads\Super 30 exmples\student-result-calculator\main.py", line 25, in process_student
    name, student_id = get_student_info()
                       ^^^^^^^^^^^^^^^^
NameError: name 'get_student_info' is not defined
2026-09-08 15:49:00,921 - ERROR - Unexpected error: name 'get_student_info' is not defined
Traceback (most recent call last):
  File "d:\Downloads\Super 30 exmples\student-result-calculator\main.py", line 78, in main
    process_student()
    ~~~~~~~~~~~~~~~^^
  File "d:\Downloads\Super 30 exmples\student-result-calculator\main.py", line 25, in process_student
    name, student_id = get_student_info()
                       ^^^^^^^^^^^^^^^^
NameError: name 'get_student_info' is not defined
2026-09-08 15:49:00,922 - ERROR - Unexpected error: name 'get_student_info' is not defined
Traceback (most recent call last):
  File "d:\Downloads\Super 30 exmples\student-result-calculator\main.py", line 78, in main
    process_student()
    ~~~~~~~~~~~~~~~^^
  File "d:\Downloads\Super 30 exmples\student-result-calculator\main.py", line 25, in process_student
    name, student_id = get_student_info()
                       ^^^^^^^^^^^^^^^^
NameError: name 'get_student_info' is not defined
2026-09-08 15:49:00,922 - ERROR - Unexpected error: name 'get_student_info' is not defined
Traceback (most recent call last):
  File "d:\Downloads\Super 30 exmples\student-result-calculator\main.py", line 78, in main
    process_student()
    ~~~~~~~~~~~~~~~^^
  File "d:\Downloads\Super 30 exmples\student-result-calculator\main.py", line 25, in process_student
    name, student_id = get_student_info()
                       ^^^^^^^^^^^^^^^^
NameError: name 'get_student_info' is not defined
2026-09-08 15:49:00,923 - ERROR - Unexpected error: name 'get_student_info' is not defined
Traceback (most recent call last):
  File "d:\Downloads\Super 30 exmples\student-result-calculator\main.py", line 78, in main
    process_student()
    ~~~~~~~~~~~~~~~^^
  File "d:\Downloads\Super 30 exmples\student-result-calculator\main.py", line 25, in process_student
    name, student_id = get_student_info()
                       ^^^^^^^^^^^^^^^^
NameError: name 'get_student_info' is not defined
2026-09-08 15:49:00,923 - ERROR - Unexpected error: name 'get_student_info' is not defined
Traceback (most recent call last):
  File "d:\Downloads\Super 30 exmples\student-result-calculator\main.py", line 78, in main
    process_student()
    ~~~~~~~~~~~~~~~^^
  File "d:\Downloads\Super 30 exmples\student-result-calculator\main.py", line 25, in process_student
    name, student_id = get_student_info()
                       ^^^^^^^^^^^^^^^^
NameError: name 'get_student_info' is not defined
2026-09-08 15:49:00,924 - ERROR - Unexpected error: name 'get_student_info' is not defined
Traceback (most recent call last):
  File "d:\Downloads\Super 30 exmples\student-result-calculator\main.py", line 78, in main
    process_student()
    ~~~~~~~~~~~~~~~^^
  File "d:\Downloads\Super 30 exmples\student-result-calculator\main.py", line 25, in process_student
    name, student_id = get_student_info()
                       ^^^^^^^^^^^^^^^^
NameError: name 'get_student_info' is not defined
2026-09-08 15:49:00,924 - ERROR - Unexpected error: name 'get_student_info' is not defined
Traceback (most recent call last):
  File "d:\Downloads\Super 30 exmples\student-result-calculator\main.py", line 78, in main
    process_student()
    ~~~~~~~~~~~~~~~^^
  File "d:\Downloads\Super 30 exmples\student-result-calculator\main.py", line 25, in process_student
    name, student_id = get_student_info()
                       ^^^^^^^^^^^^^^^^
NameError: name 'get_student_info' is not defined
2026-09-08 15:49:00,925 - ERROR - Unexpected error: name 'get_student_info' is not defined
Traceback (most recent call last):
  File "d:\Downloads\Super 30 exmples\student-result-calculator\main.py", line 78, in main
    process_student()
    ~~~~~~~~~~~~~~~^^
  File "d:\Downloads\Super 30 exmples\student-result-calculator\main.py", line 25, in process_student
    name, student_id = get_student_info()
                       ^^^^^^^^^^^^^^^^
NameError: name 'get_student_info' is not defined
2026-09-08 15:49:00,925 - ERROR - Unexpected error: name 'get_student_info' is not defined
Traceback (most recent call last):
  File "d:\Downloads\Super 30 exmples\student-result-calculator\main.py", line 78, in main
    process_student()
    ~~~~~~~~~~~~~~~^^
  File "d:\Downloads\Super 30 exmples\student-result-calculator\main.py", line 25, in process_student
    name, student_id = get_student_info()
                       ^^^^^^^^^^^^^^^^
NameError: name 'get_student_info' is not defined
2026-09-08 15:49:00,926 - ERROR - Unexpected error: name 'get_student_info' is not defined
Traceback (most recent call last):
  File "d:\Downloads\Super 30 exmples\student-result-calculator\main.py", line 78, in main
    process_student()
    ~~~~~~~~~~~~~~~^^
  File "d:\Downloads\Super 30 exmples\student-result-calculator\main.py", line 25, in process_student
    name, student_id = get_student_info()
                       ^^^^^^^^^^^^^^^^
NameError: name 'get_student_info' is not defined
2026-09-08 15:49:00,927 - ERROR - Unexpected error: name 'get_student_info' is not defined
Traceback (most recent call last):
  File "d:\Downloads\Super 30 exmples\student-result-calculator\main.py", line 78, in main
    process_student()
    ~~~~~~~~~~~~~~~^^
  File "d:\Downloads\Super 30 exmples\student-result-calculator\main.py", line 25, in process_student
    name, student_id = get_student_info()
                       ^^^^^^^^^^^^^^^^
NameError: name 'get_student_info' is not defined
2026-09-08 15:49:00,927 - ERROR - Unexpected error: name 'get_student_info' is not defined
Traceback (most recent call last):
  File "d:\Downloads\Super 30 exmples\student-result-calculator\main.py", line 78, in main
    process_student()
    ~~~~~~~~~~~~~~~^^
  File "d:\Downloads\Super 30 exmples\student-result-calculator\main.py", line 25, in process_student
    name, student_id = get_student_info()
                       ^^^^^^^^^^^^^^^^
NameError: name 'get_student_info' is not defined
2026-09-08 15:49:00,928 - ERROR - Unexpected error: name 'get_student_info' is not defined
Traceback (most recent call last):
  File "d:\Downloads\Super 30 exmples\student-result-calculator\main.py", line 78, in main
    process_student()
    ~~~~~~~~~~~~~~~^^
  File "d:\Downloads\Super 30 exmples\student-result-calculator\main.py", line 25, in process_student
    name, student_id = get_student_info()
                       ^^^^^^^^^^^^^^^^
NameError: name 'get_student_info' is not defined
2026-09-08 15:49:00,929 - ERROR - Unexpected error: name 'get_student_info' is not defined
Traceback (most recent call last):
  File "d:\Downloads\Super 30 exmples\student-result-calculator\main.py", line 78, in main
    process_student()
    ~~~~~~~~~~~~~~~^^
  File "d:\Downloads\Super 30 exmples\student-result-calculator\main.py", line 25, in process_student
    name, student_id = get_student_info()
                       ^^^^^^^^^^^^^^^^
NameError: name 'get_student_info' is not defined
2026-09-08 15:49:00,930 - ERROR - Unexpected error: name 'get_student_info' is not defined
Traceback (most recent call last):
  File "d:\Downloads\Super 30 exmples\student-result-calculator\main.py", line 78, in main
    process_student()
    ~~~~~~~~~~~~~~~^^
  File "d:\Downloads\Super 30 exmples\student-result-calculator\main.py", line 25, in process_student
    name, student_id = get_student_info()
                       ^^^^^^^^^^^^^^^^
NameError: name 'get_student_info' is not defined
2026-09-08 15:49:00,933 - ERROR - Unexpected error: name 'get_student_info' is not defined
Traceback (most recent call last):
  File "d:\Downloads\Super 30 exmples\student-result-calculator\main.py", line 78, in main
    process_student()
    ~~~~~~~~~~~~~~~^^
  File "d:\Downloads\Super 30 exmples\student-result-calculator\main.py", line 25, in process_student
    name, student_id = get_student_info()
                       ^^^^^^^^^^^^^^^^
NameError: name 'get_student_info' is not defined
2026-09-08 15:49:00,935 - ERROR - Unexpected error: name 'get_student_info' is not defined
Traceback (most recent call last):
  File "d:\Downloads\Super 30 exmples\student-result-calculator\main.py", line 78, in main
    process_student()
    ~~~~~~~~~~~~~~~^^
  File "d:\Downloads\Super 30 exmples\student-result-calculator\main.py", line 25, in process_student
    name, student_id = get_student_info()
                       ^^^^^^^^^^^^^^^^
NameError: name 'get_student_info' is not defined
2026-09-08 15:49:00,936 - ERROR - Unexpected error: name 'get_student_info' is not defined
Traceback (most recent call last):
  File "d:\Downloads\Super 30 exmples\student-result-calculator\main.py", line 78, in main
    process_student()
    ~~~~~~~~~~~~~~~^^
  File "d:\Downloads\Super 30 exmples\student-result-calculator\main.py", line 25, in process_student
    name, student_id = get_student_info()
                       ^^^^^^^^^^^^^^^^
NameError: name 'get_student_info' is not defined
2026-09-08 15:49:00,937 - ERROR - Unexpected error: name 'get_student_info' is not defined
Traceback (most recent call last):
  File "d:\Downloads\Super 30 exmples\student-result-calculator\main.py", line 78, in main
    process_student()
    ~~~~~~~~~~~~~~~^^
  File "d:\Downloads\Super 30 exmples\student-result-calculator\main.py", line 25, in process_student
    name, student_id = get_student_info()
                       ^^^^^^^^^^^^^^^^
NameError: name 'get_student_info' is not defined
2026-09-08 15:49:00,937 - ERROR - Unexpected error: name 'get_student_info' is not defined
Traceback (most recent call last):
  File "d:\Downloads\Super 30 exmples\student-result-calculator\main.py", line 78, in main
    process_student()
    ~~~~~~~~~~~~~~~^^
  File "d:\Downloads\Super 30 exmples\student-result-calculator\main.py", line 25, in process_student
    name, student_id = get_student_info()
                       ^^^^^^^^^^^^^^^^
NameError: name 'get_student_info' is not defined
2026-09-08 15:49:00,938 - ERROR - Unexpected error: name 'get_student_info' is not defined
Traceback (most recent call last):
  File "d:\Downloads\Super 30 exmples\student-result-calculator\main.py", line 78, in main
    process_student()
    ~~~~~~~~~~~~~~~^^
  File "d:\Downloads\Super 30 exmples\student-result-calculator\main.py", line 25, in process_student
    name, student_id = get_student_info()
                       ^^^^^^^^^^^^^^^^
NameError: name 'get_student_info' is not defined
2026-09-08 15:49:00,938 - ERROR - Unexpected error: name 'get_student_info' is not defined
Traceback (most recent call last):
  File "d:\Downloads\Super 30 exmples\student-result-calculator\main.py", line 78, in main
    process_student()
    ~~~~~~~~~~~~~~~^^
  File "d:\Downloads\Super 30 exmples\student-result-calculator\main.py", line 25, in process_student
    name, student_id = get_student_info()
                       ^^^^^^^^^^^^^^^^
NameError: name 'get_student_info' is not defined
2026-09-08 15:49:00,939 - ERROR - Unexpected error: name 'get_student_info' is not defined
Traceback (most recent call last):
  File "d:\Downloads\Super 30 exmples\student-result-calculator\main.py", line 78, in main
    process_student()
    ~~~~~~~~~~~~~~~^^
  File "d:\Downloads\Super 30 exmples\student-result-calculator\main.py", line 25, in process_student
    name, student_id = get_student_info()
                       ^^^^^^^^^^^^^^^^
NameError: name 'get_student_info' is not defined
2026-09-08 15:49:00,939 - ERROR - Unexpected error: name 'get_student_info' is not defined
Traceback (most recent call last):
  File "d:\Downloads\Super 30 exmples\student-result-calculator\main.py", line 78, in main
    process_student()
    ~~~~~~~~~~~~~~~^^
  File "d:\Downloads\Super 30 exmples\student-result-calculator\main.py", line 25, in process_student
    name, student_id = get_student_info()
                       ^^^^^^^^^^^^^^^^
NameError: name 'get_student_info' is not defined
2026-09-08 15:49:00,940 - ERROR - Unexpected error: name 'get_student_info' is not defined
Traceback (most recent call last):
  File "d:\Downloads\Super 30 exmples\student-result-calculator\main.py", line 78, in main
    process_student()
    ~~~~~~~~~~~~~~~^^
  File "d:\Downloads\Super 30 exmples\student-result-calculator\main.py", line 25, in process_student
    name, student_id = get_student_info()
                       ^^^^^^^^^^^^^^^^
NameError: name 'get_student_info' is not defined
2026-09-08 15:49:00,940 - ERROR - Unexpected error: name 'get_student_info' is not defined
Traceback (most recent call last):
  File "d:\Downloads\Super 30 exmples\student-result-calculator\main.py", line 78, in main
    process_student()
    ~~~~~~~~~~~~~~~^^
  File "d:\Downloads\Super 30 exmples\student-result-calculator\main.py", line 25, in process_student
    name, student_id = get_student_info()
                       ^^^^^^^^^^^^^^^^
NameError: name 'get_student_info' is not defined
2026-09-08 15:49:00,941 - ERROR - Unexpected error: name 'get_student_info' is not defined
Traceback (most recent call last):
  File "d:\Downloads\Super 30 exmples\student-result-calculator\main.py", line 78, in main
    process_student()
    ~~~~~~~~~~~~~~~^^
  File "d:\Downloads\Super 30 exmples\student-result-calculator\main.py", line 25, in process_student
    name, student_id = get_student_info()
                       ^^^^^^^^^^^^^^^^
NameError: name 'get_student_info' is not defined
2026-09-08 15:49:00,941 - ERROR - Unexpected error: name 'get_student_info' is not defined
Traceback (most recent call last):
  File "d:\Downloads\Super 30 exmples\student-result-calculator\main.py", line 78, in main
    process_student()
    ~~~~~~~~~~~~~~~^^
  File "d:\Downloads\Super 30 exmples\student-result-calculator\main.py", line 25, in process_student
    name, student_id = get_student_info()
                       ^^^^^^^^^^^^^^^^
NameError: name 'get_student_info' is not defined
2026-09-08 15:49:00,941 - ERROR - Unexpected error: name 'get_student_info' is not defined
Traceback (most recent call last):
  File "d:\Downloads\Super 30 exmples\student-result-calculator\main.py", line 78, in main
    process_student()
    ~~~~~~~~~~~~~~~^^
  File "d:\Downloads\Super 30 exmples\student-result-calculator\main.py", line 25, in process_student
    name, student_id = get_student_info()
                       ^^^^^^^^^^^^^^^^
NameError: name 'get_student_info' is not defined
2026-09-08 15:49:00,942 - ERROR - Unexpected error: name 'get_student_info' is not defined
Traceback (most recent call last):
  File "d:\Downloads\Super 30 exmples\student-result-calculator\main.py", line 78, in main
    process_student()
    ~~~~~~~~~~~~~~~^^
  File "d:\Downloads\Super 30 exmples\student-result-calculator\main.py", line 25, in process_student
    name, student_id = get_student_info()
                       ^^^^^^^^^^^^^^^^
NameError: name 'get_student_info' is not defined
2026-09-08 15:49:00,942 - ERROR - Unexpected error: name 'get_student_info' is not defined
Traceback (most recent call last):
  File "d:\Downloads\Super 30 exmples\student-result-calculator\main.py", line 78, in main
    process_student()
    ~~~~~~~~~~~~~~~^^
  File "d:\Downloads\Super 30 exmples\student-result-calculator\main.py", line 25, in process_student
    name, student_id = get_student_info()
                       ^^^^^^^^^^^^^^^^
NameError: name 'get_student_info' is not defined
2026-09-08 15:49:00,943 - ERROR - Unexpected error: name 'get_student_info' is not defined
Traceback (most recent call last):
  File "d:\Downloads\Super 30 exmples\student-result-calculator\main.py", line 78, in main
    process_student()
    ~~~~~~~~~~~~~~~^^
  File "d:\Downloads\Super 30 exmples\student-result-calculator\main.py", line 25, in process_student
    name, student_id = get_student_info()
                       ^^^^^^^^^^^^^^^^
NameError: name 'get_student_info' is not defined
2026-09-08 15:49:00,944 - ERROR - Unexpected error: name 'get_student_info' is not defined
Traceback (most recent call last):
  File "d:\Downloads\Super 30 exmples\student-result-calculator\main.py", line 78, in main
    process_student()
    ~~~~~~~~~~~~~~~^^
  File "d:\Downloads\Super 30 exmples\student-result-calculator\main.py", line 25, in process_student
    name, student_id = get_student_info()
                       ^^^^^^^^^^^^^^^^
NameError: name 'get_student_info' is not defined
2026-09-08 15:49:00,944 - ERROR - Unexpected error: name 'get_student_info' is not defined
Traceback (most recent call last):
  File "d:\Downloads\Super 30 exmples\student-result-calculator\main.py", line 78, in main
    process_student()
    ~~~~~~~~~~~~~~~^^
  File "d:\Downloads\Super 30 exmples\student-result-calculator\main.py", line 25, in process_student
    name, student_id = get_student_info()
                       ^^^^^^^^^^^^^^^^
NameError: name 'get_student_info' is not defined
2026-09-08 15:49:00,945 - ERROR - Unexpected error: name 'get_student_info' is not defined
Traceback (most recent call last):
  File "d:\Downloads\Super 30 exmples\student-result-calculator\main.py", line 78, in main
    process_student()
    ~~~~~~~~~~~~~~~^^
  File "d:\Downloads\Super 30 exmples\student-result-calculator\main.py", line 25, in process_student
    name, student_id = get_student_info()
                       ^^^^^^^^^^^^^^^^
NameError: name 'get_student_info' is not defined
2026-09-08 15:49:00,945 - ERROR - Unexpected error: name 'get_student_info' is not defined
Traceback (most recent call last):
  File "d:\Downloads\Super 30 exmples\student-result-calculator\main.py", line 78, in main
    process_student()
    ~~~~~~~~~~~~~~~^^
  File "d:\Downloads\Super 30 exmples\student-result-calculator\main.py", line 25, in process_student
    name, student_id = get_student_info()
                       ^^^^^^^^^^^^^^^^
NameError: name 'get_student_info' is not defined
2026-09-08 15:49:00,946 - ERROR - Unexpected error: name 'get_student_info' is not defined
Traceback (most recent call last):
  File "d:\Downloads\Super 30 exmples\student-result-calculator\main.py", line 78, in main
    process_student()
    ~~~~~~~~~~~~~~~^^
  File "d:\Downloads\Super 30 exmples\student-result-calculator\main.py", line 25, in process_student
    name, student_id = get_student_info()
                       ^^^^^^^^^^^^^^^^
NameError: name 'get_student_info' is not defined
2026-09-08 15:49:00,947 - ERROR - Unexpected error: name 'get_student_info' is not defined
Traceback (most recent call last):
  File "d:\Downloads\Super 30 exmples\student-result-calculator\main.py", line 78, in main
    process_student()
    ~~~~~~~~~~~~~~~^^
  File "d:\Downloads\Super 30 exmples\student-result-calculator\main.py", line 25, in process_student
    name, student_id = get_student_info()
                       ^^^^^^^^^^^^^^^^
NameError: name 'get_student_info' is not defined
2026-09-08 15:49:00,949 - ERROR - Unexpected error: name 'get_student_info' is not defined
Traceback (most recent call last):
  File "d:\Downloads\Super 30 exmples\student-result-calculator\main.py", line 78, in main
    process_student()
    ~~~~~~~~~~~~~~~^^
  File "d:\Downloads\Super 30 exmples\student-result-calculator\main.py", line 25, in process_student
    name, student_id = get_student_info()
                       ^^^^^^^^^^^^^^^^
NameError: name 'get_student_info' is not defined
2026-09-08 15:49:00,950 - ERROR - Unexpected error: name 'get_student_info' is not defined
Traceback (most recent call last):
  File "d:\Downloads\Super 30 exmples\student-result-calculator\main.py", line 78, in main
    process_student()
    ~~~~~~~~~~~~~~~^^
  File "d:\Downloads\Super 30 exmples\student-result-calculator\main.py", line 25, in process_student
    name, student_id = get_student_info()
                       ^^^^^^^^^^^^^^^^
NameError: name 'get_student_info' is not defined
2026-09-08 15:49:00,950 - ERROR - Unexpected error: name 'get_student_info' is not defined
Traceback (most recent call last):
  File "d:\Downloads\Super 30 exmples\student-result-calculator\main.py", line 78, in main
    process_student()
    ~~~~~~~~~~~~~~~^^
  File "d:\Downloads\Super 30 exmples\student-result-calculator\main.py", line 25, in process_student
    name, student_id = get_student_info()
                       ^^^^^^^^^^^^^^^^
NameError: name 'get_student_info' is not defined
2026-09-08 15:49:00,951 - ERROR - Unexpected error: name 'get_student_info' is not defined
Traceback (most recent call last):
  File "d:\Downloads\Super 30 exmples\student-result-calculator\main.py", line 78, in main
    process_student()
    ~~~~~~~~~~~~~~~^^
  File "d:\Downloads\Super 30 exmples\student-result-calculator\main.py", line 25, in process_student
    name, student_id = get_student_info()
                       ^^^^^^^^^^^^^^^^
NameError: name 'get_student_info' is not defined
2026-09-08 15:49:00,952 - ERROR - Unexpected error: name 'get_student_info' is not defined
Traceback (most recent call last):
  File "d:\Downloads\Super 30 exmples\student-result-calculator\main.py", line 78, in main
    process_student()
    ~~~~~~~~~~~~~~~^^
  File "d:\Downloads\Super 30 exmples\student-result-calculator\main.py", line 25, in process_student
    name, student_id = get_student_info()
                       ^^^^^^^^^^^^^^^^
NameError: name 'get_student_info' is not defined
2026-09-08 15:49:00,953 - ERROR - Unexpected error: name 'get_student_info' is not defined
Traceback (most recent call last):
  File "d:\Downloads\Super 30 exmples\student-result-calculator\main.py", line 78, in main
    process_student()
    ~~~~~~~~~~~~~~~^^
  File "d:\Downloads\Super 30 exmples\student-result-calculator\main.py", line 25, in process_student
    name, student_id = get_student_info()
                       ^^^^^^^^^^^^^^^^
NameError: name 'get_student_info' is not defined
2026-09-08 15:49:00,954 - ERROR - Unexpected error: name 'get_student_info' is not defined
Traceback (most recent call last):
  File "d:\Downloads\Super 30 exmples\student-result-calculator\main.py", line 78, in main
    process_student()
    ~~~~~~~~~~~~~~~^^
  File "d:\Downloads\Super 30 exmples\student-result-calculator\main.py", line 25, in process_student
    name, student_id = get_student_info()
                       ^^^^^^^^^^^^^^^^
NameError: name 'get_student_info' is not defined
2026-09-08 15:49:00,954 - ERROR - Unexpected error: name 'get_student_info' is not defined
Traceback (most recent call last):
  File "d:\Downloads\Super 30 exmples\student-result-calculator\main.py", line 78, in main
    process_student()
    ~~~~~~~~~~~~~~~^^
  File "d:\Downloads\Super 30 exmples\student-result-calculator\main.py", line 25, in process_student
    name, student_id = get_student_info()
                       ^^^^^^^^^^^^^^^^
NameError: name 'get_student_info' is not defined
2026-09-08 15:49:00,955 - ERROR - Unexpected error: name 'get_student_info' is not defined
Traceback (most recent call last):
  File "d:\Downloads\Super 30 exmples\student-result-calculator\main.py", line 78, in main
    process_student()
    ~~~~~~~~~~~~~~~^^
  File "d:\Downloads\Super 30 exmples\student-result-calculator\main.py", line 25, in process_student
    name, student_id = get_student_info()
                       ^^^^^^^^^^^^^^^^
NameError: name 'get_student_info' is not defined
2026-09-08 15:49:00,955 - ERROR - Unexpected error: name 'get_student_info' is not defined
Traceback (most recent call last):
  File "d:\Downloads\Super 30 exmples\student-result-calculator\main.py", line 78, in main
    process_student()
    ~~~~~~~~~~~~~~~^^
  File "d:\Downloads\Super 30 exmples\student-result-calculator\main.py", line 25, in process_student
    name, student_id = get_student_info()
                       ^^^^^^^^^^^^^^^^
NameError: name 'get_student_info' is not defined
2026-09-08 15:49:00,956 - ERROR - Unexpected error: name 'get_student_info' is not defined
Traceback (most recent call last):
  File "d:\Downloads\Super 30 exmples\student-result-calculator\main.py", line 78, in main
    process_student()
    ~~~~~~~~~~~~~~~^^
  File "d:\Downloads\Super 30 exmples\student-result-calculator\main.py", line 25, in process_student
    name, student_id = get_student_info()
                       ^^^^^^^^^^^^^^^^
NameError: name 'get_student_info' is not defined
2026-09-08 15:49:00,956 - ERROR - Unexpected error: name 'get_student_info' is not defined
Traceback (most recent call last):
  File "d:\Downloads\Super 30 exmples\student-result-calculator\main.py", line 78, in main
    process_student()
    ~~~~~~~~~~~~~~~^^
  File "d:\Downloads\Super 30 exmples\student-result-calculator\main.py", line 25, in process_student
    name, student_id = get_student_info()
                       ^^^^^^^^^^^^^^^^
NameError: name 'get_student_info' is not defined
2026-09-08 15:49:00,956 - ERROR - Unexpected error: name 'get_student_info' is not defined
Traceback (most recent call last):
  File "d:\Downloads\Super 30 exmples\student-result-calculator\main.py", line 78, in main
    process_student()
    ~~~~~~~~~~~~~~~^^
  File "d:\Downloads\Super 30 exmples\student-result-calculator\main.py", line 25, in process_student
    name, student_id = get_student_info()
                       ^^^^^^^^^^^^^^^^
NameError: name 'get_student_info' is not defined
2026-09-08 15:49:00,957 - ERROR - Unexpected error: name 'get_student_info' is not defined
Traceback (most recent call last):
  File "d:\Downloads\Super 30 exmples\student-result-calculator\main.py", line 78, in main
    process_student()
    ~~~~~~~~~~~~~~~^^
  File "d:\Downloads\Super 30 exmples\student-result-calculator\main.py", line 25, in process_student
    name, student_id = get_student_info()
                       ^^^^^^^^^^^^^^^^
NameError: name 'get_student_info' is not defined
2026-09-08 15:49:00,957 - ERROR - Unexpected error: name 'get_student_info' is not defined
Traceback (most recent call last):
  File "d:\Downloads\Super 30 exmples\student-result-calculator\main.py", line 78, in main
    process_student()
    ~~~~~~~~~~~~~~~^^
  File "d:\Downloads\Super 30 exmples\student-result-calculator\main.py", line 25, in process_student
    name, student_id = get_student_info()
                       ^^^^^^^^^^^^^^^^
NameError: name 'get_student_info' is not defined
2026-09-08 15:49:00,958 - ERROR - Unexpected error: name 'get_student_info' is not defined
Traceback (most recent call last):
  File "d:\Downloads\Super 30 exmples\student-result-calculator\main.py", line 78, in main
    process_student()
    ~~~~~~~~~~~~~~~^^
  File "d:\Downloads\Super 30 exmples\student-result-calculator\main.py", line 25, in process_student
    name, student_id = get_student_info()
                       ^^^^^^^^^^^^^^^^
NameError: name 'get_student_info' is not defined
2026-09-08 15:49:00,958 - ERROR - Unexpected error: name 'get_student_info' is not defined
Traceback (most recent call last):
  File "d:\Downloads\Super 30 exmples\student-result-calculator\main.py", line 78, in main
    process_student()
    ~~~~~~~~~~~~~~~^^
  File "d:\Downloads\Super 30 exmples\student-result-calculator\main.py", line 25, in process_student
    name, student_id = get_student_info()
                       ^^^^^^^^^^^^^^^^
NameError: name 'get_student_info' is not defined
2026-09-08 15:49:00,959 - ERROR - Unexpected error: name 'get_student_info' is not defined
Traceback (most recent call last):
  File "d:\Downloads\Super 30 exmples\student-result-calculator\main.py", line 78, in main
    process_student()
    ~~~~~~~~~~~~~~~^^
  File "d:\Downloads\Super 30 exmples\student-result-calculator\main.py", line 25, in process_student
    name, student_id = get_student_info()
                       ^^^^^^^^^^^^^^^^
NameError: name 'get_student_info' is not defined
2026-09-08 15:49:00,959 - ERROR - Unexpected error: name 'get_student_info' is not defined
Traceback (most recent call last):
  File "d:\Downloads\Super 30 exmples\student-result-calculator\main.py", line 78, in main
    process_student()
    ~~~~~~~~~~~~~~~^^
  File "d:\Downloads\Super 30 exmples\student-result-calculator\main.py", line 25, in process_student
    name, student_id = get_student_info()
                       ^^^^^^^^^^^^^^^^
NameError: name 'get_student_info' is not defined
2026-09-08 15:49:00,960 - ERROR - Unexpected error: name 'get_student_info' is not defined
Traceback (most recent call last):
  File "d:\Downloads\Super 30 exmples\student-result-calculator\main.py", line 78, in main
    process_student()
    ~~~~~~~~~~~~~~~^^
  File "d:\Downloads\Super 30 exmples\student-result-calculator\main.py", line 25, in process_student
    name, student_id = get_student_info()
                       ^^^^^^^^^^^^^^^^
NameError: name 'get_student_info' is not defined
2026-09-08 15:49:00,960 - ERROR - Unexpected error: name 'get_student_info' is not defined
Traceback (most recent call last):
  File "d:\Downloads\Super 30 exmples\student-result-calculator\main.py", line 78, in main
    process_student()
    ~~~~~~~~~~~~~~~^^
  File "d:\Downloads\Super 30 exmples\student-result-calculator\main.py", line 25, in process_student
    name, student_id = get_student_info()
                       ^^^^^^^^^^^^^^^^
NameError: name 'get_student_info' is not defined
2026-09-08 15:49:00,961 - ERROR - Unexpected error: name 'get_student_info' is not defined
Traceback (most recent call last):
  File "d:\Downloads\Super 30 exmples\student-result-calculator\main.py", line 78, in main
    process_student()
    ~~~~~~~~~~~~~~~^^
  File "d:\Downloads\Super 30 exmples\student-result-calculator\main.py", line 25, in process_student
    name, student_id = get_student_info()
                       ^^^^^^^^^^^^^^^^
NameError: name 'get_student_info' is not defined
2026-09-08 15:49:00,961 - ERROR - Unexpected error: name 'get_student_info' is not defined
Traceback (most recent call last):
  File "d:\Downloads\Super 30 exmples\student-result-calculator\main.py", line 78, in main
    process_student()
    ~~~~~~~~~~~~~~~^^
  File "d:\Downloads\Super 30 exmples\student-result-calculator\main.py", line 25, in process_student
    name, student_id = get_student_info()
                       ^^^^^^^^^^^^^^^^
NameError: name 'get_student_info' is not defined
2026-09-08 15:49:00,962 - ERROR - Unexpected error: name 'get_student_info' is not defined
Traceback (most recent call last):
  File "d:\Downloads\Super 30 exmples\student-result-calculator\main.py", line 78, in main
    process_student()
    ~~~~~~~~~~~~~~~^^
  File "d:\Downloads\Super 30 exmples\student-result-calculator\main.py", line 25, in process_student
    name, student_id = get_student_info()
                       ^^^^^^^^^^^^^^^^
NameError: name 'get_student_info' is not defined
2026-09-08 15:49:00,962 - ERROR - Unexpected error: name 'get_student_info' is not defined
Traceback (most recent call last):
  File "d:\Downloads\Super 30 exmples\student-result-calculator\main.py", line 78, in main
    process_student()
    ~~~~~~~~~~~~~~~^^
  File "d:\Downloads\Super 30 exmples\student-result-calculator\main.py", line 25, in process_student
    name, student_id = get_student_info()
                       ^^^^^^^^^^^^^^^^
NameError: name 'get_student_info' is not defined
2026-09-08 15:49:00,963 - ERROR - Unexpected error: name 'get_student_info' is not defined
Traceback (most recent call last):
  File "d:\Downloads\Super 30 exmples\student-result-calculator\main.py", line 78, in main
    process_student()
    ~~~~~~~~~~~~~~~^^
  File "d:\Downloads\Super 30 exmples\student-result-calculator\main.py", line 25, in process_student
    name, student_id = get_student_info()
                       ^^^^^^^^^^^^^^^^
NameError: name 'get_student_info' is not defined
2026-09-08 15:49:00,964 - ERROR - Unexpected error: name 'get_student_info' is not defined
Traceback (most recent call last):
  File "d:\Downloads\Super 30 exmples\student-result-calculator\main.py", line 78, in main
    process_student()
    ~~~~~~~~~~~~~~~^^
  File "d:\Downloads\Super 30 exmples\student-result-calculator\main.py", line 25, in process_student
    name, student_id = get_student_info()
                       ^^^^^^^^^^^^^^^^
NameError: name 'get_student_info' is not defined
2026-09-08 15:49:00,964 - ERROR - Unexpected error: name 'get_student_info' is not defined
Traceback (most recent call last):
  File "d:\Downloads\Super 30 exmples\student-result-calculator\main.py", line 78, in main
    process_student()
    ~~~~~~~~~~~~~~~^^
  File "d:\Downloads\Super 30 exmples\student-result-calculator\main.py", line 25, in process_student
    name, student_id = get_student_info()
                       ^^^^^^^^^^^^^^^^
NameError: name 'get_student_info' is not defined
2026-09-08 15:49:00,965 - ERROR - Unexpected error: name 'get_student_info' is not defined
Traceback (most recent call last):
  File "d:\Downloads\Super 30 exmples\student-result-calculator\main.py", line 78, in main
    process_student()
    ~~~~~~~~~~~~~~~^^
  File "d:\Downloads\Super 30 exmples\student-result-calculator\main.py", line 25, in process_student
    name, student_id = get_student_info()
                       ^^^^^^^^^^^^^^^^
NameError: name 'get_student_info' is not defined
2026-09-08 15:49:00,967 - ERROR - Unexpected error: name 'get_student_info' is not defined
Traceback (most recent call last):
  File "d:\Downloads\Super 30 exmples\student-result-calculator\main.py", line 78, in main
    process_student()
    ~~~~~~~~~~~~~~~^^
  File "d:\Downloads\Super 30 exmples\student-result-calculator\main.py", line 25, in process_student
    name, student_id = get_student_info()
                       ^^^^^^^^^^^^^^^^
NameError: name 'get_student_info' is not defined
2026-09-08 15:49:00,968 - ERROR - Unexpected error: name 'get_student_info' is not defined
Traceback (most recent call last):
  File "d:\Downloads\Super 30 exmples\student-result-calculator\main.py", line 78, in main
    process_student()
    ~~~~~~~~~~~~~~~^^
  File "d:\Downloads\Super 30 exmples\student-result-calculator\main.py", line 25, in process_student
    name, student_id = get_student_info()
                       ^^^^^^^^^^^^^^^^
NameError: name 'get_student_info' is not defined
2026-09-08 15:49:00,969 - ERROR - Unexpected error: name 'get_student_info' is not defined
Traceback (most recent call last):
  File "d:\Downloads\Super 30 exmples\student-result-calculator\main.py", line 78, in main
    process_student()
    ~~~~~~~~~~~~~~~^^
  File "d:\Downloads\Super 30 exmples\student-result-calculator\main.py", line 25, in process_student
    name, student_id = get_student_info()
                       ^^^^^^^^^^^^^^^^
NameError: name 'get_student_info' is not defined
2026-09-08 15:49:00,970 - ERROR - Unexpected error: name 'get_student_info' is not defined
Traceback (most recent call last):
  File "d:\Downloads\Super 30 exmples\student-result-calculator\main.py", line 78, in main
    process_student()
    ~~~~~~~~~~~~~~~^^
  File "d:\Downloads\Super 30 exmples\student-result-calculator\main.py", line 25, in process_student
    name, student_id = get_student_info()
                       ^^^^^^^^^^^^^^^^
NameError: name 'get_student_info' is not defined
2026-09-08 15:49:00,971 - ERROR - Unexpected error: name 'get_student_info' is not defined
Traceback (most recent call last):
  File "d:\Downloads\Super 30 exmples\student-result-calculator\main.py", line 78, in main
    process_student()
    ~~~~~~~~~~~~~~~^^
  File "d:\Downloads\Super 30 exmples\student-result-calculator\main.py", line 25, in process_student
    name, student_id = get_student_info()
                       ^^^^^^^^^^^^^^^^
NameError: name 'get_student_info' is not defined
2026-09-08 15:49:00,971 - ERROR - Unexpected error: name 'get_student_info' is not defined
Traceback (most recent call last):
  File "d:\Downloads\Super 30 exmples\student-result-calculator\main.py", line 78, in main
    process_student()
    ~~~~~~~~~~~~~~~^^
  File "d:\Downloads\Super 30 exmples\student-result-calculator\main.py", line 25, in process_student
    name, student_id = get_student_info()
                       ^^^^^^^^^^^^^^^^
NameError: name 'get_student_info' is not defined
2026-09-08 15:49:00,972 - ERROR - Unexpected error: name 'get_student_info' is not defined
Traceback (most recent call last):
  File "d:\Downloads\Super 30 exmples\student-result-calculator\main.py", line 78, in main
    process_student()
    ~~~~~~~~~~~~~~~^^
  File "d:\Downloads\Super 30 exmples\student-result-calculator\main.py", line 25, in process_student
    name, student_id = get_student_info()
                       ^^^^^^^^^^^^^^^^
NameError: name 'get_student_info' is not defined
2026-09-08 15:49:00,972 - ERROR - Unexpected error: name 'get_student_info' is not defined
Traceback (most recent call last):
  File "d:\Downloads\Super 30 exmples\student-result-calculator\main.py", line 78, in main
    process_student()
    ~~~~~~~~~~~~~~~^^
  File "d:\Downloads\Super 30 exmples\student-result-calculator\main.py", line 25, in process_student
    name, student_id = get_student_info()
                       ^^^^^^^^^^^^^^^^
NameError: name 'get_student_info' is not defined
2026-09-08 15:49:00,973 - ERROR - Unexpected error: name 'get_student_info' is not defined
Traceback (most recent call last):
  File "d:\Downloads\Super 30 exmples\student-result-calculator\main.py", line 78, in main
    process_student()
    ~~~~~~~~~~~~~~~^^
  File "d:\Downloads\Super 30 exmples\student-result-calculator\main.py", line 25, in process_student
    name, student_id = get_student_info()
                       ^^^^^^^^^^^^^^^^
NameError: name 'get_student_info' is not defined
2026-09-08 15:49:00,973 - ERROR - Unexpected error: name 'get_student_info' is not defined
Traceback (most recent call last):
  File "d:\Downloads\Super 30 exmples\student-result-calculator\main.py", line 78, in main
    process_student()
    ~~~~~~~~~~~~~~~^^
  File "d:\Downloads\Super 30 exmples\student-result-calculator\main.py", line 25, in process_student
    name, student_id = get_student_info()
                       ^^^^^^^^^^^^^^^^
NameError: name 'get_student_info' is not defined
2026-09-08 15:49:00,973 - ERROR - Unexpected error: name 'get_student_info' is not defined
Traceback (most recent call last):
  File "d:\Downloads\Super 30 exmples\student-result-calculator\main.py", line 78, in main
    process_student()
    ~~~~~~~~~~~~~~~^^
  File "d:\Downloads\Super 30 exmples\student-result-calculator\main.py", line 25, in process_student
    name, student_id = get_student_info()
                       ^^^^^^^^^^^^^^^^
NameError: name 'get_student_info' is not defined
2026-09-08 15:49:00,974 - ERROR - Unexpected error: name 'get_student_info' is not defined
Traceback (most recent call last):
  File "d:\Downloads\Super 30 exmples\student-result-calculator\main.py", line 78, in main
    process_student()
    ~~~~~~~~~~~~~~~^^
  File "d:\Downloads\Super 30 exmples\student-result-calculator\main.py", line 25, in process_student
    name, student_id = get_student_info()
                       ^^^^^^^^^^^^^^^^
NameError: name 'get_student_info' is not defined
2026-09-08 15:49:00,974 - ERROR - Unexpected error: name 'get_student_info' is not defined
Traceback (most recent call last):
  File "d:\Downloads\Super 30 exmples\student-result-calculator\main.py", line 78, in main
    process_student()
    ~~~~~~~~~~~~~~~^^
  File "d:\Downloads\Super 30 exmples\student-result-calculator\main.py", line 25, in process_student
    name, student_id = get_student_info()
                       ^^^^^^^^^^^^^^^^
NameError: name 'get_student_info' is not defined
2026-09-08 15:49:00,975 - ERROR - Unexpected error: name 'get_student_info' is not defined
Traceback (most recent call last):
  File "d:\Downloads\Super 30 exmples\student-result-calculator\main.py", line 78, in main
    process_student()
    ~~~~~~~~~~~~~~~^^
  File "d:\Downloads\Super 30 exmples\student-result-calculator\main.py", line 25, in process_student
    name, student_id = get_student_info()
                       ^^^^^^^^^^^^^^^^
NameError: name 'get_student_info' is not defined
2026-09-08 15:49:00,975 - ERROR - Unexpected error: name 'get_student_info' is not defined
Traceback (most recent call last):
  File "d:\Downloads\Super 30 exmples\student-result-calculator\main.py", line 78, in main
    process_student()
    ~~~~~~~~~~~~~~~^^
  File "d:\Downloads\Super 30 exmples\student-result-calculator\main.py", line 25, in process_student
    name, student_id = get_student_info()
                       ^^^^^^^^^^^^^^^^
NameError: name 'get_student_info' is not defined
2026-09-08 15:49:00,976 - ERROR - Unexpected error: name 'get_student_info' is not defined
Traceback (most recent call last):
  File "d:\Downloads\Super 30 exmples\student-result-calculator\main.py", line 78, in main
    process_student()
    ~~~~~~~~~~~~~~~^^
  File "d:\Downloads\Super 30 exmples\student-result-calculator\main.py", line 25, in process_student
    name, student_id = get_student_info()
                       ^^^^^^^^^^^^^^^^
NameError: name 'get_student_info' is not defined
2026-09-08 15:49:00,976 - ERROR - Unexpected error: name 'get_student_info' is not defined
Traceback (most recent call last):
  File "d:\Downloads\Super 30 exmples\student-result-calculator\main.py", line 78, in main
    process_student()
    ~~~~~~~~~~~~~~~^^
  File "d:\Downloads\Super 30 exmples\student-result-calculator\main.py", line 25, in process_student
    name, student_id = get_student_info()
                       ^^^^^^^^^^^^^^^^
NameError: name 'get_student_info' is not defined
2026-09-08 15:49:00,977 - ERROR - Unexpected error: name 'get_student_info' is not defined
Traceback (most recent call last):
  File "d:\Downloads\Super 30 exmples\student-result-calculator\main.py", line 78, in main
    process_student()
    ~~~~~~~~~~~~~~~^^
  File "d:\Downloads\Super 30 exmples\student-result-calculator\main.py", line 25, in process_student
    name, student_id = get_student_info()
                       ^^^^^^^^^^^^^^^^
NameError: name 'get_student_info' is not defined
2026-09-08 15:49:00,977 - ERROR - Unexpected error: name 'get_student_info' is not defined
Traceback (most recent call last):
  File "d:\Downloads\Super 30 exmples\student-result-calculator\main.py", line 78, in main
    process_student()
    ~~~~~~~~~~~~~~~^^
  File "d:\Downloads\Super 30 exmples\student-result-calculator\main.py", line 25, in process_student
    name, student_id = get_student_info()
                       ^^^^^^^^^^^^^^^^
NameError: name 'get_student_info' is not defined
2026-09-08 15:49:00,978 - ERROR - Unexpected error: name 'get_student_info' is not defined
Traceback (most recent call last):
  File "d:\Downloads\Super 30 exmples\student-result-calculator\main.py", line 78, in main
    process_student()
    ~~~~~~~~~~~~~~~^^
  File "d:\Downloads\Super 30 exmples\student-result-calculator\main.py", line 25, in process_student
    name, student_id = get_student_info()
                       ^^^^^^^^^^^^^^^^
NameError: name 'get_student_info' is not defined
2026-09-08 15:49:00,978 - ERROR - Unexpected error: name 'get_student_info' is not defined
Traceback (most recent call last):
  File "d:\Downloads\Super 30 exmples\student-result-calculator\main.py", line 78, in main
    process_student()
    ~~~~~~~~~~~~~~~^^
  File "d:\Downloads\Super 30 exmples\student-result-calculator\main.py", line 25, in process_student
    name, student_id = get_student_info()
                       ^^^^^^^^^^^^^^^^
NameError: name 'get_student_info' is not defined
2026-09-08 15:49:00,979 - ERROR - Unexpected error: name 'get_student_info' is not defined
Traceback (most recent call last):
  File "d:\Downloads\Super 30 exmples\student-result-calculator\main.py", line 78, in main
    process_student()
    ~~~~~~~~~~~~~~~^^
  File "d:\Downloads\Super 30 exmples\student-result-calculator\main.py", line 25, in process_student
    name, student_id = get_student_info()
                       ^^^^^^^^^^^^^^^^
NameError: name 'get_student_info' is not defined
2026-09-08 15:49:00,979 - ERROR - Unexpected error: name 'get_student_info' is not defined
Traceback (most recent call last):
  File "d:\Downloads\Super 30 exmples\student-result-calculator\main.py", line 78, in main
    process_student()
    ~~~~~~~~~~~~~~~^^
  File "d:\Downloads\Super 30 exmples\student-result-calculator\main.py", line 25, in process_student
    name, student_id = get_student_info()
                       ^^^^^^^^^^^^^^^^
NameError: name 'get_student_info' is not defined
2026-09-08 15:49:00,980 - ERROR - Unexpected error: name 'get_student_info' is not defined
Traceback (most recent call last):
  File "d:\Downloads\Super 30 exmples\student-result-calculator\main.py", line 78, in main
    process_student()
    ~~~~~~~~~~~~~~~^^
  File "d:\Downloads\Super 30 exmples\student-result-calculator\main.py", line 25, in process_student
    name, student_id = get_student_info()
                       ^^^^^^^^^^^^^^^^
NameError: name 'get_student_info' is not defined
2026-09-08 15:49:00,982 - ERROR - Unexpected error: name 'get_student_info' is not defined
Traceback (most recent call last):
  File "d:\Downloads\Super 30 exmples\student-result-calculator\main.py", line 78, in main
    process_student()
    ~~~~~~~~~~~~~~~^^
  File "d:\Downloads\Super 30 exmples\student-result-calculator\main.py", line 25, in process_student
    name, student_id = get_student_info()
                       ^^^^^^^^^^^^^^^^
NameError: name 'get_student_info' is not defined
2026-09-08 15:49:00,983 - ERROR - Unexpected error: name 'get_student_info' is not defined
Traceback (most recent call last):
  File "d:\Downloads\Super 30 exmples\student-result-calculator\main.py", line 78, in main
    process_student()
    ~~~~~~~~~~~~~~~^^
  File "d:\Downloads\Super 30 exmples\student-result-calculator\main.py", line 25, in process_student
    name, student_id = get_student_info()
                       ^^^^^^^^^^^^^^^^
NameError: name 'get_student_info' is not defined
2026-09-08 15:49:00,983 - ERROR - Unexpected error: name 'get_student_info' is not defined
Traceback (most recent call last):
  File "d:\Downloads\Super 30 exmples\student-result-calculator\main.py", line 78, in main
    process_student()
    ~~~~~~~~~~~~~~~^^
  File "d:\Downloads\Super 30 exmples\student-result-calculator\main.py", line 25, in process_student
    name, student_id = get_student_info()
                       ^^^^^^^^^^^^^^^^
NameError: name 'get_student_info' is not defined
2026-09-08 15:49:00,984 - ERROR - Unexpected error: name 'get_student_info' is not defined
Traceback (most recent call last):
  File "d:\Downloads\Super 30 exmples\student-result-calculator\main.py", line 78, in main
    process_student()
    ~~~~~~~~~~~~~~~^^
  File "d:\Downloads\Super 30 exmples\student-result-calculator\main.py", line 25, in process_student
    name, student_id = get_student_info()
                       ^^^^^^^^^^^^^^^^
NameError: name 'get_student_info' is not defined
2026-09-08 15:49:00,984 - ERROR - Unexpected error: name 'get_student_info' is not defined
Traceback (most recent call last):
  File "d:\Downloads\Super 30 exmples\student-result-calculator\main.py", line 78, in main
    process_student()
    ~~~~~~~~~~~~~~~^^
  File "d:\Downloads\Super 30 exmples\student-result-calculator\main.py", line 25, in process_student
    name, student_id = get_student_info()
                       ^^^^^^^^^^^^^^^^
NameError: name 'get_student_info' is not defined
2026-09-08 15:49:00,985 - ERROR - Unexpected error: name 'get_student_info' is not defined
Traceback (most recent call last):
  File "d:\Downloads\Super 30 exmples\student-result-calculator\main.py", line 78, in main
    process_student()
    ~~~~~~~~~~~~~~~^^
  File "d:\Downloads\Super 30 exmples\student-result-calculator\main.py", line 25, in process_student
    name, student_id = get_student_info()
                       ^^^^^^^^^^^^^^^^
NameError: name 'get_student_info' is not defined
2026-09-08 15:49:00,985 - ERROR - Unexpected error: name 'get_student_info' is not defined
Traceback (most recent call last):
  File "d:\Downloads\Super 30 exmples\student-result-calculator\main.py", line 78, in main
    process_student()
    ~~~~~~~~~~~~~~~^^
  File "d:\Downloads\Super 30 exmples\student-result-calculator\main.py", line 25, in process_student
    name, student_id = get_student_info()
                       ^^^^^^^^^^^^^^^^
NameError: name 'get_student_info' is not defined
2026-09-08 15:49:00,986 - ERROR - Unexpected error: name 'get_student_info' is not defined
Traceback (most recent call last):
  File "d:\Downloads\Super 30 exmples\student-result-calculator\main.py", line 78, in main
    process_student()
    ~~~~~~~~~~~~~~~^^
  File "d:\Downloads\Super 30 exmples\student-result-calculator\main.py", line 25, in process_student
    name, student_id = get_student_info()
                       ^^^^^^^^^^^^^^^^
NameError: name 'get_student_info' is not defined
2026-09-08 15:49:00,986 - ERROR - Unexpected error: name 'get_student_info' is not defined
Traceback (most recent call last):
  File "d:\Downloads\Super 30 exmples\student-result-calculator\main.py", line 78, in main
    process_student()
    ~~~~~~~~~~~~~~~^^
  File "d:\Downloads\Super 30 exmples\student-result-calculator\main.py", line 25, in process_student
    name, student_id = get_student_info()
                       ^^^^^^^^^^^^^^^^
NameError: name 'get_student_info' is not defined
2026-09-08 15:49:00,987 - ERROR - Unexpected error: name 'get_student_info' is not defined
Traceback (most recent call last):
  File "d:\Downloads\Super 30 exmples\student-result-calculator\main.py", line 78, in main
    process_student()
    ~~~~~~~~~~~~~~~^^
  File "d:\Downloads\Super 30 exmples\student-result-calculator\main.py", line 25, in process_student
    name, student_id = get_student_info()
                       ^^^^^^^^^^^^^^^^
NameError: name 'get_student_info' is not defined
2026-09-08 15:49:00,987 - ERROR - Unexpected error: name 'get_student_info' is not defined
Traceback (most recent call last):
  File "d:\Downloads\Super 30 exmples\student-result-calculator\main.py", line 78, in main
    process_student()
    ~~~~~~~~~~~~~~~^^
  File "d:\Downloads\Super 30 exmples\student-result-calculator\main.py", line 25, in process_student
    name, student_id = get_student_info()
                       ^^^^^^^^^^^^^^^^
NameError: name 'get_student_info' is not defined
2026-09-08 15:49:00,987 - ERROR - Unexpected error: name 'get_student_info' is not defined
Traceback (most recent call last):
  File "d:\Downloads\Super 30 exmples\student-result-calculator\main.py", line 78, in main
    process_student()
    ~~~~~~~~~~~~~~~^^
  File "d:\Downloads\Super 30 exmples\student-result-calculator\main.py", line 25, in process_student
    name, student_id = get_student_info()
                       ^^^^^^^^^^^^^^^^
NameError: name 'get_student_info' is not defined
2026-09-08 15:49:00,988 - ERROR - Unexpected error: name 'get_student_info' is not defined
Traceback (most recent call last):
  File "d:\Downloads\Super 30 exmples\student-result-calculator\main.py", line 78, in main
    process_student()
    ~~~~~~~~~~~~~~~^^
  File "d:\Downloads\Super 30 exmples\student-result-calculator\main.py", line 25, in process_student
    name, student_id = get_student_info()
                       ^^^^^^^^^^^^^^^^
NameError: name 'get_student_info' is not defined
2026-09-08 15:49:00,988 - ERROR - Unexpected error: name 'get_student_info' is not defined
Traceback (most recent call last):
  File "d:\Downloads\Super 30 exmples\student-result-calculator\main.py", line 78, in main
    process_student()
    ~~~~~~~~~~~~~~~^^
  File "d:\Downloads\Super 30 exmples\student-result-calculator\main.py", line 25, in process_student
    name, student_id = get_student_info()
                       ^^^^^^^^^^^^^^^^
NameError: name 'get_student_info' is not defined
2026-09-08 15:49:00,989 - ERROR - Unexpected error: name 'get_student_info' is not defined
Traceback (most recent call last):
  File "d:\Downloads\Super 30 exmples\student-result-calculator\main.py", line 78, in main
    process_student()
    ~~~~~~~~~~~~~~~^^
  File "d:\Downloads\Super 30 exmples\student-result-calculator\main.py", line 25, in process_student
    name, student_id = get_student_info()
                       ^^^^^^^^^^^^^^^^
NameError: name 'get_student_info' is not defined
2026-09-08 15:49:00,989 - ERROR - Unexpected error: name 'get_student_info' is not defined
Traceback (most recent call last):
  File "d:\Downloads\Super 30 exmples\student-result-calculator\main.py", line 78, in main
    process_student()
    ~~~~~~~~~~~~~~~^^
  File "d:\Downloads\Super 30 exmples\student-result-calculator\main.py", line 25, in process_student
    name, student_id = get_student_info()
                       ^^^^^^^^^^^^^^^^
NameError: name 'get_student_info' is not defined
2026-09-08 15:49:00,990 - ERROR - Unexpected error: name 'get_student_info' is not defined
Traceback (most recent call last):
  File "d:\Downloads\Super 30 exmples\student-result-calculator\main.py", line 78, in main
    process_student()
    ~~~~~~~~~~~~~~~^^
  File "d:\Downloads\Super 30 exmples\student-result-calculator\main.py", line 25, in process_student
    name, student_id = get_student_info()
                       ^^^^^^^^^^^^^^^^
NameError: name 'get_student_info' is not defined
2026-09-08 15:49:00,990 - ERROR - Unexpected error: name 'get_student_info' is not defined
Traceback (most recent call last):
  File "d:\Downloads\Super 30 exmples\student-result-calculator\main.py", line 78, in main
    process_student()
    ~~~~~~~~~~~~~~~^^
  File "d:\Downloads\Super 30 exmples\student-result-calculator\main.py", line 25, in process_student
    name, student_id = get_student_info()
                       ^^^^^^^^^^^^^^^^
NameError: name 'get_student_info' is not defined
2026-09-08 15:49:00,990 - ERROR - Unexpected error: name 'get_student_info' is not defined
Traceback (most recent call last):
  File "d:\Downloads\Super 30 exmples\student-result-calculator\main.py", line 78, in main
    process_student()
    ~~~~~~~~~~~~~~~^^
  File "d:\Downloads\Super 30 exmples\student-result-calculator\main.py", line 25, in process_student
    name, student_id = get_student_info()
                       ^^^^^^^^^^^^^^^^
NameError: name 'get_student_info' is not defined
2026-09-08 15:49:00,991 - ERROR - Unexpected error: name 'get_student_info' is not defined
Traceback (most recent call last):
  File "d:\Downloads\Super 30 exmples\student-result-calculator\main.py", line 78, in main
    process_student()
    ~~~~~~~~~~~~~~~^^
  File "d:\Downloads\Super 30 exmples\student-result-calculator\main.py", line 25, in process_student
    name, student_id = get_student_info()
                       ^^^^^^^^^^^^^^^^
NameError: name 'get_student_info' is not defined
2026-09-08 15:49:00,991 - ERROR - Unexpected error: name 'get_student_info' is not defined
Traceback (most recent call last):
  File "d:\Downloads\Super 30 exmples\student-result-calculator\main.py", line 78, in main
    process_student()
    ~~~~~~~~~~~~~~~^^
  File "d:\Downloads\Super 30 exmples\student-result-calculator\main.py", line 25, in process_student
    name, student_id = get_student_info()
                       ^^^^^^^^^^^^^^^^
NameError: name 'get_student_info' is not defined
2026-09-08 15:49:00,992 - ERROR - Unexpected error: name 'get_student_info' is not defined
Traceback (most recent call last):
  File "d:\Downloads\Super 30 exmples\student-result-calculator\main.py", line 78, in main
    process_student()
    ~~~~~~~~~~~~~~~^^
  File "d:\Downloads\Super 30 exmples\student-result-calculator\main.py", line 25, in process_student
    name, student_id = get_student_info()
                       ^^^^^^^^^^^^^^^^
NameError: name 'get_student_info' is not defined
2026-09-08 15:49:00,992 - ERROR - Unexpected error: name 'get_student_info' is not defined
Traceback (most recent call last):
  File "d:\Downloads\Super 30 exmples\student-result-calculator\main.py", line 78, in main
    process_student()
    ~~~~~~~~~~~~~~~^^
  File "d:\Downloads\Super 30 exmples\student-result-calculator\main.py", line 25, in process_student
    name, student_id = get_student_info()
                       ^^^^^^^^^^^^^^^^
NameError: name 'get_student_info' is not defined
2026-09-08 15:49:00,993 - ERROR - Unexpected error: name 'get_student_info' is not defined
Traceback (most recent call last):
  File "d:\Downloads\Super 30 exmples\student-result-calculator\main.py", line 78, in main
    process_student()
    ~~~~~~~~~~~~~~~^^
  File "d:\Downloads\Super 30 exmples\student-result-calculator\main.py", line 25, in process_student
    name, student_id = get_student_info()
                       ^^^^^^^^^^^^^^^^
NameError: name 'get_student_info' is not defined
2026-09-08 15:49:00,993 - ERROR - Unexpected error: name 'get_student_info' is not defined
Traceback (most recent call last):
  File "d:\Downloads\Super 30 exmples\student-result-calculator\main.py", line 78, in main
    process_student()
    ~~~~~~~~~~~~~~~^^
  File "d:\Downloads\Super 30 exmples\student-result-calculator\main.py", line 25, in process_student
    name, student_id = get_student_info()
                       ^^^^^^^^^^^^^^^^
NameError: name 'get_student_info' is not defined
2026-09-08 15:49:00,994 - ERROR - Unexpected error: name 'get_student_info' is not defined
Traceback (most recent call last):
  File "d:\Downloads\Super 30 exmples\student-result-calculator\main.py", line 78, in main
    process_student()
    ~~~~~~~~~~~~~~~^^
  File "d:\Downloads\Super 30 exmples\student-result-calculator\main.py", line 25, in process_student
    name, student_id = get_student_info()
                       ^^^^^^^^^^^^^^^^
NameError: name 'get_student_info' is not defined
2026-09-08 15:49:00,994 - ERROR - Unexpected error: name 'get_student_info' is not defined
Traceback (most recent call last):
  File "d:\Downloads\Super 30 exmples\student-result-calculator\main.py", line 78, in main
    process_student()
    ~~~~~~~~~~~~~~~^^
  File "d:\Downloads\Super 30 exmples\student-result-calculator\main.py", line 25, in process_student
    name, student_id = get_student_info()
                       ^^^^^^^^^^^^^^^^
NameError: name 'get_student_info' is not defined
2026-09-08 15:49:00,994 - ERROR - Unexpected error: name 'get_student_info' is not defined
Traceback (most recent call last):
  File "d:\Downloads\Super 30 exmples\student-result-calculator\main.py", line 78, in main
    process_student()
    ~~~~~~~~~~~~~~~^^
  File "d:\Downloads\Super 30 exmples\student-result-calculator\main.py", line 25, in process_student
    name, student_id = get_student_info()
                       ^^^^^^^^^^^^^^^^
NameError: name 'get_student_info' is not defined
2026-09-08 15:49:00,995 - ERROR - Unexpected error: name 'get_student_info' is not defined
Traceback (most recent call last):
  File "d:\Downloads\Super 30 exmples\student-result-calculator\main.py", line 78, in main
    process_student()
    ~~~~~~~~~~~~~~~^^
  File "d:\Downloads\Super 30 exmples\student-result-calculator\main.py", line 25, in process_student
    name, student_id = get_student_info()
                       ^^^^^^^^^^^^^^^^
NameError: name 'get_student_info' is not defined
2026-09-08 15:49:00,996 - ERROR - Unexpected error: name 'get_student_info' is not defined
Traceback (most recent call last):
  File "d:\Downloads\Super 30 exmples\student-result-calculator\main.py", line 78, in main
    process_student()
    ~~~~~~~~~~~~~~~^^
  File "d:\Downloads\Super 30 exmples\student-result-calculator\main.py", line 25, in process_student
    name, student_id = get_student_info()
                       ^^^^^^^^^^^^^^^^
NameError: name 'get_student_info' is not defined
2026-09-08 15:49:00,998 - ERROR - Unexpected error: name 'get_student_info' is not defined
Traceback (most recent call last):
  File "d:\Downloads\Super 30 exmples\student-result-calculator\main.py", line 78, in main
    process_student()
    ~~~~~~~~~~~~~~~^^
  File "d:\Downloads\Super 30 exmples\student-result-calculator\main.py", line 25, in process_student
    name, student_id = get_student_info()
                       ^^^^^^^^^^^^^^^^
NameError: name 'get_student_info' is not defined
2026-09-08 15:49:00,999 - ERROR - Unexpected error: name 'get_student_info' is not defined
Traceback (most recent call last):
  File "d:\Downloads\Super 30 exmples\student-result-calculator\main.py", line 78, in main
    process_student()
    ~~~~~~~~~~~~~~~^^
  File "d:\Downloads\Super 30 exmples\student-result-calculator\main.py", line 25, in process_student
    name, student_id = get_student_info()
                       ^^^^^^^^^^^^^^^^
NameError: name 'get_student_info' is not defined
2026-09-08 15:49:01,000 - ERROR - Unexpected error: name 'get_student_info' is not defined
Traceback (most recent call last):
  File "d:\Downloads\Super 30 exmples\student-result-calculator\main.py", line 78, in main
    process_student()
    ~~~~~~~~~~~~~~~^^
  File "d:\Downloads\Super 30 exmples\student-result-calculator\main.py", line 25, in process_student
    name, student_id = get_student_info()
                       ^^^^^^^^^^^^^^^^
NameError: name 'get_student_info' is not defined
2026-09-08 15:49:01,001 - ERROR - Unexpected error: name 'get_student_info' is not defined
Traceback (most recent call last):
  File "d:\Downloads\Super 30 exmples\student-result-calculator\main.py", line 78, in main
    process_student()
    ~~~~~~~~~~~~~~~^^
  File "d:\Downloads\Super 30 exmples\student-result-calculator\main.py", line 25, in process_student
    name, student_id = get_student_info()
                       ^^^^^^^^^^^^^^^^
NameError: name 'get_student_info' is not defined
2026-09-08 15:49:01,002 - ERROR - Unexpected error: name 'get_student_info' is not defined
Traceback (most recent call last):
  File "d:\Downloads\Super 30 exmples\student-result-calculator\main.py", line 78, in main
    process_student()
    ~~~~~~~~~~~~~~~^^
  File "d:\Downloads\Super 30 exmples\student-result-calculator\main.py", line 25, in process_student
    name, student_id = get_student_info()
                       ^^^^^^^^^^^^^^^^
NameError: name 'get_student_info' is not defined
2026-09-08 15:49:01,002 - ERROR - Unexpected error: name 'get_student_info' is not defined
Traceback (most recent call last):
  File "d:\Downloads\Super 30 exmples\student-result-calculator\main.py", line 78, in main
    process_student()
    ~~~~~~~~~~~~~~~^^
  File "d:\Downloads\Super 30 exmples\student-result-calculator\main.py", line 25, in process_student
    name, student_id = get_student_info()
                       ^^^^^^^^^^^^^^^^
NameError: name 'get_student_info' is not defined
2026-09-08 15:49:01,003 - ERROR - Unexpected error: name 'get_student_info' is not defined
Traceback (most recent call last):
  File "d:\Downloads\Super 30 exmples\student-result-calculator\main.py", line 78, in main
    process_student()
    ~~~~~~~~~~~~~~~^^
  File "d:\Downloads\Super 30 exmples\student-result-calculator\main.py", line 25, in process_student
    name, student_id = get_student_info()
                       ^^^^^^^^^^^^^^^^
NameError: name 'get_student_info' is not defined
2026-09-08 15:49:01,003 - ERROR - Unexpected error: name 'get_student_info' is not defined
Traceback (most recent call last):
  File "d:\Downloads\Super 30 exmples\student-result-calculator\main.py", line 78, in main
    process_student()
    ~~~~~~~~~~~~~~~^^
  File "d:\Downloads\Super 30 exmples\student-result-calculator\main.py", line 25, in process_student
    name, student_id = get_student_info()
                       ^^^^^^^^^^^^^^^^
NameError: name 'get_student_info' is not defined
2026-09-08 15:49:01,004 - ERROR - Unexpected error: name 'get_student_info' is not defined
Traceback (most recent call last):
  File "d:\Downloads\Super 30 exmples\student-result-calculator\main.py", line 78, in main
    process_student()
    ~~~~~~~~~~~~~~~^^
  File "d:\Downloads\Super 30 exmples\student-result-calculator\main.py", line 25, in process_student
    name, student_id = get_student_info()
                       ^^^^^^^^^^^^^^^^
NameError: name 'get_student_info' is not defined
2026-09-08 15:49:01,004 - ERROR - Unexpected error: name 'get_student_info' is not defined
Traceback (most recent call last):
  File "d:\Downloads\Super 30 exmples\student-result-calculator\main.py", line 78, in main
    process_student()
    ~~~~~~~~~~~~~~~^^
  File "d:\Downloads\Super 30 exmples\student-result-calculator\main.py", line 25, in process_student
    name, student_id = get_student_info()
                       ^^^^^^^^^^^^^^^^
NameError: name 'get_student_info' is not defined
2026-09-08 15:49:01,004 - ERROR - Unexpected error: name 'get_student_info' is not defined
Traceback (most recent call last):
  File "d:\Downloads\Super 30 exmples\student-result-calculator\main.py", line 78, in main
    process_student()
    ~~~~~~~~~~~~~~~^^
  File "d:\Downloads\Super 30 exmples\student-result-calculator\main.py", line 25, in process_student
    name, student_id = get_student_info()
                       ^^^^^^^^^^^^^^^^
NameError: name 'get_student_info' is not defined
2026-09-08 15:49:01,005 - ERROR - Unexpected error: name 'get_student_info' is not defined
Traceback (most recent call last):
  File "d:\Downloads\Super 30 exmples\student-result-calculator\main.py", line 78, in main
    process_student()
    ~~~~~~~~~~~~~~~^^
  File "d:\Downloads\Super 30 exmples\student-result-calculator\main.py", line 25, in process_student
    name, student_id = get_student_info()
                       ^^^^^^^^^^^^^^^^
NameError: name 'get_student_info' is not defined
2026-09-08 15:49:01,005 - ERROR - Unexpected error: name 'get_student_info' is not defined
Traceback (most recent call last):
  File "d:\Downloads\Super 30 exmples\student-result-calculator\main.py", line 78, in main
    process_student()
    ~~~~~~~~~~~~~~~^^
  File "d:\Downloads\Super 30 exmples\student-result-calculator\main.py", line 25, in process_student
    name, student_id = get_student_info()
                       ^^^^^^^^^^^^^^^^
NameError: name 'get_student_info' is not defined
2026-09-08 15:49:01,006 - ERROR - Unexpected error: name 'get_student_info' is not defined
Traceback (most recent call last):
  File "d:\Downloads\Super 30 exmples\student-result-calculator\main.py", line 78, in main
    process_student()
    ~~~~~~~~~~~~~~~^^
  File "d:\Downloads\Super 30 exmples\student-result-calculator\main.py", line 25, in process_student
    name, student_id = get_student_info()
                       ^^^^^^^^^^^^^^^^
NameError: name 'get_student_info' is not defined
2026-09-08 15:49:01,006 - ERROR - Unexpected error: name 'get_student_info' is not defined
Traceback (most recent call last):
  File "d:\Downloads\Super 30 exmples\student-result-calculator\main.py", line 78, in main
    process_student()
    ~~~~~~~~~~~~~~~^^
  File "d:\Downloads\Super 30 exmples\student-result-calculator\main.py", line 25, in process_student
    name, student_id = get_student_info()
                       ^^^^^^^^^^^^^^^^
NameError: name 'get_student_info' is not defined
2026-09-08 15:49:01,007 - ERROR - Unexpected error: name 'get_student_info' is not defined
Traceback (most recent call last):
  File "d:\Downloads\Super 30 exmples\student-result-calculator\main.py", line 78, in main
    process_student()
    ~~~~~~~~~~~~~~~^^
  File "d:\Downloads\Super 30 exmples\student-result-calculator\main.py", line 25, in process_student
    name, student_id = get_student_info()
                       ^^^^^^^^^^^^^^^^
NameError: name 'get_student_info' is not defined
2026-09-08 15:49:01,007 - ERROR - Unexpected error: name 'get_student_info' is not defined
Traceback (most recent call last):
  File "d:\Downloads\Super 30 exmples\student-result-calculator\main.py", line 78, in main
    process_student()
    ~~~~~~~~~~~~~~~^^
  File "d:\Downloads\Super 30 exmples\student-result-calculator\main.py", line 25, in process_student
    name, student_id = get_student_info()
                       ^^^^^^^^^^^^^^^^
NameError: name 'get_student_info' is not defined
2026-09-08 15:49:01,008 - ERROR - Unexpected error: name 'get_student_info' is not defined
Traceback (most recent call last):
  File "d:\Downloads\Super 30 exmples\student-result-calculator\main.py", line 78, in main
    process_student()
    ~~~~~~~~~~~~~~~^^
  File "d:\Downloads\Super 30 exmples\student-result-calculator\main.py", line 25, in process_student
    name, student_id = get_student_info()
                       ^^^^^^^^^^^^^^^^
NameError: name 'get_student_info' is not defined
2026-09-08 15:49:01,008 - ERROR - Unexpected error: name 'get_student_info' is not defined
Traceback (most recent call last):
  File "d:\Downloads\Super 30 exmples\student-result-calculator\main.py", line 78, in main
    process_student()
    ~~~~~~~~~~~~~~~^^
  File "d:\Downloads\Super 30 exmples\student-result-calculator\main.py", line 25, in process_student
    name, student_id = get_student_info()
                       ^^^^^^^^^^^^^^^^
NameError: name 'get_student_info' is not defined
2026-09-08 15:49:01,009 - ERROR - Unexpected error: name 'get_student_info' is not defined
Traceback (most recent call last):
  File "d:\Downloads\Super 30 exmples\student-result-calculator\main.py", line 78, in main
    process_student()
    ~~~~~~~~~~~~~~~^^
  File "d:\Downloads\Super 30 exmples\student-result-calculator\main.py", line 25, in process_student
    name, student_id = get_student_info()
                       ^^^^^^^^^^^^^^^^
NameError: name 'get_student_info' is not defined
2026-09-08 15:49:01,009 - ERROR - Unexpected error: name 'get_student_info' is not defined
Traceback (most recent call last):
  File "d:\Downloads\Super 30 exmples\student-result-calculator\main.py", line 78, in main
    process_student()
    ~~~~~~~~~~~~~~~^^
  File "d:\Downloads\Super 30 exmples\student-result-calculator\main.py", line 25, in process_student
    name, student_id = get_student_info()
                       ^^^^^^^^^^^^^^^^
NameError: name 'get_student_info' is not defined
2026-09-08 15:49:01,010 - ERROR - Unexpected error: name 'get_student_info' is not defined
Traceback (most recent call last):
  File "d:\Downloads\Super 30 exmples\student-result-calculator\main.py", line 78, in main
    process_student()
    ~~~~~~~~~~~~~~~^^
  File "d:\Downloads\Super 30 exmples\student-result-calculator\main.py", line 25, in process_student
    name, student_id = get_student_info()
                       ^^^^^^^^^^^^^^^^
NameError: name 'get_student_info' is not defined
2026-09-08 15:49:01,010 - ERROR - Unexpected error: name 'get_student_info' is not defined
Traceback (most recent call last):
  File "d:\Downloads\Super 30 exmples\student-result-calculator\main.py", line 78, in main
    process_student()
    ~~~~~~~~~~~~~~~^^
  File "d:\Downloads\Super 30 exmples\student-result-calculator\main.py", line 25, in process_student
    name, student_id = get_student_info()
                       ^^^^^^^^^^^^^^^^
NameError: name 'get_student_info' is not defined
2026-09-08 15:49:01,011 - ERROR - Unexpected error: name 'get_student_info' is not defined
Traceback (most recent call last):
  File "d:\Downloads\Super 30 exmples\student-result-calculator\main.py", line 78, in main
    process_student()
    ~~~~~~~~~~~~~~~^^
  File "d:\Downloads\Super 30 exmples\student-result-calculator\main.py", line 25, in process_student
    name, student_id = get_student_info()
                       ^^^^^^^^^^^^^^^^
NameError: name 'get_student_info' is not defined
2026-09-08 15:49:01,011 - ERROR - Unexpected error: name 'get_student_info' is not defined
Traceback (most recent call last):
  File "d:\Downloads\Super 30 exmples\student-result-calculator\main.py", line 78, in main
    process_student()
    ~~~~~~~~~~~~~~~^^
  File "d:\Downloads\Super 30 exmples\student-result-calculator\main.py", line 25, in process_student
    name, student_id = get_student_info()
                       ^^^^^^^^^^^^^^^^
NameError: name 'get_student_info' is not defined
2026-09-08 15:49:01,011 - ERROR - Unexpected error: name 'get_student_info' is not defined
Traceback (most recent call last):
  File "d:\Downloads\Super 30 exmples\student-result-calculator\main.py", line 78, in main
    process_student()
    ~~~~~~~~~~~~~~~^^
  File "d:\Downloads\Super 30 exmples\student-result-calculator\main.py", line 25, in process_student
    name, student_id = get_student_info()
                       ^^^^^^^^^^^^^^^^
NameError: name 'get_student_info' is not defined
2026-09-08 15:49:01,012 - ERROR - Unexpected error: name 'get_student_info' is not defined
Traceback (most recent call last):
  File "d:\Downloads\Super 30 exmples\student-result-calculator\main.py", line 78, in main
    process_student()
    ~~~~~~~~~~~~~~~^^
  File "d:\Downloads\Super 30 exmples\student-result-calculator\main.py", line 25, in process_student
    name, student_id = get_student_info()
                       ^^^^^^^^^^^^^^^^
NameError: name 'get_student_info' is not defined
2026-09-08 15:49:01,013 - ERROR - Unexpected error: name 'get_student_info' is not defined
Traceback (most recent call last):
  File "d:\Downloads\Super 30 exmples\student-result-calculator\main.py", line 78, in main
    process_student()
    ~~~~~~~~~~~~~~~^^
  File "d:\Downloads\Super 30 exmples\student-result-calculator\main.py", line 25, in process_student
    name, student_id = get_student_info()
                       ^^^^^^^^^^^^^^^^
NameError: name 'get_student_info' is not defined
2026-09-08 15:49:01,013 - ERROR - Unexpected error: name 'get_student_info' is not defined
Traceback (most recent call last):
  File "d:\Downloads\Super 30 exmples\student-result-calculator\main.py", line 78, in main
    process_student()
    ~~~~~~~~~~~~~~~^^
  File "d:\Downloads\Super 30 exmples\student-result-calculator\main.py", line 25, in process_student
    name, student_id = get_student_info()
                       ^^^^^^^^^^^^^^^^
NameError: name 'get_student_info' is not defined
2026-09-08 15:49:01,015 - ERROR - Unexpected error: name 'get_student_info' is not defined
Traceback (most recent call last):
  File "d:\Downloads\Super 30 exmples\student-result-calculator\main.py", line 78, in main
    process_student()
    ~~~~~~~~~~~~~~~^^
  File "d:\Downloads\Super 30 exmples\student-result-calculator\main.py", line 25, in process_student
    name, student_id = get_student_info()
                       ^^^^^^^^^^^^^^^^
NameError: name 'get_student_info' is not defined
2026-09-08 15:49:01,015 - ERROR - Unexpected error: name 'get_student_info' is not defined
Traceback (most recent call last):
  File "d:\Downloads\Super 30 exmples\student-result-calculator\main.py", line 78, in main
    process_student()
    ~~~~~~~~~~~~~~~^^
  File "d:\Downloads\Super 30 exmples\student-result-calculator\main.py", line 25, in process_student
    name, student_id = get_student_info()
                       ^^^^^^^^^^^^^^^^
NameError: name 'get_student_info' is not defined
2026-09-08 15:49:01,017 - ERROR - Unexpected error: name 'get_student_info' is not defined
Traceback (most recent call last):
  File "d:\Downloads\Super 30 exmples\student-result-calculator\main.py", line 78, in main
    process_student()
    ~~~~~~~~~~~~~~~^^
  File "d:\Downloads\Super 30 exmples\student-result-calculator\main.py", line 25, in process_student
    name, student_id = get_student_info()
                       ^^^^^^^^^^^^^^^^
NameError: name 'get_student_info' is not defined
2026-09-08 15:49:01,018 - ERROR - Unexpected error: name 'get_student_info' is not defined
Traceback (most recent call last):
  File "d:\Downloads\Super 30 exmples\student-result-calculator\main.py", line 78, in main
    process_student()
    ~~~~~~~~~~~~~~~^^
  File "d:\Downloads\Super 30 exmples\student-result-calculator\main.py", line 25, in process_student
    name, student_id = get_student_info()
                       ^^^^^^^^^^^^^^^^
NameError: name 'get_student_info' is not defined
2026-09-08 15:49:01,018 - ERROR - Unexpected error: name 'get_student_info' is not defined
Traceback (most recent call last):
  File "d:\Downloads\Super 30 exmples\student-result-calculator\main.py", line 78, in main
    process_student()
    ~~~~~~~~~~~~~~~^^
  File "d:\Downloads\Super 30 exmples\student-result-calculator\main.py", line 25, in process_student
    name, student_id = get_student_info()
                       ^^^^^^^^^^^^^^^^
NameError: name 'get_student_info' is not defined
2026-09-08 15:49:01,019 - ERROR - Unexpected error: name 'get_student_info' is not defined
Traceback (most recent call last):
  File "d:\Downloads\Super 30 exmples\student-result-calculator\main.py", line 78, in main
    process_student()
    ~~~~~~~~~~~~~~~^^
  File "d:\Downloads\Super 30 exmples\student-result-calculator\main.py", line 25, in process_student
    name, student_id = get_student_info()
                       ^^^^^^^^^^^^^^^^
NameError: name 'get_student_info' is not defined
2026-09-08 15:49:01,019 - ERROR - Unexpected error: name 'get_student_info' is not defined
Traceback (most recent call last):
  File "d:\Downloads\Super 30 exmples\student-result-calculator\main.py", line 78, in main
    process_student()
    ~~~~~~~~~~~~~~~^^
  File "d:\Downloads\Super 30 exmples\student-result-calculator\main.py", line 25, in process_student
    name, student_id = get_student_info()
                       ^^^^^^^^^^^^^^^^
NameError: name 'get_student_info' is not defined
2026-09-08 15:49:01,020 - ERROR - Unexpected error: name 'get_student_info' is not defined
Traceback (most recent call last):
  File "d:\Downloads\Super 30 exmples\student-result-calculator\main.py", line 78, in main
    process_student()
    ~~~~~~~~~~~~~~~^^
  File "d:\Downloads\Super 30 exmples\student-result-calculator\main.py", line 25, in process_student
    name, student_id = get_student_info()
                       ^^^^^^^^^^^^^^^^
NameError: name 'get_student_info' is not defined
2026-09-08 15:49:01,020 - ERROR - Unexpected error: name 'get_student_info' is not defined
Traceback (most recent call last):
  File "d:\Downloads\Super 30 exmples\student-result-calculator\main.py", line 78, in main
    process_student()
    ~~~~~~~~~~~~~~~^^
  File "d:\Downloads\Super 30 exmples\student-result-calculator\main.py", line 25, in process_student
    name, student_id = get_student_info()
                       ^^^^^^^^^^^^^^^^
NameError: name 'get_student_info' is not defined
2026-09-08 15:49:01,021 - ERROR - Unexpected error: name 'get_student_info' is not defined
Traceback (most recent call last):
  File "d:\Downloads\Super 30 exmples\student-result-calculator\main.py", line 78, in main
    process_student()
    ~~~~~~~~~~~~~~~^^
  File "d:\Downloads\Super 30 exmples\student-result-calculator\main.py", line 25, in process_student
    name, student_id = get_student_info()
                       ^^^^^^^^^^^^^^^^
NameError: name 'get_student_info' is not defined
2026-09-08 15:49:01,021 - ERROR - Unexpected error: name 'get_student_info' is not defined
Traceback (most recent call last):
  File "d:\Downloads\Super 30 exmples\student-result-calculator\main.py", line 78, in main
    process_student()
    ~~~~~~~~~~~~~~~^^
  File "d:\Downloads\Super 30 exmples\student-result-calculator\main.py", line 25, in process_student
    name, student_id = get_student_info()
                       ^^^^^^^^^^^^^^^^
NameError: name 'get_student_info' is not defined
2026-09-08 15:49:01,022 - ERROR - Unexpected error: name 'get_student_info' is not defined
Traceback (most recent call last):
  File "d:\Downloads\Super 30 exmples\student-result-calculator\main.py", line 78, in main
    process_student()
    ~~~~~~~~~~~~~~~^^
  File "d:\Downloads\Super 30 exmples\student-result-calculator\main.py", line 25, in process_student
    name, student_id = get_student_info()
                       ^^^^^^^^^^^^^^^^
NameError: name 'get_student_info' is not defined
2026-09-08 15:49:01,022 - ERROR - Unexpected error: name 'get_student_info' is not defined
Traceback (most recent call last):
  File "d:\Downloads\Super 30 exmples\student-result-calculator\main.py", line 78, in main
    process_student()
    ~~~~~~~~~~~~~~~^^
  File "d:\Downloads\Super 30 exmples\student-result-calculator\main.py", line 25, in process_student
    name, student_id = get_student_info()
                       ^^^^^^^^^^^^^^^^
NameError: name 'get_student_info' is not defined
2026-09-08 15:49:01,022 - ERROR - Unexpected error: name 'get_student_info' is not defined
Traceback (most recent call last):
  File "d:\Downloads\Super 30 exmples\student-result-calculator\main.py", line 78, in main
    process_student()
    ~~~~~~~~~~~~~~~^^
  File "d:\Downloads\Super 30 exmples\student-result-calculator\main.py", line 25, in process_student
    name, student_id = get_student_info()
                       ^^^^^^^^^^^^^^^^
NameError: name 'get_student_info' is not defined
2026-09-08 15:49:01,023 - ERROR - Unexpected error: name 'get_student_info' is not defined
Traceback (most recent call last):
  File "d:\Downloads\Super 30 exmples\student-result-calculator\main.py", line 78, in main
    process_student()
    ~~~~~~~~~~~~~~~^^
  File "d:\Downloads\Super 30 exmples\student-result-calculator\main.py", line 25, in process_student
    name, student_id = get_student_info()
                       ^^^^^^^^^^^^^^^^
NameError: name 'get_student_info' is not defined
2026-09-08 15:49:01,023 - ERROR - Unexpected error: name 'get_student_info' is not defined
Traceback (most recent call last):
  File "d:\Downloads\Super 30 exmples\student-result-calculator\main.py", line 78, in main
    process_student()
    ~~~~~~~~~~~~~~~^^
  File "d:\Downloads\Super 30 exmples\student-result-calculator\main.py", line 25, in process_student
    name, student_id = get_student_info()
                       ^^^^^^^^^^^^^^^^
NameError: name 'get_student_info' is not defined
2026-09-08 15:49:01,024 - ERROR - Unexpected error: name 'get_student_info' is not defined
Traceback (most recent call last):
  File "d:\Downloads\Super 30 exmples\student-result-calculator\main.py", line 78, in main
    process_student()
    ~~~~~~~~~~~~~~~^^
  File "d:\Downloads\Super 30 exmples\student-result-calculator\main.py", line 25, in process_student
    name, student_id = get_student_info()
                       ^^^^^^^^^^^^^^^^
NameError: name 'get_student_info' is not defined
2026-09-08 15:49:01,024 - ERROR - Unexpected error: name 'get_student_info' is not defined
Traceback (most recent call last):
  File "d:\Downloads\Super 30 exmples\student-result-calculator\main.py", line 78, in main
    process_student()
    ~~~~~~~~~~~~~~~^^
  File "d:\Downloads\Super 30 exmples\student-result-calculator\main.py", line 25, in process_student
    name, student_id = get_student_info()
                       ^^^^^^^^^^^^^^^^
NameError: name 'get_student_info' is not defined
2026-09-08 15:49:01,025 - ERROR - Unexpected error: name 'get_student_info' is not defined
Traceback (most recent call last):
  File "d:\Downloads\Super 30 exmples\student-result-calculator\main.py", line 78, in main
    process_student()
    ~~~~~~~~~~~~~~~^^
  File "d:\Downloads\Super 30 exmples\student-result-calculator\main.py", line 25, in process_student
    name, student_id = get_student_info()
                       ^^^^^^^^^^^^^^^^
NameError: name 'get_student_info' is not defined
2026-09-08 15:49:01,025 - ERROR - Unexpected error: name 'get_student_info' is not defined
Traceback (most recent call last):
  File "d:\Downloads\Super 30 exmples\student-result-calculator\main.py", line 78, in main
    process_student()
    ~~~~~~~~~~~~~~~^^
  File "d:\Downloads\Super 30 exmples\student-result-calculator\main.py", line 25, in process_student
    name, student_id = get_student_info()
                       ^^^^^^^^^^^^^^^^
NameError: name 'get_student_info' is not defined
2026-09-08 15:49:01,026 - ERROR - Unexpected error: name 'get_student_info' is not defined
Traceback (most recent call last):
  File "d:\Downloads\Super 30 exmples\student-result-calculator\main.py", line 78, in main
    process_student()
    ~~~~~~~~~~~~~~~^^
  File "d:\Downloads\Super 30 exmples\student-result-calculator\main.py", line 25, in process_student
    name, student_id = get_student_info()
                       ^^^^^^^^^^^^^^^^
NameError: name 'get_student_info' is not defined
2026-09-08 15:49:01,026 - ERROR - Unexpected error: name 'get_student_info' is not defined
Traceback (most recent call last):
  File "d:\Downloads\Super 30 exmples\student-result-calculator\main.py", line 78, in main
    process_student()
    ~~~~~~~~~~~~~~~^^
  File "d:\Downloads\Super 30 exmples\student-result-calculator\main.py", line 25, in process_student
    name, student_id = get_student_info()
                       ^^^^^^^^^^^^^^^^
NameError: name 'get_student_info' is not defined
2026-09-08 15:49:01,027 - ERROR - Unexpected error: name 'get_student_info' is not defined
Traceback (most recent call last):
  File "d:\Downloads\Super 30 exmples\student-result-calculator\main.py", line 78, in main
    process_student()
    ~~~~~~~~~~~~~~~^^
  File "d:\Downloads\Super 30 exmples\student-result-calculator\main.py", line 25, in process_student
    name, student_id = get_student_info()
                       ^^^^^^^^^^^^^^^^
NameError: name 'get_student_info' is not defined
2026-09-08 15:49:01,027 - ERROR - Unexpected error: name 'get_student_info' is not defined
Traceback (most recent call last):
  File "d:\Downloads\Super 30 exmples\student-result-calculator\main.py", line 78, in main
    process_student()
    ~~~~~~~~~~~~~~~^^
  File "d:\Downloads\Super 30 exmples\student-result-calculator\main.py", line 25, in process_student
    name, student_id = get_student_info()
                       ^^^^^^^^^^^^^^^^
NameError: name 'get_student_info' is not defined
2026-09-08 15:49:01,027 - ERROR - Unexpected error: name 'get_student_info' is not defined
Traceback (most recent call last):
  File "d:\Downloads\Super 30 exmples\student-result-calculator\main.py", line 78, in main
    process_student()
    ~~~~~~~~~~~~~~~^^
  File "d:\Downloads\Super 30 exmples\student-result-calculator\main.py", line 25, in process_student
    name, student_id = get_student_info()
                       ^^^^^^^^^^^^^^^^
NameError: name 'get_student_info' is not defined
2026-09-08 15:49:01,028 - ERROR - Unexpected error: name 'get_student_info' is not defined
Traceback (most recent call last):
  File "d:\Downloads\Super 30 exmples\student-result-calculator\main.py", line 78, in main
    process_student()
    ~~~~~~~~~~~~~~~^^
  File "d:\Downloads\Super 30 exmples\student-result-calculator\main.py", line 25, in process_student
    name, student_id = get_student_info()
                       ^^^^^^^^^^^^^^^^
NameError: name 'get_student_info' is not defined
2026-09-08 15:49:01,028 - ERROR - Unexpected error: name 'get_student_info' is not defined
Traceback (most recent call last):
  File "d:\Downloads\Super 30 exmples\student-result-calculator\main.py", line 78, in main
    process_student()
    ~~~~~~~~~~~~~~~^^
  File "d:\Downloads\Super 30 exmples\student-result-calculator\main.py", line 25, in process_student
    name, student_id = get_student_info()
                       ^^^^^^^^^^^^^^^^
NameError: name 'get_student_info' is not defined
2026-09-08 15:49:01,029 - ERROR - Unexpected error: name 'get_student_info' is not defined
Traceback (most recent call last):
  File "d:\Downloads\Super 30 exmples\student-result-calculator\main.py", line 78, in main
    process_student()
    ~~~~~~~~~~~~~~~^^
  File "d:\Downloads\Super 30 exmples\student-result-calculator\main.py", line 25, in process_student
    name, student_id = get_student_info()
                       ^^^^^^^^^^^^^^^^
NameError: name 'get_student_info' is not defined
2026-09-08 15:49:01,029 - ERROR - Unexpected error: name 'get_student_info' is not defined
Traceback (most recent call last):
  File "d:\Downloads\Super 30 exmples\student-result-calculator\main.py", line 78, in main
    process_student()
    ~~~~~~~~~~~~~~~^^
  File "d:\Downloads\Super 30 exmples\student-result-calculator\main.py", line 25, in process_student
    name, student_id = get_student_info()
                       ^^^^^^^^^^^^^^^^
NameError: name 'get_student_info' is not defined
2026-09-08 15:49:01,030 - ERROR - Unexpected error: name 'get_student_info' is not defined
Traceback (most recent call last):
  File "d:\Downloads\Super 30 exmples\student-result-calculator\main.py", line 78, in main
    process_student()
    ~~~~~~~~~~~~~~~^^
  File "d:\Downloads\Super 30 exmples\student-result-calculator\main.py", line 25, in process_student
    name, student_id = get_student_info()
                       ^^^^^^^^^^^^^^^^
NameError: name 'get_student_info' is not defined
2026-09-08 15:49:01,031 - ERROR - Unexpected error: name 'get_student_info' is not defined
Traceback (most recent call last):
  File "d:\Downloads\Super 30 exmples\student-result-calculator\main.py", line 78, in main
    process_student()
    ~~~~~~~~~~~~~~~^^
  File "d:\Downloads\Super 30 exmples\student-result-calculator\main.py", line 25, in process_student
    name, student_id = get_student_info()
                       ^^^^^^^^^^^^^^^^
NameError: name 'get_student_info' is not defined
2026-09-08 15:49:01,033 - ERROR - Unexpected error: name 'get_student_info' is not defined
Traceback (most recent call last):
  File "d:\Downloads\Super 30 exmples\student-result-calculator\main.py", line 78, in main
    process_student()
    ~~~~~~~~~~~~~~~^^
  File "d:\Downloads\Super 30 exmples\student-result-calculator\main.py", line 25, in process_student
    name, student_id = get_student_info()
                       ^^^^^^^^^^^^^^^^
NameError: name 'get_student_info' is not defined
2026-09-08 15:49:01,034 - ERROR - Unexpected error: name 'get_student_info' is not defined
Traceback (most recent call last):
  File "d:\Downloads\Super 30 exmples\student-result-calculator\main.py", line 78, in main
    process_student()
    ~~~~~~~~~~~~~~~^^
  File "d:\Downloads\Super 30 exmples\student-result-calculator\main.py", line 25, in process_student
    name, student_id = get_student_info()
                       ^^^^^^^^^^^^^^^^
NameError: name 'get_student_info' is not defined
2026-09-08 15:49:01,034 - ERROR - Unexpected error: name 'get_student_info' is not defined
Traceback (most recent call last):
  File "d:\Downloads\Super 30 exmples\student-result-calculator\main.py", line 78, in main
    process_student()
    ~~~~~~~~~~~~~~~^^
  File "d:\Downloads\Super 30 exmples\student-result-calculator\main.py", line 25, in process_student
    name, student_id = get_student_info()
                       ^^^^^^^^^^^^^^^^
NameError: name 'get_student_info' is not defined
2026-09-08 15:49:01,035 - ERROR - Unexpected error: name 'get_student_info' is not defined
Traceback (most recent call last):
  File "d:\Downloads\Super 30 exmples\student-result-calculator\main.py", line 78, in main
    process_student()
    ~~~~~~~~~~~~~~~^^
  File "d:\Downloads\Super 30 exmples\student-result-calculator\main.py", line 25, in process_student
    name, student_id = get_student_info()
                       ^^^^^^^^^^^^^^^^
NameError: name 'get_student_info' is not defined
2026-09-08 15:49:01,035 - ERROR - Unexpected error: name 'get_student_info' is not defined
Traceback (most recent call last):
  File "d:\Downloads\Super 30 exmples\student-result-calculator\main.py", line 78, in main
    process_student()
    ~~~~~~~~~~~~~~~^^
  File "d:\Downloads\Super 30 exmples\student-result-calculator\main.py", line 25, in process_student
    name, student_id = get_student_info()
                       ^^^^^^^^^^^^^^^^
NameError: name 'get_student_info' is not defined
2026-09-08 15:49:01,036 - ERROR - Unexpected error: name 'get_student_info' is not defined
Traceback (most recent call last):
  File "d:\Downloads\Super 30 exmples\student-result-calculator\main.py", line 78, in main
    process_student()
    ~~~~~~~~~~~~~~~^^
  File "d:\Downloads\Super 30 exmples\student-result-calculator\main.py", line 25, in process_student
    name, student_id = get_student_info()
                       ^^^^^^^^^^^^^^^^
NameError: name 'get_student_info' is not defined
2026-09-08 15:49:01,036 - ERROR - Unexpected error: name 'get_student_info' is not defined
Traceback (most recent call last):
  File "d:\Downloads\Super 30 exmples\student-result-calculator\main.py", line 78, in main
    process_student()
    ~~~~~~~~~~~~~~~^^
  File "d:\Downloads\Super 30 exmples\student-result-calculator\main.py", line 25, in process_student
    name, student_id = get_student_info()
                       ^^^^^^^^^^^^^^^^
NameError: name 'get_student_info' is not defined
2026-09-08 15:49:01,037 - ERROR - Unexpected error: name 'get_student_info' is not defined
Traceback (most recent call last):
  File "d:\Downloads\Super 30 exmples\student-result-calculator\main.py", line 78, in main
    process_student()
    ~~~~~~~~~~~~~~~^^
  File "d:\Downloads\Super 30 exmples\student-result-calculator\main.py", line 25, in process_student
    name, student_id = get_student_info()
                       ^^^^^^^^^^^^^^^^
NameError: name 'get_student_info' is not defined
2026-09-08 15:49:01,038 - ERROR - Unexpected error: name 'get_student_info' is not defined
Traceback (most recent call last):
  File "d:\Downloads\Super 30 exmples\student-result-calculator\main.py", line 78, in main
    process_student()
    ~~~~~~~~~~~~~~~^^
  File "d:\Downloads\Super 30 exmples\student-result-calculator\main.py", line 25, in process_student
    name, student_id = get_student_info()
                       ^^^^^^^^^^^^^^^^
NameError: name 'get_student_info' is not defined
2026-09-08 15:49:01,038 - ERROR - Unexpected error: name 'get_student_info' is not defined
Traceback (most recent call last):
  File "d:\Downloads\Super 30 exmples\student-result-calculator\main.py", line 78, in main
    process_student()
    ~~~~~~~~~~~~~~~^^
  File "d:\Downloads\Super 30 exmples\student-result-calculator\main.py", line 25, in process_student
    name, student_id = get_student_info()
                       ^^^^^^^^^^^^^^^^
NameError: name 'get_student_info' is not defined
2026-09-08 15:49:01,039 - ERROR - Unexpected error: name 'get_student_info' is not defined
Traceback (most recent call last):
  File "d:\Downloads\Super 30 exmples\student-result-calculator\main.py", line 78, in main
    process_student()
    ~~~~~~~~~~~~~~~^^
  File "d:\Downloads\Super 30 exmples\student-result-calculator\main.py", line 25, in process_student
    name, student_id = get_student_info()
                       ^^^^^^^^^^^^^^^^
NameError: name 'get_student_info' is not defined
2026-09-08 15:49:01,039 - ERROR - Unexpected error: name 'get_student_info' is not defined
Traceback (most recent call last):
  File "d:\Downloads\Super 30 exmples\student-result-calculator\main.py", line 78, in main
    process_student()
    ~~~~~~~~~~~~~~~^^
  File "d:\Downloads\Super 30 exmples\student-result-calculator\main.py", line 25, in process_student
    name, student_id = get_student_info()
                       ^^^^^^^^^^^^^^^^
NameError: name 'get_student_info' is not defined
2026-09-08 15:49:01,040 - ERROR - Unexpected error: name 'get_student_info' is not defined
Traceback (most recent call last):
  File "d:\Downloads\Super 30 exmples\student-result-calculator\main.py", line 78, in main
    process_student()
    ~~~~~~~~~~~~~~~^^
  File "d:\Downloads\Super 30 exmples\student-result-calculator\main.py", line 25, in process_student
    name, student_id = get_student_info()
                       ^^^^^^^^^^^^^^^^
NameError: name 'get_student_info' is not defined
2026-09-08 15:49:01,040 - ERROR - Unexpected error: name 'get_student_info' is not defined
Traceback (most recent call last):
  File "d:\Downloads\Super 30 exmples\student-result-calculator\main.py", line 78, in main
    process_student()
    ~~~~~~~~~~~~~~~^^
  File "d:\Downloads\Super 30 exmples\student-result-calculator\main.py", line 25, in process_student
    name, student_id = get_student_info()
                       ^^^^^^^^^^^^^^^^
NameError: name 'get_student_info' is not defined
2026-09-08 15:49:01,041 - ERROR - Unexpected error: name 'get_student_info' is not defined
Traceback (most recent call last):
  File "d:\Downloads\Super 30 exmples\student-result-calculator\main.py", line 78, in main
    process_student()
    ~~~~~~~~~~~~~~~^^
  File "d:\Downloads\Super 30 exmples\student-result-calculator\main.py", line 25, in process_student
    name, student_id = get_student_info()
                       ^^^^^^^^^^^^^^^^
NameError: name 'get_student_info' is not defined
2026-09-08 15:49:01,041 - ERROR - Unexpected error: name 'get_student_info' is not defined
Traceback (most recent call last):
  File "d:\Downloads\Super 30 exmples\student-result-calculator\main.py", line 78, in main
    process_student()
    ~~~~~~~~~~~~~~~^^
  File "d:\Downloads\Super 30 exmples\student-result-calculator\main.py", line 25, in process_student
    name, student_id = get_student_info()
                       ^^^^^^^^^^^^^^^^
NameError: name 'get_student_info' is not defined
2026-09-08 15:49:01,041 - ERROR - Unexpected error: name 'get_student_info' is not defined
Traceback (most recent call last):
  File "d:\Downloads\Super 30 exmples\student-result-calculator\main.py", line 78, in main
    process_student()
    ~~~~~~~~~~~~~~~^^
  File "d:\Downloads\Super 30 exmples\student-result-calculator\main.py", line 25, in process_student
    name, student_id = get_student_info()
                       ^^^^^^^^^^^^^^^^
NameError: name 'get_student_info' is not defined
2026-09-08 15:49:01,042 - ERROR - Unexpected error: name 'get_student_info' is not defined
Traceback (most recent call last):
  File "d:\Downloads\Super 30 exmples\student-result-calculator\main.py", line 78, in main
    process_student()
    ~~~~~~~~~~~~~~~^^
  File "d:\Downloads\Super 30 exmples\student-result-calculator\main.py", line 25, in process_student
    name, student_id = get_student_info()
                       ^^^^^^^^^^^^^^^^
NameError: name 'get_student_info' is not defined
2026-09-08 15:49:01,042 - ERROR - Unexpected error: name 'get_student_info' is not defined
Traceback (most recent call last):
  File "d:\Downloads\Super 30 exmples\student-result-calculator\main.py", line 78, in main
    process_student()
    ~~~~~~~~~~~~~~~^^
  File "d:\Downloads\Super 30 exmples\student-result-calculator\main.py", line 25, in process_student
    name, student_id = get_student_info()
                       ^^^^^^^^^^^^^^^^
NameError: name 'get_student_info' is not defined
2026-09-08 15:49:01,043 - ERROR - Unexpected error: name 'get_student_info' is not defined
Traceback (most recent call last):
  File "d:\Downloads\Super 30 exmples\student-result-calculator\main.py", line 78, in main
    process_student()
    ~~~~~~~~~~~~~~~^^
  File "d:\Downloads\Super 30 exmples\student-result-calculator\main.py", line 25, in process_student
    name, student_id = get_student_info()
                       ^^^^^^^^^^^^^^^^
NameError: name 'get_student_info' is not defined
2026-09-08 15:49:01,043 - ERROR - Unexpected error: name 'get_student_info' is not defined
Traceback (most recent call last):
  File "d:\Downloads\Super 30 exmples\student-result-calculator\main.py", line 78, in main
    process_student()
    ~~~~~~~~~~~~~~~^^
  File "d:\Downloads\Super 30 exmples\student-result-calculator\main.py", line 25, in process_student
    name, student_id = get_student_info()
                       ^^^^^^^^^^^^^^^^
NameError: name 'get_student_info' is not defined
2026-09-08 15:49:01,044 - ERROR - Unexpected error: name 'get_student_info' is not defined
Traceback (most recent call last):
  File "d:\Downloads\Super 30 exmples\student-result-calculator\main.py", line 78, in main
    process_student()
    ~~~~~~~~~~~~~~~^^
  File "d:\Downloads\Super 30 exmples\student-result-calculator\main.py", line 25, in process_student
    name, student_id = get_student_info()
                       ^^^^^^^^^^^^^^^^
NameError: name 'get_student_info' is not defined
2026-09-08 15:49:01,044 - ERROR - Unexpected error: name 'get_student_info' is not defined
Traceback (most recent call last):
  File "d:\Downloads\Super 30 exmples\student-result-calculator\main.py", line 78, in main
    process_student()
    ~~~~~~~~~~~~~~~^^
  File "d:\Downloads\Super 30 exmples\student-result-calculator\main.py", line 25, in process_student
    name, student_id = get_student_info()
                       ^^^^^^^^^^^^^^^^
NameError: name 'get_student_info' is not defined
2026-09-08 15:49:01,044 - ERROR - Unexpected error: name 'get_student_info' is not defined
Traceback (most recent call last):
  File "d:\Downloads\Super 30 exmples\student-result-calculator\main.py", line 78, in main
    process_student()
    ~~~~~~~~~~~~~~~^^
  File "d:\Downloads\Super 30 exmples\student-result-calculator\main.py", line 25, in process_student
    name, student_id = get_student_info()
                       ^^^^^^^^^^^^^^^^
NameError: name 'get_student_info' is not defined
2026-09-08 15:49:01,045 - ERROR - Unexpected error: name 'get_student_info' is not defined
Traceback (most recent call last):
  File "d:\Downloads\Super 30 exmples\student-result-calculator\main.py", line 78, in main
    process_student()
    ~~~~~~~~~~~~~~~^^
  File "d:\Downloads\Super 30 exmples\student-result-calculator\main.py", line 25, in process_student
    name, student_id = get_student_info()
                       ^^^^^^^^^^^^^^^^
NameError: name 'get_student_info' is not defined
2026-09-08 15:49:01,045 - ERROR - Unexpected error: name 'get_student_info' is not defined
Traceback (most recent call last):
  File "d:\Downloads\Super 30 exmples\student-result-calculator\main.py", line 78, in main
    process_student()
    ~~~~~~~~~~~~~~~^^
  File "d:\Downloads\Super 30 exmples\student-result-calculator\main.py", line 25, in process_student
    name, student_id = get_student_info()
                       ^^^^^^^^^^^^^^^^
NameError: name 'get_student_info' is not defined
2026-09-08 15:49:01,046 - ERROR - Unexpected error: name 'get_student_info' is not defined
Traceback (most recent call last):
  File "d:\Downloads\Super 30 exmples\student-result-calculator\main.py", line 78, in main
    process_student()
    ~~~~~~~~~~~~~~~^^
  File "d:\Downloads\Super 30 exmples\student-result-calculator\main.py", line 25, in process_student
    name, student_id = get_student_info()
                       ^^^^^^^^^^^^^^^^
NameError: name 'get_student_info' is not defined
2026-09-08 15:49:01,047 - ERROR - Unexpected error: name 'get_student_info' is not defined
Traceback (most recent call last):
  File "d:\Downloads\Super 30 exmples\student-result-calculator\main.py", line 78, in main
    process_student()
    ~~~~~~~~~~~~~~~^^
  File "d:\Downloads\Super 30 exmples\student-result-calculator\main.py", line 25, in process_student
    name, student_id = get_student_info()
                       ^^^^^^^^^^^^^^^^
NameError: name 'get_student_info' is not defined
2026-09-08 15:49:01,047 - ERROR - Unexpected error: name 'get_student_info' is not defined
Traceback (most recent call last):
  File "d:\Downloads\Super 30 exmples\student-result-calculator\main.py", line 78, in main
    process_student()
    ~~~~~~~~~~~~~~~^^
  File "d:\Downloads\Super 30 exmples\student-result-calculator\main.py", line 25, in process_student
    name, student_id = get_student_info()
                       ^^^^^^^^^^^^^^^^
NameError: name 'get_student_info' is not defined
2026-09-08 15:49:01,048 - ERROR - Unexpected error: name 'get_student_info' is not defined
Traceback (most recent call last):
  File "d:\Downloads\Super 30 exmples\student-result-calculator\main.py", line 78, in main
    process_student()
    ~~~~~~~~~~~~~~~^^
  File "d:\Downloads\Super 30 exmples\student-result-calculator\main.py", line 25, in process_student
    name, student_id = get_student_info()
                       ^^^^^^^^^^^^^^^^
NameError: name 'get_student_info' is not defined
2026-09-08 15:49:01,048 - ERROR - Unexpected error: name 'get_student_info' is not defined
Traceback (most recent call last):
  File "d:\Downloads\Super 30 exmples\student-result-calculator\main.py", line 78, in main
    process_student()
    ~~~~~~~~~~~~~~~^^
  File "d:\Downloads\Super 30 exmples\student-result-calculator\main.py", line 25, in process_student
    name, student_id = get_student_info()
                       ^^^^^^^^^^^^^^^^
NameError: name 'get_student_info' is not defined
2026-09-08 15:49:01,049 - ERROR - Unexpected error: name 'get_student_info' is not defined
Traceback (most recent call last):
  File "d:\Downloads\Super 30 exmples\student-result-calculator\main.py", line 78, in main
    process_student()
    ~~~~~~~~~~~~~~~^^
  File "d:\Downloads\Super 30 exmples\student-result-calculator\main.py", line 25, in process_student
    name, student_id = get_student_info()
                       ^^^^^^^^^^^^^^^^
NameError: name 'get_student_info' is not defined
2026-09-08 15:49:01,050 - ERROR - Unexpected error: name 'get_student_info' is not defined
Traceback (most recent call last):
  File "d:\Downloads\Super 30 exmples\student-result-calculator\main.py", line 78, in main
    process_student()
    ~~~~~~~~~~~~~~~^^
  File "d:\Downloads\Super 30 exmples\student-result-calculator\main.py", line 25, in process_student
    name, student_id = get_student_info()
                       ^^^^^^^^^^^^^^^^
NameError: name 'get_student_info' is not defined
2026-09-08 15:49:01,052 - ERROR - Unexpected error: name 'get_student_info' is not defined
Traceback (most recent call last):
  File "d:\Downloads\Super 30 exmples\student-result-calculator\main.py", line 78, in main
    process_student()
    ~~~~~~~~~~~~~~~^^
  File "d:\Downloads\Super 30 exmples\student-result-calculator\main.py", line 25, in process_student
    name, student_id = get_student_info()
                       ^^^^^^^^^^^^^^^^
NameError: name 'get_student_info' is not defined
2026-09-08 15:49:01,052 - ERROR - Unexpected error: name 'get_student_info' is not defined
Traceback (most recent call last):
  File "d:\Downloads\Super 30 exmples\student-result-calculator\main.py", line 78, in main
    process_student()
    ~~~~~~~~~~~~~~~^^
  File "d:\Downloads\Super 30 exmples\student-result-calculator\main.py", line 25, in process_student
    name, student_id = get_student_info()
                       ^^^^^^^^^^^^^^^^
NameError: name 'get_student_info' is not defined
2026-09-08 15:49:01,053 - ERROR - Unexpected error: name 'get_student_info' is not defined
Traceback (most recent call last):
  File "d:\Downloads\Super 30 exmples\student-result-calculator\main.py", line 78, in main
    process_student()
    ~~~~~~~~~~~~~~~^^
  File "d:\Downloads\Super 30 exmples\student-result-calculator\main.py", line 25, in process_student
    name, student_id = get_student_info()
                       ^^^^^^^^^^^^^^^^
NameError: name 'get_student_info' is not defined
2026-09-08 15:49:01,053 - ERROR - Unexpected error: name 'get_student_info' is not defined
Traceback (most recent call last):
  File "d:\Downloads\Super 30 exmples\student-result-calculator\main.py", line 78, in main
    process_student()
    ~~~~~~~~~~~~~~~^^
  File "d:\Downloads\Super 30 exmples\student-result-calculator\main.py", line 25, in process_student
    name, student_id = get_student_info()
                       ^^^^^^^^^^^^^^^^
NameError: name 'get_student_info' is not defined
2026-09-08 15:49:01,054 - ERROR - Unexpected error: name 'get_student_info' is not defined
Traceback (most recent call last):
  File "d:\Downloads\Super 30 exmples\student-result-calculator\main.py", line 78, in main
    process_student()
    ~~~~~~~~~~~~~~~^^
  File "d:\Downloads\Super 30 exmples\student-result-calculator\main.py", line 25, in process_student
    name, student_id = get_student_info()
                       ^^^^^^^^^^^^^^^^
NameError: name 'get_student_info' is not defined
2026-09-08 15:49:01,054 - ERROR - Unexpected error: name 'get_student_info' is not defined
Traceback (most recent call last):
  File "d:\Downloads\Super 30 exmples\student-result-calculator\main.py", line 78, in main
    process_student()
    ~~~~~~~~~~~~~~~^^
  File "d:\Downloads\Super 30 exmples\student-result-calculator\main.py", line 25, in process_student
    name, student_id = get_student_info()
                       ^^^^^^^^^^^^^^^^
NameError: name 'get_student_info' is not defined
2026-09-08 15:49:01,055 - ERROR - Unexpected error: name 'get_student_info' is not defined
Traceback (most recent call last):
  File "d:\Downloads\Super 30 exmples\student-result-calculator\main.py", line 78, in main
    process_student()
    ~~~~~~~~~~~~~~~^^
  File "d:\Downloads\Super 30 exmples\student-result-calculator\main.py", line 25, in process_student
    name, student_id = get_student_info()
                       ^^^^^^^^^^^^^^^^
NameError: name 'get_student_info' is not defined
2026-09-08 15:49:01,055 - ERROR - Unexpected error: name 'get_student_info' is not defined
Traceback (most recent call last):
  File "d:\Downloads\Super 30 exmples\student-result-calculator\main.py", line 78, in main
    process_student()
    ~~~~~~~~~~~~~~~^^
  File "d:\Downloads\Super 30 exmples\student-result-calculator\main.py", line 25, in process_student
    name, student_id = get_student_info()
                       ^^^^^^^^^^^^^^^^
NameError: name 'get_student_info' is not defined
2026-09-08 15:49:01,056 - ERROR - Unexpected error: name 'get_student_info' is not defined
Traceback (most recent call last):
  File "d:\Downloads\Super 30 exmples\student-result-calculator\main.py", line 78, in main
    process_student()
    ~~~~~~~~~~~~~~~^^
  File "d:\Downloads\Super 30 exmples\student-result-calculator\main.py", line 25, in process_student
    name, student_id = get_student_info()
                       ^^^^^^^^^^^^^^^^
NameError: name 'get_student_info' is not defined
2026-09-08 15:49:01,056 - ERROR - Unexpected error: name 'get_student_info' is not defined
Traceback (most recent call last):
  File "d:\Downloads\Super 30 exmples\student-result-calculator\main.py", line 78, in main
    process_student()
    ~~~~~~~~~~~~~~~^^
  File "d:\Downloads\Super 30 exmples\student-result-calculator\main.py", line 25, in process_student
    name, student_id = get_student_info()
                       ^^^^^^^^^^^^^^^^
NameError: name 'get_student_info' is not defined
2026-09-08 15:49:01,057 - ERROR - Unexpected error: name 'get_student_info' is not defined
Traceback (most recent call last):
  File "d:\Downloads\Super 30 exmples\student-result-calculator\main.py", line 78, in main
    process_student()
    ~~~~~~~~~~~~~~~^^
  File "d:\Downloads\Super 30 exmples\student-result-calculator\main.py", line 25, in process_student
    name, student_id = get_student_info()
                       ^^^^^^^^^^^^^^^^
NameError: name 'get_student_info' is not defined
2026-09-08 15:49:01,057 - ERROR - Unexpected error: name 'get_student_info' is not defined
Traceback (most recent call last):
  File "d:\Downloads\Super 30 exmples\student-result-calculator\main.py", line 78, in main
    process_student()
    ~~~~~~~~~~~~~~~^^
  File "d:\Downloads\Super 30 exmples\student-result-calculator\main.py", line 25, in process_student
    name, student_id = get_student_info()
                       ^^^^^^^^^^^^^^^^
NameError: name 'get_student_info' is not defined
2026-09-08 15:49:01,057 - ERROR - Unexpected error: name 'get_student_info' is not defined
Traceback (most recent call last):
  File "d:\Downloads\Super 30 exmples\student-result-calculator\main.py", line 78, in main
    process_student()
    ~~~~~~~~~~~~~~~^^
  File "d:\Downloads\Super 30 exmples\student-result-calculator\main.py", line 25, in process_student
    name, student_id = get_student_info()
                       ^^^^^^^^^^^^^^^^
NameError: name 'get_student_info' is not defined
2026-09-08 15:49:01,058 - ERROR - Unexpected error: name 'get_student_info' is not defined
Traceback (most recent call last):
  File "d:\Downloads\Super 30 exmples\student-result-calculator\main.py", line 78, in main
    process_student()
    ~~~~~~~~~~~~~~~^^
  File "d:\Downloads\Super 30 exmples\student-result-calculator\main.py", line 25, in process_student
    name, student_id = get_student_info()
                       ^^^^^^^^^^^^^^^^
NameError: name 'get_student_info' is not defined
2026-09-08 15:49:01,058 - ERROR - Unexpected error: name 'get_student_info' is not defined
Traceback (most recent call last):
  File "d:\Downloads\Super 30 exmples\student-result-calculator\main.py", line 78, in main
    process_student()
    ~~~~~~~~~~~~~~~^^
  File "d:\Downloads\Super 30 exmples\student-result-calculator\main.py", line 25, in process_student
    name, student_id = get_student_info()
                       ^^^^^^^^^^^^^^^^
NameError: name 'get_student_info' is not defined
2026-09-08 15:49:01,059 - ERROR - Unexpected error: name 'get_student_info' is not defined
Traceback (most recent call last):
  File "d:\Downloads\Super 30 exmples\student-result-calculator\main.py", line 78, in main
    process_student()
    ~~~~~~~~~~~~~~~^^
  File "d:\Downloads\Super 30 exmples\student-result-calculator\main.py", line 25, in process_student
    name, student_id = get_student_info()
                       ^^^^^^^^^^^^^^^^
NameError: name 'get_student_info' is not defined
2026-09-08 15:49:01,059 - ERROR - Unexpected error: name 'get_student_info' is not defined
Traceback (most recent call last):
  File "d:\Downloads\Super 30 exmples\student-result-calculator\main.py", line 78, in main
    process_student()
    ~~~~~~~~~~~~~~~^^
  File "d:\Downloads\Super 30 exmples\student-result-calculator\main.py", line 25, in process_student
    name, student_id = get_student_info()
                       ^^^^^^^^^^^^^^^^
NameError: name 'get_student_info' is not defined
2026-09-08 15:49:01,060 - ERROR - Unexpected error: name 'get_student_info' is not defined
Traceback (most recent call last):
  File "d:\Downloads\Super 30 exmples\student-result-calculator\main.py", line 78, in main
    process_student()
    ~~~~~~~~~~~~~~~^^
  File "d:\Downloads\Super 30 exmples\student-result-calculator\main.py", line 25, in process_student
    name, student_id = get_student_info()
                       ^^^^^^^^^^^^^^^^
NameError: name 'get_student_info' is not defined
2026-09-08 15:49:01,060 - ERROR - Unexpected error: name 'get_student_info' is not defined
Traceback (most recent call last):
  File "d:\Downloads\Super 30 exmples\student-result-calculator\main.py", line 78, in main
    process_student()
    ~~~~~~~~~~~~~~~^^
  File "d:\Downloads\Super 30 exmples\student-result-calculator\main.py", line 25, in process_student
    name, student_id = get_student_info()
                       ^^^^^^^^^^^^^^^^
NameError: name 'get_student_info' is not defined
2026-09-08 15:49:01,061 - ERROR - Unexpected error: name 'get_student_info' is not defined
Traceback (most recent call last):
  File "d:\Downloads\Super 30 exmples\student-result-calculator\main.py", line 78, in main
    process_student()
    ~~~~~~~~~~~~~~~^^
  File "d:\Downloads\Super 30 exmples\student-result-calculator\main.py", line 25, in process_student
    name, student_id = get_student_info()
                       ^^^^^^^^^^^^^^^^
NameError: name 'get_student_info' is not defined
2026-09-08 15:49:01,061 - ERROR - Unexpected error: name 'get_student_info' is not defined
Traceback (most recent call last):
  File "d:\Downloads\Super 30 exmples\student-result-calculator\main.py", line 78, in main
    process_student()
    ~~~~~~~~~~~~~~~^^
  File "d:\Downloads\Super 30 exmples\student-result-calculator\main.py", line 25, in process_student
    name, student_id = get_student_info()
                       ^^^^^^^^^^^^^^^^
NameError: name 'get_student_info' is not defined
2026-09-08 15:49:01,062 - ERROR - Unexpected error: name 'get_student_info' is not defined
Traceback (most recent call last):
  File "d:\Downloads\Super 30 exmples\student-result-calculator\main.py", line 78, in main
    process_student()
    ~~~~~~~~~~~~~~~^^
  File "d:\Downloads\Super 30 exmples\student-result-calculator\main.py", line 25, in process_student
    name, student_id = get_student_info()
                       ^^^^^^^^^^^^^^^^
NameError: name 'get_student_info' is not defined
2026-09-08 15:49:01,062 - ERROR - Unexpected error: name 'get_student_info' is not defined
Traceback (most recent call last):
  File "d:\Downloads\Super 30 exmples\student-result-calculator\main.py", line 78, in main
    process_student()
    ~~~~~~~~~~~~~~~^^
  File "d:\Downloads\Super 30 exmples\student-result-calculator\main.py", line 25, in process_student
    name, student_id = get_student_info()
                       ^^^^^^^^^^^^^^^^
NameError: name 'get_student_info' is not defined
2026-09-08 15:49:01,063 - ERROR - Unexpected error: name 'get_student_info' is not defined
Traceback (most recent call last):
  File "d:\Downloads\Super 30 exmples\student-result-calculator\main.py", line 78, in main
    process_student()
    ~~~~~~~~~~~~~~~^^
  File "d:\Downloads\Super 30 exmples\student-result-calculator\main.py", line 25, in process_student
    name, student_id = get_student_info()
                       ^^^^^^^^^^^^^^^^
NameError: name 'get_student_info' is not defined
2026-09-08 15:49:01,064 - ERROR - Unexpected error: name 'get_student_info' is not defined
Traceback (most recent call last):
  File "d:\Downloads\Super 30 exmples\student-result-calculator\main.py", line 78, in main
    process_student()
    ~~~~~~~~~~~~~~~^^
  File "d:\Downloads\Super 30 exmples\student-result-calculator\main.py", line 25, in process_student
    name, student_id = get_student_info()
                       ^^^^^^^^^^^^^^^^
NameError: name 'get_student_info' is not defined
2026-09-08 15:49:01,064 - ERROR - Unexpected error: name 'get_student_info' is not defined
Traceback (most recent call last):
  File "d:\Downloads\Super 30 exmples\student-result-calculator\main.py", line 78, in main
    process_student()
    ~~~~~~~~~~~~~~~^^
  File "d:\Downloads\Super 30 exmples\student-result-calculator\main.py", line 25, in process_student
    name, student_id = get_student_info()
                       ^^^^^^^^^^^^^^^^
NameError: name 'get_student_info' is not defined
2026-09-08 15:49:01,065 - ERROR - Unexpected error: name 'get_student_info' is not defined
Traceback (most recent call last):
  File "d:\Downloads\Super 30 exmples\student-result-calculator\main.py", line 78, in main
    process_student()
    ~~~~~~~~~~~~~~~^^
  File "d:\Downloads\Super 30 exmples\student-result-calculator\main.py", line 25, in process_student
    name, student_id = get_student_info()
                       ^^^^^^^^^^^^^^^^
NameError: name 'get_student_info' is not defined
2026-09-08 15:49:01,067 - ERROR - Unexpected error: name 'get_student_info' is not defined
Traceback (most recent call last):
  File "d:\Downloads\Super 30 exmples\student-result-calculator\main.py", line 78, in main
    process_student()
    ~~~~~~~~~~~~~~~^^
  File "d:\Downloads\Super 30 exmples\student-result-calculator\main.py", line 25, in process_student
    name, student_id = get_student_info()
                       ^^^^^^^^^^^^^^^^
NameError: name 'get_student_info' is not defined
2026-09-08 15:49:01,068 - ERROR - Unexpected error: name 'get_student_info' is not defined
Traceback (most recent call last):
  File "d:\Downloads\Super 30 exmples\student-result-calculator\main.py", line 78, in main
    process_student()
    ~~~~~~~~~~~~~~~^^
  File "d:\Downloads\Super 30 exmples\student-result-calculator\main.py", line 25, in process_student
    name, student_id = get_student_info()
                       ^^^^^^^^^^^^^^^^
NameError: name 'get_student_info' is not defined
2026-09-08 15:49:01,069 - ERROR - Unexpected error: name 'get_student_info' is not defined
Traceback (most recent call last):
  File "d:\Downloads\Super 30 exmples\student-result-calculator\main.py", line 78, in main
    process_student()
    ~~~~~~~~~~~~~~~^^
  File "d:\Downloads\Super 30 exmples\student-result-calculator\main.py", line 25, in process_student
    name, student_id = get_student_info()
                       ^^^^^^^^^^^^^^^^
NameError: name 'get_student_info' is not defined
2026-09-08 15:49:01,070 - ERROR - Unexpected error: name 'get_student_info' is not defined
Traceback (most recent call last):
  File "d:\Downloads\Super 30 exmples\student-result-calculator\main.py", line 78, in main
    process_student()
    ~~~~~~~~~~~~~~~^^
  File "d:\Downloads\Super 30 exmples\student-result-calculator\main.py", line 25, in process_student
    name, student_id = get_student_info()
                       ^^^^^^^^^^^^^^^^
NameError: name 'get_student_info' is not defined
2026-09-08 15:49:01,070 - ERROR - Unexpected error: name 'get_student_info' is not defined
Traceback (most recent call last):
  File "d:\Downloads\Super 30 exmples\student-result-calculator\main.py", line 78, in main
    process_student()
    ~~~~~~~~~~~~~~~^^
  File "d:\Downloads\Super 30 exmples\student-result-calculator\main.py", line 25, in process_student
    name, student_id = get_student_info()
                       ^^^^^^^^^^^^^^^^
NameError: name 'get_student_info' is not defined
2026-09-08 15:49:01,071 - ERROR - Unexpected error: name 'get_student_info' is not defined
Traceback (most recent call last):
  File "d:\Downloads\Super 30 exmples\student-result-calculator\main.py", line 78, in main
    process_student()
    ~~~~~~~~~~~~~~~^^
  File "d:\Downloads\Super 30 exmples\student-result-calculator\main.py", line 25, in process_student
    name, student_id = get_student_info()
                       ^^^^^^^^^^^^^^^^
NameError: name 'get_student_info' is not defined
2026-09-08 15:49:01,071 - ERROR - Unexpected error: name 'get_student_info' is not defined
Traceback (most recent call last):
  File "d:\Downloads\Super 30 exmples\student-result-calculator\main.py", line 78, in main
    process_student()
    ~~~~~~~~~~~~~~~^^
  File "d:\Downloads\Super 30 exmples\student-result-calculator\main.py", line 25, in process_student
    name, student_id = get_student_info()
                       ^^^^^^^^^^^^^^^^
NameError: name 'get_student_info' is not defined
2026-09-08 15:49:01,072 - ERROR - Unexpected error: name 'get_student_info' is not defined
Traceback (most recent call last):
  File "d:\Downloads\Super 30 exmples\student-result-calculator\main.py", line 78, in main
    process_student()
    ~~~~~~~~~~~~~~~^^
  File "d:\Downloads\Super 30 exmples\student-result-calculator\main.py", line 25, in process_student
    name, student_id = get_student_info()
                       ^^^^^^^^^^^^^^^^
NameError: name 'get_student_info' is not defined
2026-09-08 15:49:01,072 - ERROR - Unexpected error: name 'get_student_info' is not defined
Traceback (most recent call last):
  File "d:\Downloads\Super 30 exmples\student-result-calculator\main.py", line 78, in main
    process_student()
    ~~~~~~~~~~~~~~~^^
  File "d:\Downloads\Super 30 exmples\student-result-calculator\main.py", line 25, in process_student
    name, student_id = get_student_info()
                       ^^^^^^^^^^^^^^^^
NameError: name 'get_student_info' is not defined
2026-09-08 15:49:01,073 - ERROR - Unexpected error: name 'get_student_info' is not defined
Traceback (most recent call last):
  File "d:\Downloads\Super 30 exmples\student-result-calculator\main.py", line 78, in main
    process_student()
    ~~~~~~~~~~~~~~~^^
  File "d:\Downloads\Super 30 exmples\student-result-calculator\main.py", line 25, in process_student
    name, student_id = get_student_info()
                       ^^^^^^^^^^^^^^^^
NameError: name 'get_student_info' is not defined
2026-09-08 15:49:01,073 - ERROR - Unexpected error: name 'get_student_info' is not defined
Traceback (most recent call last):
  File "d:\Downloads\Super 30 exmples\student-result-calculator\main.py", line 78, in main
    process_student()
    ~~~~~~~~~~~~~~~^^
  File "d:\Downloads\Super 30 exmples\student-result-calculator\main.py", line 25, in process_student
    name, student_id = get_student_info()
                       ^^^^^^^^^^^^^^^^
NameError: name 'get_student_info' is not defined
2026-09-08 15:49:01,074 - ERROR - Unexpected error: name 'get_student_info' is not defined
Traceback (most recent call last):
  File "d:\Downloads\Super 30 exmples\student-result-calculator\main.py", line 78, in main
    process_student()
    ~~~~~~~~~~~~~~~^^
  File "d:\Downloads\Super 30 exmples\student-result-calculator\main.py", line 25, in process_student
    name, student_id = get_student_info()
                       ^^^^^^^^^^^^^^^^
NameError: name 'get_student_info' is not defined
2026-09-08 15:49:01,074 - ERROR - Unexpected error: name 'get_student_info' is not defined
Traceback (most recent call last):
  File "d:\Downloads\Super 30 exmples\student-result-calculator\main.py", line 78, in main
    process_student()
    ~~~~~~~~~~~~~~~^^
  File "d:\Downloads\Super 30 exmples\student-result-calculator\main.py", line 25, in process_student
    name, student_id = get_student_info()
                       ^^^^^^^^^^^^^^^^
NameError: name 'get_student_info' is not defined
2026-09-08 15:49:01,075 - ERROR - Unexpected error: name 'get_student_info' is not defined
Traceback (most recent call last):
  File "d:\Downloads\Super 30 exmples\student-result-calculator\main.py", line 78, in main
    process_student()
    ~~~~~~~~~~~~~~~^^
  File "d:\Downloads\Super 30 exmples\student-result-calculator\main.py", line 25, in process_student
    name, student_id = get_student_info()
                       ^^^^^^^^^^^^^^^^
NameError: name 'get_student_info' is not defined
2026-09-08 15:49:01,075 - ERROR - Unexpected error: name 'get_student_info' is not defined
Traceback (most recent call last):
  File "d:\Downloads\Super 30 exmples\student-result-calculator\main.py", line 78, in main
    process_student()
    ~~~~~~~~~~~~~~~^^
  File "d:\Downloads\Super 30 exmples\student-result-calculator\main.py", line 25, in process_student
    name, student_id = get_student_info()
                       ^^^^^^^^^^^^^^^^
NameError: name 'get_student_info' is not defined
2026-09-08 15:49:01,076 - ERROR - Unexpected error: name 'get_student_info' is not defined
Traceback (most recent call last):
  File "d:\Downloads\Super 30 exmples\student-result-calculator\main.py", line 78, in main
    process_student()
    ~~~~~~~~~~~~~~~^^
  File "d:\Downloads\Super 30 exmples\student-result-calculator\main.py", line 25, in process_student
    name, student_id = get_student_info()
                       ^^^^^^^^^^^^^^^^
NameError: name 'get_student_info' is not defined
2026-09-08 15:49:01,076 - ERROR - Unexpected error: name 'get_student_info' is not defined
Traceback (most recent call last):
  File "d:\Downloads\Super 30 exmples\student-result-calculator\main.py", line 78, in main
    process_student()
    ~~~~~~~~~~~~~~~^^
  File "d:\Downloads\Super 30 exmples\student-result-calculator\main.py", line 25, in process_student
    name, student_id = get_student_info()
                       ^^^^^^^^^^^^^^^^
NameError: name 'get_student_info' is not defined
2026-09-08 15:49:01,077 - ERROR - Unexpected error: name 'get_student_info' is not defined
Traceback (most recent call last):
  File "d:\Downloads\Super 30 exmples\student-result-calculator\main.py", line 78, in main
    process_student()
    ~~~~~~~~~~~~~~~^^
  File "d:\Downloads\Super 30 exmples\student-result-calculator\main.py", line 25, in process_student
    name, student_id = get_student_info()
                       ^^^^^^^^^^^^^^^^
NameError: name 'get_student_info' is not defined
2026-09-08 15:49:01,077 - ERROR - Unexpected error: name 'get_student_info' is not defined
Traceback (most recent call last):
  File "d:\Downloads\Super 30 exmples\student-result-calculator\main.py", line 78, in main
    process_student()
    ~~~~~~~~~~~~~~~^^
  File "d:\Downloads\Super 30 exmples\student-result-calculator\main.py", line 25, in process_student
    name, student_id = get_student_info()
                       ^^^^^^^^^^^^^^^^
NameError: name 'get_student_info' is not defined
2026-09-08 15:49:01,078 - ERROR - Unexpected error: name 'get_student_info' is not defined
Traceback (most recent call last):
  File "d:\Downloads\Super 30 exmples\student-result-calculator\main.py", line 78, in main
    process_student()
    ~~~~~~~~~~~~~~~^^
  File "d:\Downloads\Super 30 exmples\student-result-calculator\main.py", line 25, in process_student
    name, student_id = get_student_info()
                       ^^^^^^^^^^^^^^^^
NameError: name 'get_student_info' is not defined
2026-09-08 15:49:01,078 - ERROR - Unexpected error: name 'get_student_info' is not defined
Traceback (most recent call last):
  File "d:\Downloads\Super 30 exmples\student-result-calculator\main.py", line 78, in main
    process_student()
    ~~~~~~~~~~~~~~~^^
  File "d:\Downloads\Super 30 exmples\student-result-calculator\main.py", line 25, in process_student
    name, student_id = get_student_info()
                       ^^^^^^^^^^^^^^^^
NameError: name 'get_student_info' is not defined
2026-09-08 15:49:01,079 - ERROR - Unexpected error: name 'get_student_info' is not defined
Traceback (most recent call last):
  File "d:\Downloads\Super 30 exmples\student-result-calculator\main.py", line 78, in main
    process_student()
    ~~~~~~~~~~~~~~~^^
  File "d:\Downloads\Super 30 exmples\student-result-calculator\main.py", line 25, in process_student
    name, student_id = get_student_info()
                       ^^^^^^^^^^^^^^^^
NameError: name 'get_student_info' is not defined
2026-09-08 15:49:01,080 - ERROR - Unexpected error: name 'get_student_info' is not defined
Traceback (most recent call last):
  File "d:\Downloads\Super 30 exmples\student-result-calculator\main.py", line 78, in main
    process_student()
    ~~~~~~~~~~~~~~~^^
  File "d:\Downloads\Super 30 exmples\student-result-calculator\main.py", line 25, in process_student
    name, student_id = get_student_info()
                       ^^^^^^^^^^^^^^^^
NameError: name 'get_student_info' is not defined
2026-09-08 15:49:01,081 - ERROR - Unexpected error: name 'get_student_info' is not defined
Traceback (most recent call last):
  File "d:\Downloads\Super 30 exmples\student-result-calculator\main.py", line 78, in main
    process_student()
    ~~~~~~~~~~~~~~~^^
  File "d:\Downloads\Super 30 exmples\student-result-calculator\main.py", line 25, in process_student
    name, student_id = get_student_info()
                       ^^^^^^^^^^^^^^^^
NameError: name 'get_student_info' is not defined
2026-09-08 15:49:01,082 - ERROR - Unexpected error: name 'get_student_info' is not defined
Traceback (most recent call last):
  File "d:\Downloads\Super 30 exmples\student-result-calculator\main.py", line 78, in main
    process_student()
    ~~~~~~~~~~~~~~~^^
  File "d:\Downloads\Super 30 exmples\student-result-calculator\main.py", line 25, in process_student
    name, student_id = get_student_info()
                       ^^^^^^^^^^^^^^^^
NameError: name 'get_student_info' is not defined
2026-09-08 15:49:01,082 - ERROR - Unexpected error: name 'get_student_info' is not defined
Traceback (most recent call last):
  File "d:\Downloads\Super 30 exmples\student-result-calculator\main.py", line 78, in main
    process_student()
    ~~~~~~~~~~~~~~~^^
  File "d:\Downloads\Super 30 exmples\student-result-calculator\main.py", line 25, in process_student
    name, student_id = get_student_info()
                       ^^^^^^^^^^^^^^^^
NameError: name 'get_student_info' is not defined
2026-09-08 15:49:01,083 - ERROR - Unexpected error: name 'get_student_info' is not defined
Traceback (most recent call last):
  File "d:\Downloads\Super 30 exmples\student-result-calculator\main.py", line 78, in main
    process_student()
    ~~~~~~~~~~~~~~~^^
  File "d:\Downloads\Super 30 exmples\student-result-calculator\main.py", line 25, in process_student
    name, student_id = get_student_info()
                       ^^^^^^^^^^^^^^^^
NameError: name 'get_student_info' is not defined
2026-09-08 15:49:01,084 - ERROR - Unexpected error: name 'get_student_info' is not defined
Traceback (most recent call last):
  File "d:\Downloads\Super 30 exmples\student-result-calculator\main.py", line 78, in main
    process_student()
    ~~~~~~~~~~~~~~~^^
  File "d:\Downloads\Super 30 exmples\student-result-calculator\main.py", line 25, in process_student
    name, student_id = get_student_info()
                       ^^^^^^^^^^^^^^^^
NameError: name 'get_student_info' is not defined
2026-09-08 15:49:01,084 - ERROR - Unexpected error: name 'get_student_info' is not defined
Traceback (most recent call last):
  File "d:\Downloads\Super 30 exmples\student-result-calculator\main.py", line 78, in main
    process_student()
    ~~~~~~~~~~~~~~~^^
  File "d:\Downloads\Super 30 exmples\student-result-calculator\main.py", line 25, in process_student
    name, student_id = get_student_info()
                       ^^^^^^^^^^^^^^^^
NameError: name 'get_student_info' is not defined
2026-09-08 15:49:01,085 - ERROR - Unexpected error: name 'get_student_info' is not defined
Traceback (most recent call last):
  File "d:\Downloads\Super 30 exmples\student-result-calculator\main.py", line 78, in main
    process_student()
    ~~~~~~~~~~~~~~~^^
  File "d:\Downloads\Super 30 exmples\student-result-calculator\main.py", line 25, in process_student
    name, student_id = get_student_info()
                       ^^^^^^^^^^^^^^^^
NameError: name 'get_student_info' is not defined
2026-09-08 15:49:01,085 - ERROR - Unexpected error: name 'get_student_info' is not defined
Traceback (most recent call last):
  File "d:\Downloads\Super 30 exmples\student-result-calculator\main.py", line 78, in main
    process_student()
    ~~~~~~~~~~~~~~~^^
  File "d:\Downloads\Super 30 exmples\student-result-calculator\main.py", line 25, in process_student
    name, student_id = get_student_info()
                       ^^^^^^^^^^^^^^^^
NameError: name 'get_student_info' is not defined
2026-09-08 15:49:01,086 - ERROR - Unexpected error: name 'get_student_info' is not defined
Traceback (most recent call last):
  File "d:\Downloads\Super 30 exmples\student-result-calculator\main.py", line 78, in main
    process_student()
    ~~~~~~~~~~~~~~~^^
  File "d:\Downloads\Super 30 exmples\student-result-calculator\main.py", line 25, in process_student
    name, student_id = get_student_info()
                       ^^^^^^^^^^^^^^^^
NameError: name 'get_student_info' is not defined
2026-09-08 15:49:01,086 - ERROR - Unexpected error: name 'get_student_info' is not defined
Traceback (most recent call last):
  File "d:\Downloads\Super 30 exmples\student-result-calculator\main.py", line 78, in main
    process_student()
    ~~~~~~~~~~~~~~~^^
  File "d:\Downloads\Super 30 exmples\student-result-calculator\main.py", line 25, in process_student
    name, student_id = get_student_info()
                       ^^^^^^^^^^^^^^^^
NameError: name 'get_student_info' is not defined
2026-09-08 15:49:01,087 - ERROR - Unexpected error: name 'get_student_info' is not defined
Traceback (most recent call last):
  File "d:\Downloads\Super 30 exmples\student-result-calculator\main.py", line 78, in main
    process_student()
    ~~~~~~~~~~~~~~~^^
  File "d:\Downloads\Super 30 exmples\student-result-calculator\main.py", line 25, in process_student
    name, student_id = get_student_info()
                       ^^^^^^^^^^^^^^^^
NameError: name 'get_student_info' is not defined
2026-09-08 15:49:01,087 - ERROR - Unexpected error: name 'get_student_info' is not defined
Traceback (most recent call last):
  File "d:\Downloads\Super 30 exmples\student-result-calculator\main.py", line 78, in main
    process_student()
    ~~~~~~~~~~~~~~~^^
  File "d:\Downloads\Super 30 exmples\student-result-calculator\main.py", line 25, in process_student
    name, student_id = get_student_info()
                       ^^^^^^^^^^^^^^^^
NameError: name 'get_student_info' is not defined
2026-09-08 15:49:01,088 - ERROR - Unexpected error: name 'get_student_info' is not defined
Traceback (most recent call last):
  File "d:\Downloads\Super 30 exmples\student-result-calculator\main.py", line 78, in main
    process_student()
    ~~~~~~~~~~~~~~~^^
  File "d:\Downloads\Super 30 exmples\student-result-calculator\main.py", line 25, in process_student
    name, student_id = get_student_info()
                       ^^^^^^^^^^^^^^^^
NameError: name 'get_student_info' is not defined
2026-09-08 15:49:01,089 - ERROR - Unexpected error: name 'get_student_info' is not defined
Traceback (most recent call last):
  File "d:\Downloads\Super 30 exmples\student-result-calculator\main.py", line 78, in main
    process_student()
    ~~~~~~~~~~~~~~~^^
  File "d:\Downloads\Super 30 exmples\student-result-calculator\main.py", line 25, in process_student
    name, student_id = get_student_info()
                       ^^^^^^^^^^^^^^^^
NameError: name 'get_student_info' is not defined
2026-09-08 15:49:01,089 - ERROR - Unexpected error: name 'get_student_info' is not defined
Traceback (most recent call last):
  File "d:\Downloads\Super 30 exmples\student-result-calculator\main.py", line 78, in main
    process_student()
    ~~~~~~~~~~~~~~~^^
  File "d:\Downloads\Super 30 exmples\student-result-calculator\main.py", line 25, in process_student
    name, student_id = get_student_info()
                       ^^^^^^^^^^^^^^^^
NameError: name 'get_student_info' is not defined
2026-09-08 15:49:01,090 - ERROR - Unexpected error: name 'get_student_info' is not defined
Traceback (most recent call last):
  File "d:\Downloads\Super 30 exmples\student-result-calculator\main.py", line 78, in main
    process_student()
    ~~~~~~~~~~~~~~~^^
  File "d:\Downloads\Super 30 exmples\student-result-calculator\main.py", line 25, in process_student
    name, student_id = get_student_info()
                       ^^^^^^^^^^^^^^^^
NameError: name 'get_student_info' is not defined
2026-09-08 15:49:01,090 - ERROR - Unexpected error: name 'get_student_info' is not defined
Traceback (most recent call last):
  File "d:\Downloads\Super 30 exmples\student-result-calculator\main.py", line 78, in main
    process_student()
    ~~~~~~~~~~~~~~~^^
  File "d:\Downloads\Super 30 exmples\student-result-calculator\main.py", line 25, in process_student
    name, student_id = get_student_info()
                       ^^^^^^^^^^^^^^^^
NameError: name 'get_student_info' is not defined
2026-09-08 15:49:01,090 - ERROR - Unexpected error: name 'get_student_info' is not defined
Traceback (most recent call last):
  File "d:\Downloads\Super 30 exmples\student-result-calculator\main.py", line 78, in main
    process_student()
    ~~~~~~~~~~~~~~~^^
  File "d:\Downloads\Super 30 exmples\student-result-calculator\main.py", line 25, in process_student
    name, student_id = get_student_info()
                       ^^^^^^^^^^^^^^^^
NameError: name 'get_student_info' is not defined
2026-09-08 15:49:01,091 - ERROR - Unexpected error: name 'get_student_info' is not defined
Traceback (most recent call last):
  File "d:\Downloads\Super 30 exmples\student-result-calculator\main.py", line 78, in main
    process_student()
    ~~~~~~~~~~~~~~~^^
  File "d:\Downloads\Super 30 exmples\student-result-calculator\main.py", line 25, in process_student
    name, student_id = get_student_info()
                       ^^^^^^^^^^^^^^^^
NameError: name 'get_student_info' is not defined
2026-09-08 15:49:01,091 - ERROR - Unexpected error: name 'get_student_info' is not defined
Traceback (most recent call last):
  File "d:\Downloads\Super 30 exmples\student-result-calculator\main.py", line 78, in main
    process_student()
    ~~~~~~~~~~~~~~~^^
  File "d:\Downloads\Super 30 exmples\student-result-calculator\main.py", line 25, in process_student
    name, student_id = get_student_info()
                       ^^^^^^^^^^^^^^^^
NameError: name 'get_student_info' is not defined
2026-09-08 15:49:01,092 - ERROR - Unexpected error: name 'get_student_info' is not defined
Traceback (most recent call last):
  File "d:\Downloads\Super 30 exmples\student-result-calculator\main.py", line 78, in main
    process_student()
    ~~~~~~~~~~~~~~~^^
  File "d:\Downloads\Super 30 exmples\student-result-calculator\main.py", line 25, in process_student
    name, student_id = get_student_info()
                       ^^^^^^^^^^^^^^^^
NameError: name 'get_student_info' is not defined
2026-09-08 15:49:01,092 - ERROR - Unexpected error: name 'get_student_info' is not defined
Traceback (most recent call last):
  File "d:\Downloads\Super 30 exmples\student-result-calculator\main.py", line 78, in main
    process_student()
    ~~~~~~~~~~~~~~~^^
  File "d:\Downloads\Super 30 exmples\student-result-calculator\main.py", line 25, in process_student
    name, student_id = get_student_info()
                       ^^^^^^^^^^^^^^^^
NameError: name 'get_student_info' is not defined
2026-09-08 15:49:01,093 - ERROR - Unexpected error: name 'get_student_info' is not defined
Traceback (most recent call last):
  File "d:\Downloads\Super 30 exmples\student-result-calculator\main.py", line 78, in main
    process_student()
    ~~~~~~~~~~~~~~~^^
  File "d:\Downloads\Super 30 exmples\student-result-calculator\main.py", line 25, in process_student
    name, student_id = get_student_info()
                       ^^^^^^^^^^^^^^^^
NameError: name 'get_student_info' is not defined
2026-09-08 15:49:01,093 - ERROR - Unexpected error: name 'get_student_info' is not defined
Traceback (most recent call last):
  File "d:\Downloads\Super 30 exmples\student-result-calculator\main.py", line 78, in main
    process_student()
    ~~~~~~~~~~~~~~~^^
  File "d:\Downloads\Super 30 exmples\student-result-calculator\main.py", line 25, in process_student
    name, student_id = get_student_info()
                       ^^^^^^^^^^^^^^^^
NameError: name 'get_student_info' is not defined
2026-09-08 15:49:01,094 - ERROR - Unexpected error: name 'get_student_info' is not defined
Traceback (most recent call last):
  File "d:\Downloads\Super 30 exmples\student-result-calculator\main.py", line 78, in main
    process_student()
    ~~~~~~~~~~~~~~~^^
  File "d:\Downloads\Super 30 exmples\student-result-calculator\main.py", line 25, in process_student
    name, student_id = get_student_info()
                       ^^^^^^^^^^^^^^^^
NameError: name 'get_student_info' is not defined
2026-09-08 15:49:01,094 - ERROR - Unexpected error: name 'get_student_info' is not defined
Traceback (most recent call last):
  File "d:\Downloads\Super 30 exmples\student-result-calculator\main.py", line 78, in main
    process_student()
    ~~~~~~~~~~~~~~~^^
  File "d:\Downloads\Super 30 exmples\student-result-calculator\main.py", line 25, in process_student
    name, student_id = get_student_info()
                       ^^^^^^^^^^^^^^^^
NameError: name 'get_student_info' is not defined
2026-09-08 15:49:01,095 - ERROR - Unexpected error: name 'get_student_info' is not defined
Traceback (most recent call last):
  File "d:\Downloads\Super 30 exmples\student-result-calculator\main.py", line 78, in main
    process_student()
    ~~~~~~~~~~~~~~~^^
  File "d:\Downloads\Super 30 exmples\student-result-calculator\main.py", line 25, in process_student
    name, student_id = get_student_info()
                       ^^^^^^^^^^^^^^^^
NameError: name 'get_student_info' is not defined
2026-09-08 15:49:01,095 - ERROR - Unexpected error: name 'get_student_info' is not defined
Traceback (most recent call last):
  File "d:\Downloads\Super 30 exmples\student-result-calculator\main.py", line 78, in main
    process_student()
    ~~~~~~~~~~~~~~~^^
  File "d:\Downloads\Super 30 exmples\student-result-calculator\main.py", line 25, in process_student
    name, student_id = get_student_info()
                       ^^^^^^^^^^^^^^^^
NameError: name 'get_student_info' is not defined
2026-09-08 15:49:01,096 - ERROR - Unexpected error: name 'get_student_info' is not defined
Traceback (most recent call last):
  File "d:\Downloads\Super 30 exmples\student-result-calculator\main.py", line 78, in main
    process_student()
    ~~~~~~~~~~~~~~~^^
  File "d:\Downloads\Super 30 exmples\student-result-calculator\main.py", line 25, in process_student
    name, student_id = get_student_info()
                       ^^^^^^^^^^^^^^^^
NameError: name 'get_student_info' is not defined
2026-09-08 15:49:01,098 - ERROR - Unexpected error: name 'get_student_info' is not defined
Traceback (most recent call last):
  File "d:\Downloads\Super 30 exmples\student-result-calculator\main.py", line 78, in main
    process_student()
    ~~~~~~~~~~~~~~~^^
  File "d:\Downloads\Super 30 exmples\student-result-calculator\main.py", line 25, in process_student
    name, student_id = get_student_info()
                       ^^^^^^^^^^^^^^^^
NameError: name 'get_student_info' is not defined
2026-09-08 15:49:01,099 - ERROR - Unexpected error: name 'get_student_info' is not defined
Traceback (most recent call last):
  File "d:\Downloads\Super 30 exmples\student-result-calculator\main.py", line 78, in main
    process_student()
    ~~~~~~~~~~~~~~~^^
  File "d:\Downloads\Super 30 exmples\student-result-calculator\main.py", line 25, in process_student
    name, student_id = get_student_info()
                       ^^^^^^^^^^^^^^^^
NameError: name 'get_student_info' is not defined
2026-09-08 15:49:01,100 - ERROR - Unexpected error: name 'get_student_info' is not defined
Traceback (most recent call last):
  File "d:\Downloads\Super 30 exmples\student-result-calculator\main.py", line 78, in main
    process_student()
    ~~~~~~~~~~~~~~~^^
  File "d:\Downloads\Super 30 exmples\student-result-calculator\main.py", line 25, in process_student
    name, student_id = get_student_info()
                       ^^^^^^^^^^^^^^^^
NameError: name 'get_student_info' is not defined
2026-09-08 15:49:01,100 - ERROR - Unexpected error: name 'get_student_info' is not defined
Traceback (most recent call last):
  File "d:\Downloads\Super 30 exmples\student-result-calculator\main.py", line 78, in main
    process_student()
    ~~~~~~~~~~~~~~~^^
  File "d:\Downloads\Super 30 exmples\student-result-calculator\main.py", line 25, in process_student
    name, student_id = get_student_info()
                       ^^^^^^^^^^^^^^^^
NameError: name 'get_student_info' is not defined
2026-09-08 15:49:01,101 - ERROR - Unexpected error: name 'get_student_info' is not defined
Traceback (most recent call last):
  File "d:\Downloads\Super 30 exmples\student-result-calculator\main.py", line 78, in main
    process_student()
    ~~~~~~~~~~~~~~~^^
  File "d:\Downloads\Super 30 exmples\student-result-calculator\main.py", line 25, in process_student
    name, student_id = get_student_info()
                       ^^^^^^^^^^^^^^^^
NameError: name 'get_student_info' is not defined
2026-09-08 15:49:01,102 - ERROR - Unexpected error: name 'get_student_info' is not defined
Traceback (most recent call last):
  File "d:\Downloads\Super 30 exmples\student-result-calculator\main.py", line 78, in main
    process_student()
    ~~~~~~~~~~~~~~~^^
  File "d:\Downloads\Super 30 exmples\student-result-calculator\main.py", line 25, in process_student
    name, student_id = get_student_info()
                       ^^^^^^^^^^^^^^^^
NameError: name 'get_student_info' is not defined
2026-09-08 15:49:01,103 - ERROR - Unexpected error: name 'get_student_info' is not defined
Traceback (most recent call last):
  File "d:\Downloads\Super 30 exmples\student-result-calculator\main.py", line 78, in main
    process_student()
    ~~~~~~~~~~~~~~~^^
  File "d:\Downloads\Super 30 exmples\student-result-calculator\main.py", line 25, in process_student
    name, student_id = get_student_info()
                       ^^^^^^^^^^^^^^^^
NameError: name 'get_student_info' is not defined
2026-09-08 15:49:01,103 - ERROR - Unexpected error: name 'get_student_info' is not defined
Traceback (most recent call last):
  File "d:\Downloads\Super 30 exmples\student-result-calculator\main.py", line 78, in main
    process_student()
    ~~~~~~~~~~~~~~~^^
  File "d:\Downloads\Super 30 exmples\student-result-calculator\main.py", line 25, in process_student
    name, student_id = get_student_info()
                       ^^^^^^^^^^^^^^^^
NameError: name 'get_student_info' is not defined
2026-09-08 15:49:01,104 - ERROR - Unexpected error: name 'get_student_info' is not defined
Traceback (most recent call last):
  File "d:\Downloads\Super 30 exmples\student-result-calculator\main.py", line 78, in main
    process_student()
    ~~~~~~~~~~~~~~~^^
  File "d:\Downloads\Super 30 exmples\student-result-calculator\main.py", line 25, in process_student
    name, student_id = get_student_info()
                       ^^^^^^^^^^^^^^^^
NameError: name 'get_student_info' is not defined
2026-09-08 15:49:01,104 - ERROR - Unexpected error: name 'get_student_info' is not defined
Traceback (most recent call last):
  File "d:\Downloads\Super 30 exmples\student-result-calculator\main.py", line 78, in main
    process_student()
    ~~~~~~~~~~~~~~~^^
  File "d:\Downloads\Super 30 exmples\student-result-calculator\main.py", line 25, in process_student
    name, student_id = get_student_info()
                       ^^^^^^^^^^^^^^^^
NameError: name 'get_student_info' is not defined
2026-09-08 15:49:01,105 - ERROR - Unexpected error: name 'get_student_info' is not defined
Traceback (most recent call last):
  File "d:\Downloads\Super 30 exmples\student-result-calculator\main.py", line 78, in main
    process_student()
    ~~~~~~~~~~~~~~~^^
  File "d:\Downloads\Super 30 exmples\student-result-calculator\main.py", line 25, in process_student
    name, student_id = get_student_info()
                       ^^^^^^^^^^^^^^^^
NameError: name 'get_student_info' is not defined
2026-09-08 15:49:01,105 - ERROR - Unexpected error: name 'get_student_info' is not defined
Traceback (most recent call last):
  File "d:\Downloads\Super 30 exmples\student-result-calculator\main.py", line 78, in main
    process_student()
    ~~~~~~~~~~~~~~~^^
  File "d:\Downloads\Super 30 exmples\student-result-calculator\main.py", line 25, in process_student
    name, student_id = get_student_info()
                       ^^^^^^^^^^^^^^^^
NameError: name 'get_student_info' is not defined
2026-09-08 15:49:01,106 - ERROR - Unexpected error: name 'get_student_info' is not defined
Traceback (most recent call last):
  File "d:\Downloads\Super 30 exmples\student-result-calculator\main.py", line 78, in main
    process_student()
    ~~~~~~~~~~~~~~~^^
  File "d:\Downloads\Super 30 exmples\student-result-calculator\main.py", line 25, in process_student
    name, student_id = get_student_info()
                       ^^^^^^^^^^^^^^^^
NameError: name 'get_student_info' is not defined
2026-09-08 15:49:01,106 - ERROR - Unexpected error: name 'get_student_info' is not defined
Traceback (most recent call last):
  File "d:\Downloads\Super 30 exmples\student-result-calculator\main.py", line 78, in main
    process_student()
    ~~~~~~~~~~~~~~~^^
  File "d:\Downloads\Super 30 exmples\student-result-calculator\main.py", line 25, in process_student
    name, student_id = get_student_info()
                       ^^^^^^^^^^^^^^^^
NameError: name 'get_student_info' is not defined
2026-09-08 15:49:01,107 - ERROR - Unexpected error: name 'get_student_info' is not defined
Traceback (most recent call last):
  File "d:\Downloads\Super 30 exmples\student-result-calculator\main.py", line 78, in main
    process_student()
    ~~~~~~~~~~~~~~~^^
  File "d:\Downloads\Super 30 exmples\student-result-calculator\main.py", line 25, in process_student
    name, student_id = get_student_info()
                       ^^^^^^^^^^^^^^^^
NameError: name 'get_student_info' is not defined
2026-09-08 15:49:01,107 - ERROR - Unexpected error: name 'get_student_info' is not defined
Traceback (most recent call last):
  File "d:\Downloads\Super 30 exmples\student-result-calculator\main.py", line 78, in main
    process_student()
    ~~~~~~~~~~~~~~~^^
  File "d:\Downloads\Super 30 exmples\student-result-calculator\main.py", line 25, in process_student
    name, student_id = get_student_info()
                       ^^^^^^^^^^^^^^^^
NameError: name 'get_student_info' is not defined
2026-09-08 15:49:01,107 - ERROR - Unexpected error: name 'get_student_info' is not defined
Traceback (most recent call last):
  File "d:\Downloads\Super 30 exmples\student-result-calculator\main.py", line 78, in main
    process_student()
    ~~~~~~~~~~~~~~~^^
  File "d:\Downloads\Super 30 exmples\student-result-calculator\main.py", line 25, in process_student
    name, student_id = get_student_info()
                       ^^^^^^^^^^^^^^^^
NameError: name 'get_student_info' is not defined
2026-09-08 15:49:01,108 - ERROR - Unexpected error: name 'get_student_info' is not defined
Traceback (most recent call last):
  File "d:\Downloads\Super 30 exmples\student-result-calculator\main.py", line 78, in main
    process_student()
    ~~~~~~~~~~~~~~~^^
  File "d:\Downloads\Super 30 exmples\student-result-calculator\main.py", line 25, in process_student
    name, student_id = get_student_info()
                       ^^^^^^^^^^^^^^^^
NameError: name 'get_student_info' is not defined
2026-09-08 15:49:01,109 - ERROR - Unexpected error: name 'get_student_info' is not defined
Traceback (most recent call last):
  File "d:\Downloads\Super 30 exmples\student-result-calculator\main.py", line 78, in main
    process_student()
    ~~~~~~~~~~~~~~~^^
  File "d:\Downloads\Super 30 exmples\student-result-calculator\main.py", line 25, in process_student
    name, student_id = get_student_info()
                       ^^^^^^^^^^^^^^^^
NameError: name 'get_student_info' is not defined
2026-09-08 15:49:01,109 - ERROR - Unexpected error: name 'get_student_info' is not defined
Traceback (most recent call last):
  File "d:\Downloads\Super 30 exmples\student-result-calculator\main.py", line 78, in main
    process_student()
    ~~~~~~~~~~~~~~~^^
  File "d:\Downloads\Super 30 exmples\student-result-calculator\main.py", line 25, in process_student
    name, student_id = get_student_info()
                       ^^^^^^^^^^^^^^^^
NameError: name 'get_student_info' is not defined
2026-09-08 15:49:01,109 - ERROR - Unexpected error: name 'get_student_info' is not defined
Traceback (most recent call last):
  File "d:\Downloads\Super 30 exmples\student-result-calculator\main.py", line 78, in main
    process_student()
    ~~~~~~~~~~~~~~~^^
  File "d:\Downloads\Super 30 exmples\student-result-calculator\main.py", line 25, in process_student
    name, student_id = get_student_info()
                       ^^^^^^^^^^^^^^^^
NameError: name 'get_student_info' is not defined
2026-09-08 15:49:01,110 - ERROR - Unexpected error: name 'get_student_info' is not defined
Traceback (most recent call last):
  File "d:\Downloads\Super 30 exmples\student-result-calculator\main.py", line 78, in main
    process_student()
    ~~~~~~~~~~~~~~~^^
  File "d:\Downloads\Super 30 exmples\student-result-calculator\main.py", line 25, in process_student
    name, student_id = get_student_info()
                       ^^^^^^^^^^^^^^^^
NameError: name 'get_student_info' is not defined
2026-09-08 15:49:01,110 - ERROR - Unexpected error: name 'get_student_info' is not defined
Traceback (most recent call last):
  File "d:\Downloads\Super 30 exmples\student-result-calculator\main.py", line 78, in main
    process_student()
    ~~~~~~~~~~~~~~~^^
  File "d:\Downloads\Super 30 exmples\student-result-calculator\main.py", line 25, in process_student
    name, student_id = get_student_info()
                       ^^^^^^^^^^^^^^^^
NameError: name 'get_student_info' is not defined
2026-09-08 15:49:01,111 - ERROR - Unexpected error: name 'get_student_info' is not defined
Traceback (most recent call last):
  File "d:\Downloads\Super 30 exmples\student-result-calculator\main.py", line 78, in main
    process_student()
    ~~~~~~~~~~~~~~~^^
  File "d:\Downloads\Super 30 exmples\student-result-calculator\main.py", line 25, in process_student
    name, student_id = get_student_info()
                       ^^^^^^^^^^^^^^^^
NameError: name 'get_student_info' is not defined
2026-09-08 15:49:01,111 - ERROR - Unexpected error: name 'get_student_info' is not defined
Traceback (most recent call last):
  File "d:\Downloads\Super 30 exmples\student-result-calculator\main.py", line 78, in main
    process_student()
    ~~~~~~~~~~~~~~~^^
  File "d:\Downloads\Super 30 exmples\student-result-calculator\main.py", line 25, in process_student
    name, student_id = get_student_info()
                       ^^^^^^^^^^^^^^^^
NameError: name 'get_student_info' is not defined
2026-09-08 15:49:01,112 - ERROR - Unexpected error: name 'get_student_info' is not defined
Traceback (most recent call last):
  File "d:\Downloads\Super 30 exmples\student-result-calculator\main.py", line 78, in main
    process_student()
    ~~~~~~~~~~~~~~~^^
  File "d:\Downloads\Super 30 exmples\student-result-calculator\main.py", line 25, in process_student
    name, student_id = get_student_info()
                       ^^^^^^^^^^^^^^^^
NameError: name 'get_student_info' is not defined
2026-09-08 15:49:01,113 - ERROR - Unexpected error: name 'get_student_info' is not defined
Traceback (most recent call last):
  File "d:\Downloads\Super 30 exmples\student-result-calculator\main.py", line 78, in main
    process_student()
    ~~~~~~~~~~~~~~~^^
  File "d:\Downloads\Super 30 exmples\student-result-calculator\main.py", line 25, in process_student
    name, student_id = get_student_info()
                       ^^^^^^^^^^^^^^^^
NameError: name 'get_student_info' is not defined
2026-09-08 15:49:01,114 - ERROR - Unexpected error: name 'get_student_info' is not defined
Traceback (most recent call last):
  File "d:\Downloads\Super 30 exmples\student-result-calculator\main.py", line 78, in main
    process_student()
    ~~~~~~~~~~~~~~~^^
  File "d:\Downloads\Super 30 exmples\student-result-calculator\main.py", line 25, in process_student
    name, student_id = get_student_info()
                       ^^^^^^^^^^^^^^^^
NameError: name 'get_student_info' is not defined
2026-09-08 15:49:01,116 - ERROR - Unexpected error: name 'get_student_info' is not defined
Traceback (most recent call last):
  File "d:\Downloads\Super 30 exmples\student-result-calculator\main.py", line 78, in main
    process_student()
    ~~~~~~~~~~~~~~~^^
  File "d:\Downloads\Super 30 exmples\student-result-calculator\main.py", line 25, in process_student
    name, student_id = get_student_info()
                       ^^^^^^^^^^^^^^^^
NameError: name 'get_student_info' is not defined
2026-09-08 15:49:01,116 - ERROR - Unexpected error: name 'get_student_info' is not defined
Traceback (most recent call last):
  File "d:\Downloads\Super 30 exmples\student-result-calculator\main.py", line 78, in main
    process_student()
    ~~~~~~~~~~~~~~~^^
  File "d:\Downloads\Super 30 exmples\student-result-calculator\main.py", line 25, in process_student
    name, student_id = get_student_info()
                       ^^^^^^^^^^^^^^^^
NameError: name 'get_student_info' is not defined
2026-09-08 15:49:01,117 - ERROR - Unexpected error: name 'get_student_info' is not defined
Traceback (most recent call last):
  File "d:\Downloads\Super 30 exmples\student-result-calculator\main.py", line 78, in main
    process_student()
    ~~~~~~~~~~~~~~~^^
  File "d:\Downloads\Super 30 exmples\student-result-calculator\main.py", line 25, in process_student
    name, student_id = get_student_info()
                       ^^^^^^^^^^^^^^^^
NameError: name 'get_student_info' is not defined
2026-09-08 15:49:01,118 - ERROR - Unexpected error: name 'get_student_info' is not defined
Traceback (most recent call last):
  File "d:\Downloads\Super 30 exmples\student-result-calculator\main.py", line 78, in main
    process_student()
    ~~~~~~~~~~~~~~~^^
  File "d:\Downloads\Super 30 exmples\student-result-calculator\main.py", line 25, in process_student
    name, student_id = get_student_info()
                       ^^^^^^^^^^^^^^^^
NameError: name 'get_student_info' is not defined
2026-09-08 15:49:01,119 - ERROR - Unexpected error: name 'get_student_info' is not defined
Traceback (most recent call last):
  File "d:\Downloads\Super 30 exmples\student-result-calculator\main.py", line 78, in main
    process_student()
    ~~~~~~~~~~~~~~~^^
  File "d:\Downloads\Super 30 exmples\student-result-calculator\main.py", line 25, in process_student
    name, student_id = get_student_info()
                       ^^^^^^^^^^^^^^^^
NameError: name 'get_student_info' is not defined
2026-09-08 15:49:01,120 - ERROR - Unexpected error: name 'get_student_info' is not defined
Traceback (most recent call last):
  File "d:\Downloads\Super 30 exmples\student-result-calculator\main.py", line 78, in main
    process_student()
    ~~~~~~~~~~~~~~~^^
  File "d:\Downloads\Super 30 exmples\student-result-calculator\main.py", line 25, in process_student
    name, student_id = get_student_info()
                       ^^^^^^^^^^^^^^^^
NameError: name 'get_student_info' is not defined
2026-09-08 15:49:01,121 - ERROR - Unexpected error: name 'get_student_info' is not defined
Traceback (most recent call last):
  File "d:\Downloads\Super 30 exmples\student-result-calculator\main.py", line 78, in main
    process_student()
    ~~~~~~~~~~~~~~~^^
  File "d:\Downloads\Super 30 exmples\student-result-calculator\main.py", line 25, in process_student
    name, student_id = get_student_info()
                       ^^^^^^^^^^^^^^^^
NameError: name 'get_student_info' is not defined
2026-09-08 15:49:01,121 - ERROR - Unexpected error: name 'get_student_info' is not defined
Traceback (most recent call last):
  File "d:\Downloads\Super 30 exmples\student-result-calculator\main.py", line 78, in main
    process_student()
    ~~~~~~~~~~~~~~~^^
  File "d:\Downloads\Super 30 exmples\student-result-calculator\main.py", line 25, in process_student
    name, student_id = get_student_info()
                       ^^^^^^^^^^^^^^^^
NameError: name 'get_student_info' is not defined
2026-09-08 15:49:01,122 - ERROR - Unexpected error: name 'get_student_info' is not defined
Traceback (most recent call last):
  File "d:\Downloads\Super 30 exmples\student-result-calculator\main.py", line 78, in main
    process_student()
    ~~~~~~~~~~~~~~~^^
  File "d:\Downloads\Super 30 exmples\student-result-calculator\main.py", line 25, in process_student
    name, student_id = get_student_info()
                       ^^^^^^^^^^^^^^^^
NameError: name 'get_student_info' is not defined
2026-09-08 15:49:01,122 - ERROR - Unexpected error: name 'get_student_info' is not defined
Traceback (most recent call last):
  File "d:\Downloads\Super 30 exmples\student-result-calculator\main.py", line 78, in main
    process_student()
    ~~~~~~~~~~~~~~~^^
  File "d:\Downloads\Super 30 exmples\student-result-calculator\main.py", line 25, in process_student
    name, student_id = get_student_info()
                       ^^^^^^^^^^^^^^^^
NameError: name 'get_student_info' is not defined
2026-09-08 15:49:01,123 - ERROR - Unexpected error: name 'get_student_info' is not defined
Traceback (most recent call last):
  File "d:\Downloads\Super 30 exmples\student-result-calculator\main.py", line 78, in main
    process_student()
    ~~~~~~~~~~~~~~~^^
  File "d:\Downloads\Super 30 exmples\student-result-calculator\main.py", line 25, in process_student
    name, student_id = get_student_info()
                       ^^^^^^^^^^^^^^^^
NameError: name 'get_student_info' is not defined
2026-09-08 15:49:01,123 - ERROR - Unexpected error: name 'get_student_info' is not defined
Traceback (most recent call last):
  File "d:\Downloads\Super 30 exmples\student-result-calculator\main.py", line 78, in main
    process_student()
    ~~~~~~~~~~~~~~~^^
  File "d:\Downloads\Super 30 exmples\student-result-calculator\main.py", line 25, in process_student
    name, student_id = get_student_info()
                       ^^^^^^^^^^^^^^^^
NameError: name 'get_student_info' is not defined
2026-09-08 15:49:01,124 - ERROR - Unexpected error: name 'get_student_info' is not defined
Traceback (most recent call last):
  File "d:\Downloads\Super 30 exmples\student-result-calculator\main.py", line 78, in main
    process_student()
    ~~~~~~~~~~~~~~~^^
  File "d:\Downloads\Super 30 exmples\student-result-calculator\main.py", line 25, in process_student
    name, student_id = get_student_info()
                       ^^^^^^^^^^^^^^^^
NameError: name 'get_student_info' is not defined
2026-09-08 15:49:01,124 - ERROR - Unexpected error: name 'get_student_info' is not defined
Traceback (most recent call last):
  File "d:\Downloads\Super 30 exmples\student-result-calculator\main.py", line 78, in main
    process_student()
    ~~~~~~~~~~~~~~~^^
  File "d:\Downloads\Super 30 exmples\student-result-calculator\main.py", line 25, in process_student
    name, student_id = get_student_info()
                       ^^^^^^^^^^^^^^^^
NameError: name 'get_student_info' is not defined
2026-09-08 15:49:01,125 - ERROR - Unexpected error: name 'get_student_info' is not defined
Traceback (most recent call last):
  File "d:\Downloads\Super 30 exmples\student-result-calculator\main.py", line 78, in main
    process_student()
    ~~~~~~~~~~~~~~~^^
  File "d:\Downloads\Super 30 exmples\student-result-calculator\main.py", line 25, in process_student
    name, student_id = get_student_info()
                       ^^^^^^^^^^^^^^^^
NameError: name 'get_student_info' is not defined
2026-09-08 15:49:01,125 - ERROR - Unexpected error: name 'get_student_info' is not defined
Traceback (most recent call last):
  File "d:\Downloads\Super 30 exmples\student-result-calculator\main.py", line 78, in main
    process_student()
    ~~~~~~~~~~~~~~~^^
  File "d:\Downloads\Super 30 exmples\student-result-calculator\main.py", line 25, in process_student
    name, student_id = get_student_info()
                       ^^^^^^^^^^^^^^^^
NameError: name 'get_student_info' is not defined
2026-09-08 15:49:01,126 - ERROR - Unexpected error: name 'get_student_info' is not defined
Traceback (most recent call last):
  File "d:\Downloads\Super 30 exmples\student-result-calculator\main.py", line 78, in main
    process_student()
    ~~~~~~~~~~~~~~~^^
  File "d:\Downloads\Super 30 exmples\student-result-calculator\main.py", line 25, in process_student
    name, student_id = get_student_info()
                       ^^^^^^^^^^^^^^^^
NameError: name 'get_student_info' is not defined
2026-09-08 15:49:01,126 - ERROR - Unexpected error: name 'get_student_info' is not defined
Traceback (most recent call last):
  File "d:\Downloads\Super 30 exmples\student-result-calculator\main.py", line 78, in main
    process_student()
    ~~~~~~~~~~~~~~~^^
  File "d:\Downloads\Super 30 exmples\student-result-calculator\main.py", line 25, in process_student
    name, student_id = get_student_info()
                       ^^^^^^^^^^^^^^^^
NameError: name 'get_student_info' is not defined
2026-09-08 15:49:01,127 - ERROR - Unexpected error: name 'get_student_info' is not defined
Traceback (most recent call last):
  File "d:\Downloads\Super 30 exmples\student-result-calculator\main.py", line 78, in main
    process_student()
    ~~~~~~~~~~~~~~~^^
  File "d:\Downloads\Super 30 exmples\student-result-calculator\main.py", line 25, in process_student
    name, student_id = get_student_info()
                       ^^^^^^^^^^^^^^^^
NameError: name 'get_student_info' is not defined
2026-09-08 15:49:01,127 - ERROR - Unexpected error: name 'get_student_info' is not defined
Traceback (most recent call last):
  File "d:\Downloads\Super 30 exmples\student-result-calculator\main.py", line 78, in main
    process_student()
    ~~~~~~~~~~~~~~~^^
  File "d:\Downloads\Super 30 exmples\student-result-calculator\main.py", line 25, in process_student
    name, student_id = get_student_info()
                       ^^^^^^^^^^^^^^^^
NameError: name 'get_student_info' is not defined
2026-09-08 15:49:01,127 - ERROR - Unexpected error: name 'get_student_info' is not defined
Traceback (most recent call last):
  File "d:\Downloads\Super 30 exmples\student-result-calculator\main.py", line 78, in main
    process_student()
    ~~~~~~~~~~~~~~~^^
  File "d:\Downloads\Super 30 exmples\student-result-calculator\main.py", line 25, in process_student
    name, student_id = get_student_info()
                       ^^^^^^^^^^^^^^^^
NameError: name 'get_student_info' is not defined
2026-09-08 15:49:01,128 - ERROR - Unexpected error: name 'get_student_info' is not defined
Traceback (most recent call last):
  File "d:\Downloads\Super 30 exmples\student-result-calculator\main.py", line 78, in main
    process_student()
    ~~~~~~~~~~~~~~~^^
  File "d:\Downloads\Super 30 exmples\student-result-calculator\main.py", line 25, in process_student
    name, student_id = get_student_info()
                       ^^^^^^^^^^^^^^^^
NameError: name 'get_student_info' is not defined
2026-09-08 15:49:01,128 - ERROR - Unexpected error: name 'get_student_info' is not defined
Traceback (most recent call last):
  File "d:\Downloads\Super 30 exmples\student-result-calculator\main.py", line 78, in main
    process_student()
    ~~~~~~~~~~~~~~~^^
  File "d:\Downloads\Super 30 exmples\student-result-calculator\main.py", line 25, in process_student
    name, student_id = get_student_info()
                       ^^^^^^^^^^^^^^^^
NameError: name 'get_student_info' is not defined
2026-09-08 15:49:01,129 - ERROR - Unexpected error: name 'get_student_info' is not defined
Traceback (most recent call last):
  File "d:\Downloads\Super 30 exmples\student-result-calculator\main.py", line 78, in main
    process_student()
    ~~~~~~~~~~~~~~~^^
  File "d:\Downloads\Super 30 exmples\student-result-calculator\main.py", line 25, in process_student
    name, student_id = get_student_info()
                       ^^^^^^^^^^^^^^^^
NameError: name 'get_student_info' is not defined
2026-09-08 15:49:01,129 - ERROR - Unexpected error: name 'get_student_info' is not defined
Traceback (most recent call last):
  File "d:\Downloads\Super 30 exmples\student-result-calculator\main.py", line 78, in main
    process_student()
    ~~~~~~~~~~~~~~~^^
  File "d:\Downloads\Super 30 exmples\student-result-calculator\main.py", line 25, in process_student
    name, student_id = get_student_info()
                       ^^^^^^^^^^^^^^^^
NameError: name 'get_student_info' is not defined
2026-09-08 15:49:01,130 - ERROR - Unexpected error: name 'get_student_info' is not defined
Traceback (most recent call last):
  File "d:\Downloads\Super 30 exmples\student-result-calculator\main.py", line 78, in main
    process_student()
    ~~~~~~~~~~~~~~~^^
  File "d:\Downloads\Super 30 exmples\student-result-calculator\main.py", line 25, in process_student
    name, student_id = get_student_info()
                       ^^^^^^^^^^^^^^^^
NameError: name 'get_student_info' is not defined
2026-09-08 15:49:01,131 - ERROR - Unexpected error: name 'get_student_info' is not defined
Traceback (most recent call last):
  File "d:\Downloads\Super 30 exmples\student-result-calculator\main.py", line 78, in main
    process_student()
    ~~~~~~~~~~~~~~~^^
  File "d:\Downloads\Super 30 exmples\student-result-calculator\main.py", line 25, in process_student
    name, student_id = get_student_info()
                       ^^^^^^^^^^^^^^^^
NameError: name 'get_student_info' is not defined
2026-09-08 15:49:01,132 - ERROR - Unexpected error: name 'get_student_info' is not defined
Traceback (most recent call last):
  File "d:\Downloads\Super 30 exmples\student-result-calculator\main.py", line 78, in main
    process_student()
    ~~~~~~~~~~~~~~~^^
  File "d:\Downloads\Super 30 exmples\student-result-calculator\main.py", line 25, in process_student
    name, student_id = get_student_info()
                       ^^^^^^^^^^^^^^^^
NameError: name 'get_student_info' is not defined
2026-09-08 15:49:01,133 - ERROR - Unexpected error: name 'get_student_info' is not defined
Traceback (most recent call last):
  File "d:\Downloads\Super 30 exmples\student-result-calculator\main.py", line 78, in main
    process_student()
    ~~~~~~~~~~~~~~~^^
  File "d:\Downloads\Super 30 exmples\student-result-calculator\main.py", line 25, in process_student
    name, student_id = get_student_info()
                       ^^^^^^^^^^^^^^^^
NameError: name 'get_student_info' is not defined
2026-09-08 15:49:01,134 - ERROR - Unexpected error: name 'get_student_info' is not defined
Traceback (most recent call last):
  File "d:\Downloads\Super 30 exmples\student-result-calculator\main.py", line 78, in main
    process_student()
    ~~~~~~~~~~~~~~~^^
  File "d:\Downloads\Super 30 exmples\student-result-calculator\main.py", line 25, in process_student
    name, student_id = get_student_info()
                       ^^^^^^^^^^^^^^^^
NameError: name 'get_student_info' is not defined
2026-09-08 15:49:01,134 - ERROR - Unexpected error: name 'get_student_info' is not defined
Traceback (most recent call last):
  File "d:\Downloads\Super 30 exmples\student-result-calculator\main.py", line 78, in main
    process_student()
    ~~~~~~~~~~~~~~~^^
  File "d:\Downloads\Super 30 exmples\student-result-calculator\main.py", line 25, in process_student
    name, student_id = get_student_info()
                       ^^^^^^^^^^^^^^^^
NameError: name 'get_student_info' is not defined
2026-09-08 15:49:01,135 - ERROR - Unexpected error: name 'get_student_info' is not defined
Traceback (most recent call last):
  File "d:\Downloads\Super 30 exmples\student-result-calculator\main.py", line 78, in main
    process_student()
    ~~~~~~~~~~~~~~~^^
  File "d:\Downloads\Super 30 exmples\student-result-calculator\main.py", line 25, in process_student
    name, student_id = get_student_info()
                       ^^^^^^^^^^^^^^^^
NameError: name 'get_student_info' is not defined
2026-09-08 15:49:01,135 - ERROR - Unexpected error: name 'get_student_info' is not defined
Traceback (most recent call last):
  File "d:\Downloads\Super 30 exmples\student-result-calculator\main.py", line 78, in main
    process_student()
    ~~~~~~~~~~~~~~~^^
  File "d:\Downloads\Super 30 exmples\student-result-calculator\main.py", line 25, in process_student
    name, student_id = get_student_info()
                       ^^^^^^^^^^^^^^^^
NameError: name 'get_student_info' is not defined
2026-09-08 15:49:01,136 - ERROR - Unexpected error: name 'get_student_info' is not defined
Traceback (most recent call last):
  File "d:\Downloads\Super 30 exmples\student-result-calculator\main.py", line 78, in main
    process_student()
    ~~~~~~~~~~~~~~~^^
  File "d:\Downloads\Super 30 exmples\student-result-calculator\main.py", line 25, in process_student
    name, student_id = get_student_info()
                       ^^^^^^^^^^^^^^^^
NameError: name 'get_student_info' is not defined
2026-09-08 15:49:01,137 - ERROR - Unexpected error: name 'get_student_info' is not defined
Traceback (most recent call last):
  File "d:\Downloads\Super 30 exmples\student-result-calculator\main.py", line 78, in main
    process_student()
    ~~~~~~~~~~~~~~~^^
  File "d:\Downloads\Super 30 exmples\student-result-calculator\main.py", line 25, in process_student
    name, student_id = get_student_info()
                       ^^^^^^^^^^^^^^^^
NameError: name 'get_student_info' is not defined
2026-09-08 15:49:01,137 - ERROR - Unexpected error: name 'get_student_info' is not defined
Traceback (most recent call last):
  File "d:\Downloads\Super 30 exmples\student-result-calculator\main.py", line 78, in main
    process_student()
    ~~~~~~~~~~~~~~~^^
  File "d:\Downloads\Super 30 exmples\student-result-calculator\main.py", line 25, in process_student
    name, student_id = get_student_info()
                       ^^^^^^^^^^^^^^^^
NameError: name 'get_student_info' is not defined
2026-09-08 15:49:01,138 - ERROR - Unexpected error: name 'get_student_info' is not defined
Traceback (most recent call last):
  File "d:\Downloads\Super 30 exmples\student-result-calculator\main.py", line 78, in main
    process_student()
    ~~~~~~~~~~~~~~~^^
  File "d:\Downloads\Super 30 exmples\student-result-calculator\main.py", line 25, in process_student
    name, student_id = get_student_info()
                       ^^^^^^^^^^^^^^^^
NameError: name 'get_student_info' is not defined
2026-09-08 15:49:01,138 - ERROR - Unexpected error: name 'get_student_info' is not defined
Traceback (most recent call last):
  File "d:\Downloads\Super 30 exmples\student-result-calculator\main.py", line 78, in main
    process_student()
    ~~~~~~~~~~~~~~~^^
  File "d:\Downloads\Super 30 exmples\student-result-calculator\main.py", line 25, in process_student
    name, student_id = get_student_info()
                       ^^^^^^^^^^^^^^^^
NameError: name 'get_student_info' is not defined
2026-09-08 15:49:01,138 - ERROR - Unexpected error: name 'get_student_info' is not defined
Traceback (most recent call last):
  File "d:\Downloads\Super 30 exmples\student-result-calculator\main.py", line 78, in main
    process_student()
    ~~~~~~~~~~~~~~~^^
  File "d:\Downloads\Super 30 exmples\student-result-calculator\main.py", line 25, in process_student
    name, student_id = get_student_info()
                       ^^^^^^^^^^^^^^^^
NameError: name 'get_student_info' is not defined
2026-09-08 15:49:01,139 - ERROR - Unexpected error: name 'get_student_info' is not defined
Traceback (most recent call last):
  File "d:\Downloads\Super 30 exmples\student-result-calculator\main.py", line 78, in main
    process_student()
    ~~~~~~~~~~~~~~~^^
  File "d:\Downloads\Super 30 exmples\student-result-calculator\main.py", line 25, in process_student
    name, student_id = get_student_info()
                       ^^^^^^^^^^^^^^^^
NameError: name 'get_student_info' is not defined
2026-09-08 15:49:01,139 - ERROR - Unexpected error: name 'get_student_info' is not defined
Traceback (most recent call last):
  File "d:\Downloads\Super 30 exmples\student-result-calculator\main.py", line 78, in main
    process_student()
    ~~~~~~~~~~~~~~~^^
  File "d:\Downloads\Super 30 exmples\student-result-calculator\main.py", line 25, in process_student
    name, student_id = get_student_info()
                       ^^^^^^^^^^^^^^^^
NameError: name 'get_student_info' is not defined
2026-09-08 15:49:01,140 - ERROR - Unexpected error: name 'get_student_info' is not defined
Traceback (most recent call last):
  File "d:\Downloads\Super 30 exmples\student-result-calculator\main.py", line 78, in main
    process_student()
    ~~~~~~~~~~~~~~~^^
  File "d:\Downloads\Super 30 exmples\student-result-calculator\main.py", line 25, in process_student
    name, student_id = get_student_info()
                       ^^^^^^^^^^^^^^^^
NameError: name 'get_student_info' is not defined
2026-09-08 15:49:01,140 - ERROR - Unexpected error: name 'get_student_info' is not defined
Traceback (most recent call last):
  File "d:\Downloads\Super 30 exmples\student-result-calculator\main.py", line 78, in main
    process_student()
    ~~~~~~~~~~~~~~~^^
  File "d:\Downloads\Super 30 exmples\student-result-calculator\main.py", line 25, in process_student
    name, student_id = get_student_info()
                       ^^^^^^^^^^^^^^^^
NameError: name 'get_student_info' is not defined
2026-09-08 15:49:01,141 - ERROR - Unexpected error: name 'get_student_info' is not defined
Traceback (most recent call last):
  File "d:\Downloads\Super 30 exmples\student-result-calculator\main.py", line 78, in main
    process_student()
    ~~~~~~~~~~~~~~~^^
  File "d:\Downloads\Super 30 exmples\student-result-calculator\main.py", line 25, in process_student
    name, student_id = get_student_info()
                       ^^^^^^^^^^^^^^^^
NameError: name 'get_student_info' is not defined
2026-09-08 15:49:01,141 - ERROR - Unexpected error: name 'get_student_info' is not defined
Traceback (most recent call last):
  File "d:\Downloads\Super 30 exmples\student-result-calculator\main.py", line 78, in main
    process_student()
    ~~~~~~~~~~~~~~~^^
  File "d:\Downloads\Super 30 exmples\student-result-calculator\main.py", line 25, in process_student
    name, student_id = get_student_info()
                       ^^^^^^^^^^^^^^^^
NameError: name 'get_student_info' is not defined
2026-09-08 15:49:01,142 - ERROR - Unexpected error: name 'get_student_info' is not defined
Traceback (most recent call last):
  File "d:\Downloads\Super 30 exmples\student-result-calculator\main.py", line 78, in main
    process_student()
    ~~~~~~~~~~~~~~~^^
  File "d:\Downloads\Super 30 exmples\student-result-calculator\main.py", line 25, in process_student
    name, student_id = get_student_info()
                       ^^^^^^^^^^^^^^^^
NameError: name 'get_student_info' is not defined
2026-09-08 15:49:01,142 - ERROR - Unexpected error: name 'get_student_info' is not defined
Traceback (most recent call last):
  File "d:\Downloads\Super 30 exmples\student-result-calculator\main.py", line 78, in main
    process_student()
    ~~~~~~~~~~~~~~~^^
  File "d:\Downloads\Super 30 exmples\student-result-calculator\main.py", line 25, in process_student
    name, student_id = get_student_info()
                       ^^^^^^^^^^^^^^^^
NameError: name 'get_student_info' is not defined
2026-09-08 15:49:01,143 - ERROR - Unexpected error: name 'get_student_info' is not defined
Traceback (most recent call last):
  File "d:\Downloads\Super 30 exmples\student-result-calculator\main.py", line 78, in main
    process_student()
    ~~~~~~~~~~~~~~~^^
  File "d:\Downloads\Super 30 exmples\student-result-calculator\main.py", line 25, in process_student
    name, student_id = get_student_info()
                       ^^^^^^^^^^^^^^^^
NameError: name 'get_student_info' is not defined
2026-09-08 15:49:01,143 - ERROR - Unexpected error: name 'get_student_info' is not defined
Traceback (most recent call last):
  File "d:\Downloads\Super 30 exmples\student-result-calculator\main.py", line 78, in main
    process_student()
    ~~~~~~~~~~~~~~~^^
  File "d:\Downloads\Super 30 exmples\student-result-calculator\main.py", line 25, in process_student
    name, student_id = get_student_info()
                       ^^^^^^^^^^^^^^^^
NameError: name 'get_student_info' is not defined
2026-09-08 15:49:01,144 - ERROR - Unexpected error: name 'get_student_info' is not defined
Traceback (most recent call last):
  File "d:\Downloads\Super 30 exmples\student-result-calculator\main.py", line 78, in main
    process_student()
    ~~~~~~~~~~~~~~~^^
  File "d:\Downloads\Super 30 exmples\student-result-calculator\main.py", line 25, in process_student
    name, student_id = get_student_info()
                       ^^^^^^^^^^^^^^^^
NameError: name 'get_student_info' is not defined
2026-09-08 15:49:01,144 - ERROR - Unexpected error: name 'get_student_info' is not defined
Traceback (most recent call last):
  File "d:\Downloads\Super 30 exmples\student-result-calculator\main.py", line 78, in main
    process_student()
    ~~~~~~~~~~~~~~~^^
  File "d:\Downloads\Super 30 exmples\student-result-calculator\main.py", line 25, in process_student
    name, student_id = get_student_info()
                       ^^^^^^^^^^^^^^^^
NameError: name 'get_student_info' is not defined
2026-09-08 15:49:01,145 - ERROR - Unexpected error: name 'get_student_info' is not defined
Traceback (most recent call last):
  File "d:\Downloads\Super 30 exmples\student-result-calculator\main.py", line 78, in main
    process_student()
    ~~~~~~~~~~~~~~~^^
  File "d:\Downloads\Super 30 exmples\student-result-calculator\main.py", line 25, in process_student
    name, student_id = get_student_info()
                       ^^^^^^^^^^^^^^^^
NameError: name 'get_student_info' is not defined
2026-09-08 15:49:01,145 - ERROR - Unexpected error: name 'get_student_info' is not defined
Traceback (most recent call last):
  File "d:\Downloads\Super 30 exmples\student-result-calculator\main.py", line 78, in main
    process_student()
    ~~~~~~~~~~~~~~~^^
  File "d:\Downloads\Super 30 exmples\student-result-calculator\main.py", line 25, in process_student
    name, student_id = get_student_info()
                       ^^^^^^^^^^^^^^^^
NameError: name 'get_student_info' is not defined
2026-09-08 15:49:01,146 - ERROR - Unexpected error: name 'get_student_info' is not defined
Traceback (most recent call last):
  File "d:\Downloads\Super 30 exmples\student-result-calculator\main.py", line 78, in main
    process_student()
    ~~~~~~~~~~~~~~~^^
  File "d:\Downloads\Super 30 exmples\student-result-calculator\main.py", line 25, in process_student
    name, student_id = get_student_info()
                       ^^^^^^^^^^^^^^^^
NameError: name 'get_student_info' is not defined
2026-09-08 15:49:01,146 - ERROR - Unexpected error: name 'get_student_info' is not defined
Traceback (most recent call last):
  File "d:\Downloads\Super 30 exmples\student-result-calculator\main.py", line 78, in main
    process_student()
    ~~~~~~~~~~~~~~~^^
  File "d:\Downloads\Super 30 exmples\student-result-calculator\main.py", line 25, in process_student
    name, student_id = get_student_info()
                       ^^^^^^^^^^^^^^^^
NameError: name 'get_student_info' is not defined
2026-09-08 15:49:01,148 - ERROR - Unexpected error: name 'get_student_info' is not defined
Traceback (most recent call last):
  File "d:\Downloads\Super 30 exmples\student-result-calculator\main.py", line 78, in main
    process_student()
    ~~~~~~~~~~~~~~~^^
  File "d:\Downloads\Super 30 exmples\student-result-calculator\main.py", line 25, in process_student
    name, student_id = get_student_info()
                       ^^^^^^^^^^^^^^^^
NameError: name 'get_student_info' is not defined
2026-09-08 15:49:01,149 - ERROR - Unexpected error: name 'get_student_info' is not defined
Traceback (most recent call last):
  File "d:\Downloads\Super 30 exmples\student-result-calculator\main.py", line 78, in main
    process_student()
    ~~~~~~~~~~~~~~~^^
  File "d:\Downloads\Super 30 exmples\student-result-calculator\main.py", line 25, in process_student
    name, student_id = get_student_info()
                       ^^^^^^^^^^^^^^^^
NameError: name 'get_student_info' is not defined
2026-09-08 15:49:01,150 - ERROR - Unexpected error: name 'get_student_info' is not defined
Traceback (most recent call last):
  File "d:\Downloads\Super 30 exmples\student-result-calculator\main.py", line 78, in main
    process_student()
    ~~~~~~~~~~~~~~~^^
  File "d:\Downloads\Super 30 exmples\student-result-calculator\main.py", line 25, in process_student
    name, student_id = get_student_info()
                       ^^^^^^^^^^^^^^^^
NameError: name 'get_student_info' is not defined
2026-09-08 15:49:01,151 - ERROR - Unexpected error: name 'get_student_info' is not defined
Traceback (most recent call last):
  File "d:\Downloads\Super 30 exmples\student-result-calculator\main.py", line 78, in main
    process_student()
    ~~~~~~~~~~~~~~~^^
  File "d:\Downloads\Super 30 exmples\student-result-calculator\main.py", line 25, in process_student
    name, student_id = get_student_info()
                       ^^^^^^^^^^^^^^^^
NameError: name 'get_student_info' is not defined
2026-09-08 15:49:01,152 - ERROR - Unexpected error: name 'get_student_info' is not defined
Traceback (most recent call last):
  File "d:\Downloads\Super 30 exmples\student-result-calculator\main.py", line 78, in main
    process_student()
    ~~~~~~~~~~~~~~~^^
  File "d:\Downloads\Super 30 exmples\student-result-calculator\main.py", line 25, in process_student
    name, student_id = get_student_info()
                       ^^^^^^^^^^^^^^^^
NameError: name 'get_student_info' is not defined
2026-09-08 15:49:01,152 - ERROR - Unexpected error: name 'get_student_info' is not defined
Traceback (most recent call last):
  File "d:\Downloads\Super 30 exmples\student-result-calculator\main.py", line 78, in main
    process_student()
    ~~~~~~~~~~~~~~~^^
  File "d:\Downloads\Super 30 exmples\student-result-calculator\main.py", line 25, in process_student
    name, student_id = get_student_info()
                       ^^^^^^^^^^^^^^^^
NameError: name 'get_student_info' is not defined
2026-09-08 15:49:01,153 - ERROR - Unexpected error: name 'get_student_info' is not defined
Traceback (most recent call last):
  File "d:\Downloads\Super 30 exmples\student-result-calculator\main.py", line 78, in main
    process_student()
    ~~~~~~~~~~~~~~~^^
  File "d:\Downloads\Super 30 exmples\student-result-calculator\main.py", line 25, in process_student
    name, student_id = get_student_info()
                       ^^^^^^^^^^^^^^^^
NameError: name 'get_student_info' is not defined
2026-09-08 15:49:01,154 - ERROR - Unexpected error: name 'get_student_info' is not defined
Traceback (most recent call last):
  File "d:\Downloads\Super 30 exmples\student-result-calculator\main.py", line 78, in main
    process_student()
    ~~~~~~~~~~~~~~~^^
  File "d:\Downloads\Super 30 exmples\student-result-calculator\main.py", line 25, in process_student
    name, student_id = get_student_info()
                       ^^^^^^^^^^^^^^^^
NameError: name 'get_student_info' is not defined
2026-09-08 15:49:01,154 - ERROR - Unexpected error: name 'get_student_info' is not defined
Traceback (most recent call last):
  File "d:\Downloads\Super 30 exmples\student-result-calculator\main.py", line 78, in main
    process_student()
    ~~~~~~~~~~~~~~~^^
  File "d:\Downloads\Super 30 exmples\student-result-calculator\main.py", line 25, in process_student
    name, student_id = get_student_info()
                       ^^^^^^^^^^^^^^^^
NameError: name 'get_student_info' is not defined
2026-09-08 15:49:01,155 - ERROR - Unexpected error: name 'get_student_info' is not defined
Traceback (most recent call last):
  File "d:\Downloads\Super 30 exmples\student-result-calculator\main.py", line 78, in main
    process_student()
    ~~~~~~~~~~~~~~~^^
  File "d:\Downloads\Super 30 exmples\student-result-calculator\main.py", line 25, in process_student
    name, student_id = get_student_info()
                       ^^^^^^^^^^^^^^^^
NameError: name 'get_student_info' is not defined
2026-09-08 15:49:01,155 - ERROR - Unexpected error: name 'get_student_info' is not defined
Traceback (most recent call last):
  File "d:\Downloads\Super 30 exmples\student-result-calculator\main.py", line 78, in main
    process_student()
    ~~~~~~~~~~~~~~~^^
  File "d:\Downloads\Super 30 exmples\student-result-calculator\main.py", line 25, in process_student
    name, student_id = get_student_info()
                       ^^^^^^^^^^^^^^^^
NameError: name 'get_student_info' is not defined
2026-09-08 15:49:01,156 - ERROR - Unexpected error: name 'get_student_info' is not defined
Traceback (most recent call last):
  File "d:\Downloads\Super 30 exmples\student-result-calculator\main.py", line 78, in main
    process_student()
    ~~~~~~~~~~~~~~~^^
  File "d:\Downloads\Super 30 exmples\student-result-calculator\main.py", line 25, in process_student
    name, student_id = get_student_info()
                       ^^^^^^^^^^^^^^^^
NameError: name 'get_student_info' is not defined
2026-09-08 15:49:01,156 - ERROR - Unexpected error: name 'get_student_info' is not defined
Traceback (most recent call last):
  File "d:\Downloads\Super 30 exmples\student-result-calculator\main.py", line 78, in main
    process_student()
    ~~~~~~~~~~~~~~~^^
  File "d:\Downloads\Super 30 exmples\student-result-calculator\main.py", line 25, in process_student
    name, student_id = get_student_info()
                       ^^^^^^^^^^^^^^^^
NameError: name 'get_student_info' is not defined
2026-09-08 15:49:01,156 - ERROR - Unexpected error: name 'get_student_info' is not defined
Traceback (most recent call last):
  File "d:\Downloads\Super 30 exmples\student-result-calculator\main.py", line 78, in main
    process_student()
    ~~~~~~~~~~~~~~~^^
  File "d:\Downloads\Super 30 exmples\student-result-calculator\main.py", line 25, in process_student
    name, student_id = get_student_info()
                       ^^^^^^^^^^^^^^^^
NameError: name 'get_student_info' is not defined
2026-09-08 15:49:01,157 - ERROR - Unexpected error: name 'get_student_info' is not defined
Traceback (most recent call last):
  File "d:\Downloads\Super 30 exmples\student-result-calculator\main.py", line 78, in main
    process_student()
    ~~~~~~~~~~~~~~~^^
  File "d:\Downloads\Super 30 exmples\student-result-calculator\main.py", line 25, in process_student
    name, student_id = get_student_info()
                       ^^^^^^^^^^^^^^^^
NameError: name 'get_student_info' is not defined
2026-09-08 15:49:01,157 - ERROR - Unexpected error: name 'get_student_info' is not defined
Traceback (most recent call last):
  File "d:\Downloads\Super 30 exmples\student-result-calculator\main.py", line 78, in main
    process_student()
    ~~~~~~~~~~~~~~~^^
  File "d:\Downloads\Super 30 exmples\student-result-calculator\main.py", line 25, in process_student
    name, student_id = get_student_info()
                       ^^^^^^^^^^^^^^^^
NameError: name 'get_student_info' is not defined
2026-09-08 15:49:01,158 - ERROR - Unexpected error: name 'get_student_info' is not defined
Traceback (most recent call last):
  File "d:\Downloads\Super 30 exmples\student-result-calculator\main.py", line 78, in main
    process_student()
    ~~~~~~~~~~~~~~~^^
  File "d:\Downloads\Super 30 exmples\student-result-calculator\main.py", line 25, in process_student
    name, student_id = get_student_info()
                       ^^^^^^^^^^^^^^^^
NameError: name 'get_student_info' is not defined
2026-09-08 15:49:01,158 - ERROR - Unexpected error: name 'get_student_info' is not defined
Traceback (most recent call last):
  File "d:\Downloads\Super 30 exmples\student-result-calculator\main.py", line 78, in main
    process_student()
    ~~~~~~~~~~~~~~~^^
  File "d:\Downloads\Super 30 exmples\student-result-calculator\main.py", line 25, in process_student
    name, student_id = get_student_info()
                       ^^^^^^^^^^^^^^^^
NameError: name 'get_student_info' is not defined
2026-09-08 15:49:01,159 - ERROR - Unexpected error: name 'get_student_info' is not defined
Traceback (most recent call last):
  File "d:\Downloads\Super 30 exmples\student-result-calculator\main.py", line 78, in main
    process_student()
    ~~~~~~~~~~~~~~~^^
  File "d:\Downloads\Super 30 exmples\student-result-calculator\main.py", line 25, in process_student
    name, student_id = get_student_info()
                       ^^^^^^^^^^^^^^^^
NameError: name 'get_student_info' is not defined
2026-09-08 15:49:01,159 - ERROR - Unexpected error: name 'get_student_info' is not defined
Traceback (most recent call last):
  File "d:\Downloads\Super 30 exmples\student-result-calculator\main.py", line 78, in main
    process_student()
    ~~~~~~~~~~~~~~~^^
  File "d:\Downloads\Super 30 exmples\student-result-calculator\main.py", line 25, in process_student
    name, student_id = get_student_info()
                       ^^^^^^^^^^^^^^^^
NameError: name 'get_student_info' is not defined
2026-09-08 15:49:01,160 - ERROR - Unexpected error: name 'get_student_info' is not defined
Traceback (most recent call last):
  File "d:\Downloads\Super 30 exmples\student-result-calculator\main.py", line 78, in main
    process_student()
    ~~~~~~~~~~~~~~~^^
  File "d:\Downloads\Super 30 exmples\student-result-calculator\main.py", line 25, in process_student
    name, student_id = get_student_info()
                       ^^^^^^^^^^^^^^^^
NameError: name 'get_student_info' is not defined
2026-09-08 15:49:01,160 - ERROR - Unexpected error: name 'get_student_info' is not defined
Traceback (most recent call last):
  File "d:\Downloads\Super 30 exmples\student-result-calculator\main.py", line 78, in main
    process_student()
    ~~~~~~~~~~~~~~~^^
  File "d:\Downloads\Super 30 exmples\student-result-calculator\main.py", line 25, in process_student
    name, student_id = get_student_info()
                       ^^^^^^^^^^^^^^^^
NameError: name 'get_student_info' is not defined
2026-09-08 15:49:01,161 - ERROR - Unexpected error: name 'get_student_info' is not defined
Traceback (most recent call last):
  File "d:\Downloads\Super 30 exmples\student-result-calculator\main.py", line 78, in main
    process_student()
    ~~~~~~~~~~~~~~~^^
  File "d:\Downloads\Super 30 exmples\student-result-calculator\main.py", line 25, in process_student
    name, student_id = get_student_info()
                       ^^^^^^^^^^^^^^^^
NameError: name 'get_student_info' is not defined
2026-09-08 15:49:01,161 - ERROR - Unexpected error: name 'get_student_info' is not defined
Traceback (most recent call last):
  File "d:\Downloads\Super 30 exmples\student-result-calculator\main.py", line 78, in main
    process_student()
    ~~~~~~~~~~~~~~~^^
  File "d:\Downloads\Super 30 exmples\student-result-calculator\main.py", line 25, in process_student
    name, student_id = get_student_info()
                       ^^^^^^^^^^^^^^^^
NameError: name 'get_student_info' is not defined
2026-09-08 15:49:01,162 - ERROR - Unexpected error: name 'get_student_info' is not defined
Traceback (most recent call last):
  File "d:\Downloads\Super 30 exmples\student-result-calculator\main.py", line 78, in main
    process_student()
    ~~~~~~~~~~~~~~~^^
  File "d:\Downloads\Super 30 exmples\student-result-calculator\main.py", line 25, in process_student
    name, student_id = get_student_info()
                       ^^^^^^^^^^^^^^^^
NameError: name 'get_student_info' is not defined
2026-09-08 15:49:01,162 - ERROR - Unexpected error: name 'get_student_info' is not defined
Traceback (most recent call last):
  File "d:\Downloads\Super 30 exmples\student-result-calculator\main.py", line 78, in main
    process_student()
    ~~~~~~~~~~~~~~~^^
  File "d:\Downloads\Super 30 exmples\student-result-calculator\main.py", line 25, in process_student
    name, student_id = get_student_info()
                       ^^^^^^^^^^^^^^^^
NameError: name 'get_student_info' is not defined
2026-09-08 15:49:01,163 - ERROR - Unexpected error: name 'get_student_info' is not defined
Traceback (most recent call last):
  File "d:\Downloads\Super 30 exmples\student-result-calculator\main.py", line 78, in main
    process_student()
    ~~~~~~~~~~~~~~~^^
  File "d:\Downloads\Super 30 exmples\student-result-calculator\main.py", line 25, in process_student
    name, student_id = get_student_info()
                       ^^^^^^^^^^^^^^^^
NameError: name 'get_student_info' is not defined
2026-09-08 15:49:01,165 - ERROR - Unexpected error: name 'get_student_info' is not defined
Traceback (most recent call last):
  File "d:\Downloads\Super 30 exmples\student-result-calculator\main.py", line 78, in main
    process_student()
    ~~~~~~~~~~~~~~~^^
  File "d:\Downloads\Super 30 exmples\student-result-calculator\main.py", line 25, in process_student
    name, student_id = get_student_info()
                       ^^^^^^^^^^^^^^^^
NameError: name 'get_student_info' is not defined
2026-09-08 15:49:01,166 - ERROR - Unexpected error: name 'get_student_info' is not defined
Traceback (most recent call last):
  File "d:\Downloads\Super 30 exmples\student-result-calculator\main.py", line 78, in main
    process_student()
    ~~~~~~~~~~~~~~~^^
  File "d:\Downloads\Super 30 exmples\student-result-calculator\main.py", line 25, in process_student
    name, student_id = get_student_info()
                       ^^^^^^^^^^^^^^^^
NameError: name 'get_student_info' is not defined
2026-09-08 15:49:01,167 - ERROR - Unexpected error: name 'get_student_info' is not defined
Traceback (most recent call last):
  File "d:\Downloads\Super 30 exmples\student-result-calculator\main.py", line 78, in main
    process_student()
    ~~~~~~~~~~~~~~~^^
  File "d:\Downloads\Super 30 exmples\student-result-calculator\main.py", line 25, in process_student
    name, student_id = get_student_info()
                       ^^^^^^^^^^^^^^^^
NameError: name 'get_student_info' is not defined
2026-09-08 15:49:01,167 - ERROR - Unexpected error: name 'get_student_info' is not defined
Traceback (most recent call last):
  File "d:\Downloads\Super 30 exmples\student-result-calculator\main.py", line 78, in main
    process_student()
    ~~~~~~~~~~~~~~~^^
  File "d:\Downloads\Super 30 exmples\student-result-calculator\main.py", line 25, in process_student
    name, student_id = get_student_info()
                       ^^^^^^^^^^^^^^^^
NameError: name 'get_student_info' is not defined
2026-09-08 15:49:01,168 - ERROR - Unexpected error: name 'get_student_info' is not defined
Traceback (most recent call last):
  File "d:\Downloads\Super 30 exmples\student-result-calculator\main.py", line 78, in main
    process_student()
    ~~~~~~~~~~~~~~~^^
  File "d:\Downloads\Super 30 exmples\student-result-calculator\main.py", line 25, in process_student
    name, student_id = get_student_info()
                       ^^^^^^^^^^^^^^^^
NameError: name 'get_student_info' is not defined
2026-09-08 15:49:01,169 - ERROR - Unexpected error: name 'get_student_info' is not defined
Traceback (most recent call last):
  File "d:\Downloads\Super 30 exmples\student-result-calculator\main.py", line 78, in main
    process_student()
    ~~~~~~~~~~~~~~~^^
  File "d:\Downloads\Super 30 exmples\student-result-calculator\main.py", line 25, in process_student
    name, student_id = get_student_info()
                       ^^^^^^^^^^^^^^^^
NameError: name 'get_student_info' is not defined
2026-09-08 15:49:01,170 - ERROR - Unexpected error: name 'get_student_info' is not defined
Traceback (most recent call last):
  File "d:\Downloads\Super 30 exmples\student-result-calculator\main.py", line 78, in main
    process_student()
    ~~~~~~~~~~~~~~~^^
  File "d:\Downloads\Super 30 exmples\student-result-calculator\main.py", line 25, in process_student
    name, student_id = get_student_info()
                       ^^^^^^^^^^^^^^^^
NameError: name 'get_student_info' is not defined
2026-09-08 15:49:01,170 - ERROR - Unexpected error: name 'get_student_info' is not defined
Traceback (most recent call last):
  File "d:\Downloads\Super 30 exmples\student-result-calculator\main.py", line 78, in main
    process_student()
    ~~~~~~~~~~~~~~~^^
  File "d:\Downloads\Super 30 exmples\student-result-calculator\main.py", line 25, in process_student
    name, student_id = get_student_info()
                       ^^^^^^^^^^^^^^^^
NameError: name 'get_student_info' is not defined
2026-09-08 15:49:01,171 - ERROR - Unexpected error: name 'get_student_info' is not defined
Traceback (most recent call last):
  File "d:\Downloads\Super 30 exmples\student-result-calculator\main.py", line 78, in main
    process_student()
    ~~~~~~~~~~~~~~~^^
  File "d:\Downloads\Super 30 exmples\student-result-calculator\main.py", line 25, in process_student
    name, student_id = get_student_info()
                       ^^^^^^^^^^^^^^^^
NameError: name 'get_student_info' is not defined
2026-09-08 15:49:01,171 - ERROR - Unexpected error: name 'get_student_info' is not defined
Traceback (most recent call last):
  File "d:\Downloads\Super 30 exmples\student-result-calculator\main.py", line 78, in main
    process_student()
    ~~~~~~~~~~~~~~~^^
  File "d:\Downloads\Super 30 exmples\student-result-calculator\main.py", line 25, in process_student
    name, student_id = get_student_info()
                       ^^^^^^^^^^^^^^^^
NameError: name 'get_student_info' is not defined
2026-09-08 15:49:01,171 - ERROR - Unexpected error: name 'get_student_info' is not defined
Traceback (most recent call last):
  File "d:\Downloads\Super 30 exmples\student-result-calculator\main.py", line 78, in main
    process_student()
    ~~~~~~~~~~~~~~~^^
  File "d:\Downloads\Super 30 exmples\student-result-calculator\main.py", line 25, in process_student
    name, student_id = get_student_info()
                       ^^^^^^^^^^^^^^^^
NameError: name 'get_student_info' is not defined
2026-09-08 15:49:01,172 - ERROR - Unexpected error: name 'get_student_info' is not defined
Traceback (most recent call last):
  File "d:\Downloads\Super 30 exmples\student-result-calculator\main.py", line 78, in main
    process_student()
    ~~~~~~~~~~~~~~~^^
  File "d:\Downloads\Super 30 exmples\student-result-calculator\main.py", line 25, in process_student
    name, student_id = get_student_info()
                       ^^^^^^^^^^^^^^^^
NameError: name 'get_student_info' is not defined
2026-09-08 15:49:01,172 - ERROR - Unexpected error: name 'get_student_info' is not defined
Traceback (most recent call last):
  File "d:\Downloads\Super 30 exmples\student-result-calculator\main.py", line 78, in main
    process_student()
    ~~~~~~~~~~~~~~~^^
  File "d:\Downloads\Super 30 exmples\student-result-calculator\main.py", line 25, in process_student
    name, student_id = get_student_info()
                       ^^^^^^^^^^^^^^^^
NameError: name 'get_student_info' is not defined
2026-09-08 15:49:01,173 - ERROR - Unexpected error: name 'get_student_info' is not defined
Traceback (most recent call last):
  File "d:\Downloads\Super 30 exmples\student-result-calculator\main.py", line 78, in main
    process_student()
    ~~~~~~~~~~~~~~~^^
  File "d:\Downloads\Super 30 exmples\student-result-calculator\main.py", line 25, in process_student
    name, student_id = get_student_info()
                       ^^^^^^^^^^^^^^^^
NameError: name 'get_student_info' is not defined
2026-09-08 15:49:01,173 - ERROR - Unexpected error: name 'get_student_info' is not defined
Traceback (most recent call last):
  File "d:\Downloads\Super 30 exmples\student-result-calculator\main.py", line 78, in main
    process_student()
    ~~~~~~~~~~~~~~~^^
  File "d:\Downloads\Super 30 exmples\student-result-calculator\main.py", line 25, in process_student
    name, student_id = get_student_info()
                       ^^^^^^^^^^^^^^^^
NameError: name 'get_student_info' is not defined
2026-09-08 15:49:01,174 - ERROR - Unexpected error: name 'get_student_info' is not defined
Traceback (most recent call last):
  File "d:\Downloads\Super 30 exmples\student-result-calculator\main.py", line 78, in main
    process_student()
    ~~~~~~~~~~~~~~~^^
  File "d:\Downloads\Super 30 exmples\student-result-calculator\main.py", line 25, in process_student
    name, student_id = get_student_info()
                       ^^^^^^^^^^^^^^^^
NameError: name 'get_student_info' is not defined
2026-09-08 15:49:01,174 - ERROR - Unexpected error: name 'get_student_info' is not defined
Traceback (most recent call last):
  File "d:\Downloads\Super 30 exmples\student-result-calculator\main.py", line 78, in main
    process_student()
    ~~~~~~~~~~~~~~~^^
  File "d:\Downloads\Super 30 exmples\student-result-calculator\main.py", line 25, in process_student
    name, student_id = get_student_info()
                       ^^^^^^^^^^^^^^^^
NameError: name 'get_student_info' is not defined
2026-09-08 15:49:01,175 - ERROR - Unexpected error: name 'get_student_info' is not defined
Traceback (most recent call last):
  File "d:\Downloads\Super 30 exmples\student-result-calculator\main.py", line 78, in main
    process_student()
    ~~~~~~~~~~~~~~~^^
  File "d:\Downloads\Super 30 exmples\student-result-calculator\main.py", line 25, in process_student
    name, student_id = get_student_info()
                       ^^^^^^^^^^^^^^^^
NameError: name 'get_student_info' is not defined
2026-09-08 15:49:01,175 - ERROR - Unexpected error: name 'get_student_info' is not defined
Traceback (most recent call last):
  File "d:\Downloads\Super 30 exmples\student-result-calculator\main.py", line 78, in main
    process_student()
    ~~~~~~~~~~~~~~~^^
  File "d:\Downloads\Super 30 exmples\student-result-calculator\main.py", line 25, in process_student
    name, student_id = get_student_info()
                       ^^^^^^^^^^^^^^^^
NameError: name 'get_student_info' is not defined
2026-09-08 15:49:01,176 - ERROR - Unexpected error: name 'get_student_info' is not defined
Traceback (most recent call last):
  File "d:\Downloads\Super 30 exmples\student-result-calculator\main.py", line 78, in main
    process_student()
    ~~~~~~~~~~~~~~~^^
  File "d:\Downloads\Super 30 exmples\student-result-calculator\main.py", line 25, in process_student
    name, student_id = get_student_info()
                       ^^^^^^^^^^^^^^^^
NameError: name 'get_student_info' is not defined
2026-09-08 15:49:01,176 - ERROR - Unexpected error: name 'get_student_info' is not defined
Traceback (most recent call last):
  File "d:\Downloads\Super 30 exmples\student-result-calculator\main.py", line 78, in main
    process_student()
    ~~~~~~~~~~~~~~~^^
  File "d:\Downloads\Super 30 exmples\student-result-calculator\main.py", line 25, in process_student
    name, student_id = get_student_info()
                       ^^^^^^^^^^^^^^^^
NameError: name 'get_student_info' is not defined
2026-09-08 15:49:01,177 - ERROR - Unexpected error: name 'get_student_info' is not defined
Traceback (most recent call last):
  File "d:\Downloads\Super 30 exmples\student-result-calculator\main.py", line 78, in main
    process_student()
    ~~~~~~~~~~~~~~~^^
  File "d:\Downloads\Super 30 exmples\student-result-calculator\main.py", line 25, in process_student
    name, student_id = get_student_info()
                       ^^^^^^^^^^^^^^^^
NameError: name 'get_student_info' is not defined
2026-09-08 15:49:01,177 - ERROR - Unexpected error: name 'get_student_info' is not defined
Traceback (most recent call last):
  File "d:\Downloads\Super 30 exmples\student-result-calculator\main.py", line 78, in main
    process_student()
    ~~~~~~~~~~~~~~~^^
  File "d:\Downloads\Super 30 exmples\student-result-calculator\main.py", line 25, in process_student
    name, student_id = get_student_info()
                       ^^^^^^^^^^^^^^^^
NameError: name 'get_student_info' is not defined
2026-09-08 15:49:01,178 - ERROR - Unexpected error: name 'get_student_info' is not defined
Traceback (most recent call last):
  File "d:\Downloads\Super 30 exmples\student-result-calculator\main.py", line 78, in main
    process_student()
    ~~~~~~~~~~~~~~~^^
  File "d:\Downloads\Super 30 exmples\student-result-calculator\main.py", line 25, in process_student
    name, student_id = get_student_info()
                       ^^^^^^^^^^^^^^^^
NameError: name 'get_student_info' is not defined
2026-09-08 15:49:01,178 - ERROR - Unexpected error: name 'get_student_info' is not defined
Traceback (most recent call last):
  File "d:\Downloads\Super 30 exmples\student-result-calculator\main.py", line 78, in main
    process_student()
    ~~~~~~~~~~~~~~~^^
  File "d:\Downloads\Super 30 exmples\student-result-calculator\main.py", line 25, in process_student
    name, student_id = get_student_info()
                       ^^^^^^^^^^^^^^^^
NameError: name 'get_student_info' is not defined
2026-09-08 15:49:01,179 - ERROR - Unexpected error: name 'get_student_info' is not defined
Traceback (most recent call last):
  File "d:\Downloads\Super 30 exmples\student-result-calculator\main.py", line 78, in main
    process_student()
    ~~~~~~~~~~~~~~~^^
  File "d:\Downloads\Super 30 exmples\student-result-calculator\main.py", line 25, in process_student
    name, student_id = get_student_info()
                       ^^^^^^^^^^^^^^^^
NameError: name 'get_student_info' is not defined
2026-09-08 15:49:01,179 - ERROR - Unexpected error: name 'get_student_info' is not defined
Traceback (most recent call last):
  File "d:\Downloads\Super 30 exmples\student-result-calculator\main.py", line 78, in main
    process_student()
    ~~~~~~~~~~~~~~~^^
  File "d:\Downloads\Super 30 exmples\student-result-calculator\main.py", line 25, in process_student
    name, student_id = get_student_info()
                       ^^^^^^^^^^^^^^^^
NameError: name 'get_student_info' is not defined
2026-09-08 15:49:01,180 - ERROR - Unexpected error: name 'get_student_info' is not defined
Traceback (most recent call last):
  File "d:\Downloads\Super 30 exmples\student-result-calculator\main.py", line 78, in main
    process_student()
    ~~~~~~~~~~~~~~~^^
  File "d:\Downloads\Super 30 exmples\student-result-calculator\main.py", line 25, in process_student
    name, student_id = get_student_info()
                       ^^^^^^^^^^^^^^^^
NameError: name 'get_student_info' is not defined
2026-09-08 15:49:01,182 - ERROR - Unexpected error: name 'get_student_info' is not defined
Traceback (most recent call last):
  File "d:\Downloads\Super 30 exmples\student-result-calculator\main.py", line 78, in main
    process_student()
    ~~~~~~~~~~~~~~~^^
  File "d:\Downloads\Super 30 exmples\student-result-calculator\main.py", line 25, in process_student
    name, student_id = get_student_info()
                       ^^^^^^^^^^^^^^^^
NameError: name 'get_student_info' is not defined
2026-09-08 15:49:01,183 - ERROR - Unexpected error: name 'get_student_info' is not defined
Traceback (most recent call last):
  File "d:\Downloads\Super 30 exmples\student-result-calculator\main.py", line 78, in main
    process_student()
    ~~~~~~~~~~~~~~~^^
  File "d:\Downloads\Super 30 exmples\student-result-calculator\main.py", line 25, in process_student
    name, student_id = get_student_info()
                       ^^^^^^^^^^^^^^^^
NameError: name 'get_student_info' is not defined
2026-09-08 15:49:01,184 - ERROR - Unexpected error: name 'get_student_info' is not defined
Traceback (most recent call last):
  File "d:\Downloads\Super 30 exmples\student-result-calculator\main.py", line 78, in main
    process_student()
    ~~~~~~~~~~~~~~~^^
  File "d:\Downloads\Super 30 exmples\student-result-calculator\main.py", line 25, in process_student
    name, student_id = get_student_info()
                       ^^^^^^^^^^^^^^^^
NameError: name 'get_student_info' is not defined
2026-09-08 15:49:01,184 - ERROR - Unexpected error: name 'get_student_info' is not defined
Traceback (most recent call last):
  File "d:\Downloads\Super 30 exmples\student-result-calculator\main.py", line 78, in main
    process_student()
    ~~~~~~~~~~~~~~~^^
  File "d:\Downloads\Super 30 exmples\student-result-calculator\main.py", line 25, in process_student
    name, student_id = get_student_info()
                       ^^^^^^^^^^^^^^^^
NameError: name 'get_student_info' is not defined
2026-09-08 15:49:01,185 - ERROR - Unexpected error: name 'get_student_info' is not defined
Traceback (most recent call last):
  File "d:\Downloads\Super 30 exmples\student-result-calculator\main.py", line 78, in main
    process_student()
    ~~~~~~~~~~~~~~~^^
  File "d:\Downloads\Super 30 exmples\student-result-calculator\main.py", line 25, in process_student
    name, student_id = get_student_info()
                       ^^^^^^^^^^^^^^^^
NameError: name 'get_student_info' is not defined
2026-09-08 15:49:01,185 - ERROR - Unexpected error: name 'get_student_info' is not defined
Traceback (most recent call last):
  File "d:\Downloads\Super 30 exmples\student-result-calculator\main.py", line 78, in main
    process_student()
    ~~~~~~~~~~~~~~~^^
  File "d:\Downloads\Super 30 exmples\student-result-calculator\main.py", line 25, in process_student
    name, student_id = get_student_info()
                       ^^^^^^^^^^^^^^^^
NameError: name 'get_student_info' is not defined
2026-09-08 15:49:01,186 - ERROR - Unexpected error: name 'get_student_info' is not defined
Traceback (most recent call last):
  File "d:\Downloads\Super 30 exmples\student-result-calculator\main.py", line 78, in main
    process_student()
    ~~~~~~~~~~~~~~~^^
  File "d:\Downloads\Super 30 exmples\student-result-calculator\main.py", line 25, in process_student
    name, student_id = get_student_info()
                       ^^^^^^^^^^^^^^^^
NameError: name 'get_student_info' is not defined
2026-09-08 15:49:01,187 - ERROR - Unexpected error: name 'get_student_info' is not defined
Traceback (most recent call last):
  File "d:\Downloads\Super 30 exmples\student-result-calculator\main.py", line 78, in main
    process_student()
    ~~~~~~~~~~~~~~~^^
  File "d:\Downloads\Super 30 exmples\student-result-calculator\main.py", line 25, in process_student
    name, student_id = get_student_info()
                       ^^^^^^^^^^^^^^^^
NameError: name 'get_student_info' is not defined
2026-09-08 15:49:01,187 - ERROR - Unexpected error: name 'get_student_info' is not defined
Traceback (most recent call last):
  File "d:\Downloads\Super 30 exmples\student-result-calculator\main.py", line 78, in main
    process_student()
    ~~~~~~~~~~~~~~~^^
  File "d:\Downloads\Super 30 exmples\student-result-calculator\main.py", line 25, in process_student
    name, student_id = get_student_info()
                       ^^^^^^^^^^^^^^^^
NameError: name 'get_student_info' is not defined
2026-09-08 15:49:01,187 - ERROR - Unexpected error: name 'get_student_info' is not defined
Traceback (most recent call last):
  File "d:\Downloads\Super 30 exmples\student-result-calculator\main.py", line 78, in main
    process_student()
    ~~~~~~~~~~~~~~~^^
  File "d:\Downloads\Super 30 exmples\student-result-calculator\main.py", line 25, in process_student
    name, student_id = get_student_info()
                       ^^^^^^^^^^^^^^^^
NameError: name 'get_student_info' is not defined
2026-09-08 15:49:01,188 - ERROR - Unexpected error: name 'get_student_info' is not defined
Traceback (most recent call last):
  File "d:\Downloads\Super 30 exmples\student-result-calculator\main.py", line 78, in main
    process_student()
    ~~~~~~~~~~~~~~~^^
  File "d:\Downloads\Super 30 exmples\student-result-calculator\main.py", line 25, in process_student
    name, student_id = get_student_info()
                       ^^^^^^^^^^^^^^^^
NameError: name 'get_student_info' is not defined
2026-09-08 15:49:01,188 - ERROR - Unexpected error: name 'get_student_info' is not defined
Traceback (most recent call last):
  File "d:\Downloads\Super 30 exmples\student-result-calculator\main.py", line 78, in main
    process_student()
    ~~~~~~~~~~~~~~~^^
  File "d:\Downloads\Super 30 exmples\student-result-calculator\main.py", line 25, in process_student
    name, student_id = get_student_info()
                       ^^^^^^^^^^^^^^^^
NameError: name 'get_student_info' is not defined
2026-09-08 15:49:01,189 - ERROR - Unexpected error: name 'get_student_info' is not defined
Traceback (most recent call last):
  File "d:\Downloads\Super 30 exmples\student-result-calculator\main.py", line 78, in main
    process_student()
    ~~~~~~~~~~~~~~~^^
  File "d:\Downloads\Super 30 exmples\student-result-calculator\main.py", line 25, in process_student
    name, student_id = get_student_info()
                       ^^^^^^^^^^^^^^^^
NameError: name 'get_student_info' is not defined
2026-09-08 15:49:01,189 - ERROR - Unexpected error: name 'get_student_info' is not defined
Traceback (most recent call last):
  File "d:\Downloads\Super 30 exmples\student-result-calculator\main.py", line 78, in main
    process_student()
    ~~~~~~~~~~~~~~~^^
  File "d:\Downloads\Super 30 exmples\student-result-calculator\main.py", line 25, in process_student
    name, student_id = get_student_info()
                       ^^^^^^^^^^^^^^^^
NameError: name 'get_student_info' is not defined
2026-09-08 15:49:01,189 - ERROR - Unexpected error: name 'get_student_info' is not defined
Traceback (most recent call last):
  File "d:\Downloads\Super 30 exmples\student-result-calculator\main.py", line 78, in main
    process_student()
    ~~~~~~~~~~~~~~~^^
  File "d:\Downloads\Super 30 exmples\student-result-calculator\main.py", line 25, in process_student
    name, student_id = get_student_info()
                       ^^^^^^^^^^^^^^^^
NameError: name 'get_student_info' is not defined
2026-09-08 15:49:01,190 - ERROR - Unexpected error: name 'get_student_info' is not defined
Traceback (most recent call last):
  File "d:\Downloads\Super 30 exmples\student-result-calculator\main.py", line 78, in main
    process_student()
    ~~~~~~~~~~~~~~~^^
  File "d:\Downloads\Super 30 exmples\student-result-calculator\main.py", line 25, in process_student
    name, student_id = get_student_info()
                       ^^^^^^^^^^^^^^^^
NameError: name 'get_student_info' is not defined
2026-09-08 15:49:01,191 - ERROR - Unexpected error: name 'get_student_info' is not defined
Traceback (most recent call last):
  File "d:\Downloads\Super 30 exmples\student-result-calculator\main.py", line 78, in main
    process_student()
    ~~~~~~~~~~~~~~~^^
  File "d:\Downloads\Super 30 exmples\student-result-calculator\main.py", line 25, in process_student
    name, student_id = get_student_info()
                       ^^^^^^^^^^^^^^^^
NameError: name 'get_student_info' is not defined
2026-09-08 15:49:01,191 - ERROR - Unexpected error: name 'get_student_info' is not defined
Traceback (most recent call last):
  File "d:\Downloads\Super 30 exmples\student-result-calculator\main.py", line 78, in main
    process_student()
    ~~~~~~~~~~~~~~~^^
  File "d:\Downloads\Super 30 exmples\student-result-calculator\main.py", line 25, in process_student
    name, student_id = get_student_info()
                       ^^^^^^^^^^^^^^^^
NameError: name 'get_student_info' is not defined
2026-09-08 15:49:01,191 - ERROR - Unexpected error: name 'get_student_info' is not defined
Traceback (most recent call last):
  File "d:\Downloads\Super 30 exmples\student-result-calculator\main.py", line 78, in main
    process_student()
    ~~~~~~~~~~~~~~~^^
  File "d:\Downloads\Super 30 exmples\student-result-calculator\main.py", line 25, in process_student
    name, student_id = get_student_info()
                       ^^^^^^^^^^^^^^^^
NameError: name 'get_student_info' is not defined
2026-09-08 15:49:01,192 - ERROR - Unexpected error: name 'get_student_info' is not defined
Traceback (most recent call last):
  File "d:\Downloads\Super 30 exmples\student-result-calculator\main.py", line 78, in main
    process_student()
    ~~~~~~~~~~~~~~~^^
  File "d:\Downloads\Super 30 exmples\student-result-calculator\main.py", line 25, in process_student
    name, student_id = get_student_info()
                       ^^^^^^^^^^^^^^^^
NameError: name 'get_student_info' is not defined
2026-09-08 15:49:01,192 - ERROR - Unexpected error: name 'get_student_info' is not defined
Traceback (most recent call last):
  File "d:\Downloads\Super 30 exmples\student-result-calculator\main.py", line 78, in main
    process_student()
    ~~~~~~~~~~~~~~~^^
  File "d:\Downloads\Super 30 exmples\student-result-calculator\main.py", line 25, in process_student
    name, student_id = get_student_info()
                       ^^^^^^^^^^^^^^^^
NameError: name 'get_student_info' is not defined
2026-09-08 15:49:01,193 - ERROR - Unexpected error: name 'get_student_info' is not defined
Traceback (most recent call last):
  File "d:\Downloads\Super 30 exmples\student-result-calculator\main.py", line 78, in main
    process_student()
    ~~~~~~~~~~~~~~~^^
  File "d:\Downloads\Super 30 exmples\student-result-calculator\main.py", line 25, in process_student
    name, student_id = get_student_info()
                       ^^^^^^^^^^^^^^^^
NameError: name 'get_student_info' is not defined
2026-09-08 15:49:01,193 - ERROR - Unexpected error: name 'get_student_info' is not defined
Traceback (most recent call last):
  File "d:\Downloads\Super 30 exmples\student-result-calculator\main.py", line 78, in main
    process_student()
    ~~~~~~~~~~~~~~~^^
  File "d:\Downloads\Super 30 exmples\student-result-calculator\main.py", line 25, in process_student
    name, student_id = get_student_info()
                       ^^^^^^^^^^^^^^^^
NameError: name 'get_student_info' is not defined
2026-09-08 15:49:01,194 - ERROR - Unexpected error: name 'get_student_info' is not defined
Traceback (most recent call last):
  File "d:\Downloads\Super 30 exmples\student-result-calculator\main.py", line 78, in main
    process_student()
    ~~~~~~~~~~~~~~~^^
  File "d:\Downloads\Super 30 exmples\student-result-calculator\main.py", line 25, in process_student
    name, student_id = get_student_info()
                       ^^^^^^^^^^^^^^^^
NameError: name 'get_student_info' is not defined
2026-09-08 15:49:01,194 - ERROR - Unexpected error: name 'get_student_info' is not defined
Traceback (most recent call last):
  File "d:\Downloads\Super 30 exmples\student-result-calculator\main.py", line 78, in main
    process_student()
    ~~~~~~~~~~~~~~~^^
  File "d:\Downloads\Super 30 exmples\student-result-calculator\main.py", line 25, in process_student
    name, student_id = get_student_info()
                       ^^^^^^^^^^^^^^^^
NameError: name 'get_student_info' is not defined
2026-09-08 15:49:01,195 - ERROR - Unexpected error: name 'get_student_info' is not defined
Traceback (most recent call last):
  File "d:\Downloads\Super 30 exmples\student-result-calculator\main.py", line 78, in main
    process_student()
    ~~~~~~~~~~~~~~~^^
  File "d:\Downloads\Super 30 exmples\student-result-calculator\main.py", line 25, in process_student
    name, student_id = get_student_info()
                       ^^^^^^^^^^^^^^^^
NameError: name 'get_student_info' is not defined
2026-09-08 15:49:01,195 - ERROR - Unexpected error: name 'get_student_info' is not defined
Traceback (most recent call last):
  File "d:\Downloads\Super 30 exmples\student-result-calculator\main.py", line 78, in main
    process_student()
    ~~~~~~~~~~~~~~~^^
  File "d:\Downloads\Super 30 exmples\student-result-calculator\main.py", line 25, in process_student
    name, student_id = get_student_info()
                       ^^^^^^^^^^^^^^^^
NameError: name 'get_student_info' is not defined
2026-09-08 15:49:01,196 - ERROR - Unexpected error: name 'get_student_info' is not defined
Traceback (most recent call last):
  File "d:\Downloads\Super 30 exmples\student-result-calculator\main.py", line 78, in main
    process_student()
    ~~~~~~~~~~~~~~~^^
  File "d:\Downloads\Super 30 exmples\student-result-calculator\main.py", line 25, in process_student
    name, student_id = get_student_info()
                       ^^^^^^^^^^^^^^^^
NameError: name 'get_student_info' is not defined
2026-09-08 15:49:01,197 - ERROR - Unexpected error: name 'get_student_info' is not defined
Traceback (most recent call last):
  File "d:\Downloads\Super 30 exmples\student-result-calculator\main.py", line 78, in main
    process_student()
    ~~~~~~~~~~~~~~~^^
  File "d:\Downloads\Super 30 exmples\student-result-calculator\main.py", line 25, in process_student
    name, student_id = get_student_info()
                       ^^^^^^^^^^^^^^^^
NameError: name 'get_student_info' is not defined
2026-09-08 15:49:01,199 - ERROR - Unexpected error: name 'get_student_info' is not defined
Traceback (most recent call last):
  File "d:\Downloads\Super 30 exmples\student-result-calculator\main.py", line 78, in main
    process_student()
    ~~~~~~~~~~~~~~~^^
  File "d:\Downloads\Super 30 exmples\student-result-calculator\main.py", line 25, in process_student
    name, student_id = get_student_info()
                       ^^^^^^^^^^^^^^^^
NameError: name 'get_student_info' is not defined
2026-09-08 15:49:01,200 - ERROR - Unexpected error: name 'get_student_info' is not defined
Traceback (most recent call last):
  File "d:\Downloads\Super 30 exmples\student-result-calculator\main.py", line 78, in main
    process_student()
    ~~~~~~~~~~~~~~~^^
  File "d:\Downloads\Super 30 exmples\student-result-calculator\main.py", line 25, in process_student
    name, student_id = get_student_info()
                       ^^^^^^^^^^^^^^^^
NameError: name 'get_student_info' is not defined
2026-09-08 15:49:01,200 - ERROR - Unexpected error: name 'get_student_info' is not defined
Traceback (most recent call last):
  File "d:\Downloads\Super 30 exmples\student-result-calculator\main.py", line 78, in main
    process_student()
    ~~~~~~~~~~~~~~~^^
  File "d:\Downloads\Super 30 exmples\student-result-calculator\main.py", line 25, in process_student
    name, student_id = get_student_info()
                       ^^^^^^^^^^^^^^^^
NameError: name 'get_student_info' is not defined
2026-09-08 15:49:01,201 - ERROR - Unexpected error: name 'get_student_info' is not defined
Traceback (most recent call last):
  File "d:\Downloads\Super 30 exmples\student-result-calculator\main.py", line 78, in main
    process_student()
    ~~~~~~~~~~~~~~~^^
  File "d:\Downloads\Super 30 exmples\student-result-calculator\main.py", line 25, in process_student
    name, student_id = get_student_info()
                       ^^^^^^^^^^^^^^^^
NameError: name 'get_student_info' is not defined
2026-09-08 15:49:01,202 - ERROR - Unexpected error: name 'get_student_info' is not defined
Traceback (most recent call last):
  File "d:\Downloads\Super 30 exmples\student-result-calculator\main.py", line 78, in main
    process_student()
    ~~~~~~~~~~~~~~~^^
  File "d:\Downloads\Super 30 exmples\student-result-calculator\main.py", line 25, in process_student
    name, student_id = get_student_info()
                       ^^^^^^^^^^^^^^^^
NameError: name 'get_student_info' is not defined
2026-09-08 15:49:01,202 - ERROR - Unexpected error: name 'get_student_info' is not defined
Traceback (most recent call last):
  File "d:\Downloads\Super 30 exmples\student-result-calculator\main.py", line 78, in main
    process_student()
    ~~~~~~~~~~~~~~~^^
  File "d:\Downloads\Super 30 exmples\student-result-calculator\main.py", line 25, in process_student
    name, student_id = get_student_info()
                       ^^^^^^^^^^^^^^^^
NameError: name 'get_student_info' is not defined
2026-09-08 15:49:01,203 - ERROR - Unexpected error: name 'get_student_info' is not defined
Traceback (most recent call last):
  File "d:\Downloads\Super 30 exmples\student-result-calculator\main.py", line 78, in main
    process_student()
    ~~~~~~~~~~~~~~~^^
  File "d:\Downloads\Super 30 exmples\student-result-calculator\main.py", line 25, in process_student
    name, student_id = get_student_info()
                       ^^^^^^^^^^^^^^^^
NameError: name 'get_student_info' is not defined
2026-09-08 15:49:01,204 - ERROR - Unexpected error: name 'get_student_info' is not defined
Traceback (most recent call last):
  File "d:\Downloads\Super 30 exmples\student-result-calculator\main.py", line 78, in main
    process_student()
    ~~~~~~~~~~~~~~~^^
  File "d:\Downloads\Super 30 exmples\student-result-calculator\main.py", line 25, in process_student
    name, student_id = get_student_info()
                       ^^^^^^^^^^^^^^^^
NameError: name 'get_student_info' is not defined
2026-09-08 15:49:01,204 - ERROR - Unexpected error: name 'get_student_info' is not defined
Traceback (most recent call last):
  File "d:\Downloads\Super 30 exmples\student-result-calculator\main.py", line 78, in main
    process_student()
    ~~~~~~~~~~~~~~~^^
  File "d:\Downloads\Super 30 exmples\student-result-calculator\main.py", line 25, in process_student
    name, student_id = get_student_info()
                       ^^^^^^^^^^^^^^^^
NameError: name 'get_student_info' is not defined
2026-09-08 15:49:01,204 - ERROR - Unexpected error: name 'get_student_info' is not defined
Traceback (most recent call last):
  File "d:\Downloads\Super 30 exmples\student-result-calculator\main.py", line 78, in main
    process_student()
    ~~~~~~~~~~~~~~~^^
  File "d:\Downloads\Super 30 exmples\student-result-calculator\main.py", line 25, in process_student
    name, student_id = get_student_info()
                       ^^^^^^^^^^^^^^^^
NameError: name 'get_student_info' is not defined
2026-09-08 15:49:01,205 - ERROR - Unexpected error: name 'get_student_info' is not defined
Traceback (most recent call last):
  File "d:\Downloads\Super 30 exmples\student-result-calculator\main.py", line 78, in main
    process_student()
    ~~~~~~~~~~~~~~~^^
  File "d:\Downloads\Super 30 exmples\student-result-calculator\main.py", line 25, in process_student
    name, student_id = get_student_info()
                       ^^^^^^^^^^^^^^^^
NameError: name 'get_student_info' is not defined
2026-09-08 15:49:01,205 - ERROR - Unexpected error: name 'get_student_info' is not defined
Traceback (most recent call last):
  File "d:\Downloads\Super 30 exmples\student-result-calculator\main.py", line 78, in main
    process_student()
    ~~~~~~~~~~~~~~~^^
  File "d:\Downloads\Super 30 exmples\student-result-calculator\main.py", line 25, in process_student
    name, student_id = get_student_info()
                       ^^^^^^^^^^^^^^^^
NameError: name 'get_student_info' is not defined
2026-09-08 15:49:01,206 - ERROR - Unexpected error: name 'get_student_info' is not defined
Traceback (most recent call last):
  File "d:\Downloads\Super 30 exmples\student-result-calculator\main.py", line 78, in main
    process_student()
    ~~~~~~~~~~~~~~~^^
  File "d:\Downloads\Super 30 exmples\student-result-calculator\main.py", line 25, in process_student
    name, student_id = get_student_info()
                       ^^^^^^^^^^^^^^^^
NameError: name 'get_student_info' is not defined
2026-09-08 15:49:01,206 - ERROR - Unexpected error: name 'get_student_info' is not defined
Traceback (most recent call last):
  File "d:\Downloads\Super 30 exmples\student-result-calculator\main.py", line 78, in main
    process_student()
    ~~~~~~~~~~~~~~~^^
  File "d:\Downloads\Super 30 exmples\student-result-calculator\main.py", line 25, in process_student
    name, student_id = get_student_info()
                       ^^^^^^^^^^^^^^^^
NameError: name 'get_student_info' is not defined
2026-09-08 15:49:01,207 - ERROR - Unexpected error: name 'get_student_info' is not defined
Traceback (most recent call last):
  File "d:\Downloads\Super 30 exmples\student-result-calculator\main.py", line 78, in main
    process_student()
    ~~~~~~~~~~~~~~~^^
  File "d:\Downloads\Super 30 exmples\student-result-calculator\main.py", line 25, in process_student
    name, student_id = get_student_info()
                       ^^^^^^^^^^^^^^^^
NameError: name 'get_student_info' is not defined
2026-09-08 15:49:01,207 - ERROR - Unexpected error: name 'get_student_info' is not defined
Traceback (most recent call last):
  File "d:\Downloads\Super 30 exmples\student-result-calculator\main.py", line 78, in main
    process_student()
    ~~~~~~~~~~~~~~~^^
  File "d:\Downloads\Super 30 exmples\student-result-calculator\main.py", line 25, in process_student
    name, student_id = get_student_info()
                       ^^^^^^^^^^^^^^^^
NameError: name 'get_student_info' is not defined
2026-09-08 15:49:01,208 - ERROR - Unexpected error: name 'get_student_info' is not defined
Traceback (most recent call last):
  File "d:\Downloads\Super 30 exmples\student-result-calculator\main.py", line 78, in main
    process_student()
    ~~~~~~~~~~~~~~~^^
  File "d:\Downloads\Super 30 exmples\student-result-calculator\main.py", line 25, in process_student
    name, student_id = get_student_info()
                       ^^^^^^^^^^^^^^^^
NameError: name 'get_student_info' is not defined
2026-09-08 15:49:01,208 - ERROR - Unexpected error: name 'get_student_info' is not defined
Traceback (most recent call last):
  File "d:\Downloads\Super 30 exmples\student-result-calculator\main.py", line 78, in main
    process_student()
    ~~~~~~~~~~~~~~~^^
  File "d:\Downloads\Super 30 exmples\student-result-calculator\main.py", line 25, in process_student
    name, student_id = get_student_info()
                       ^^^^^^^^^^^^^^^^
NameError: name 'get_student_info' is not defined
2026-09-08 15:49:01,209 - ERROR - Unexpected error: name 'get_student_info' is not defined
Traceback (most recent call last):
  File "d:\Downloads\Super 30 exmples\student-result-calculator\main.py", line 78, in main
    process_student()
    ~~~~~~~~~~~~~~~^^
  File "d:\Downloads\Super 30 exmples\student-result-calculator\main.py", line 25, in process_student
    name, student_id = get_student_info()
                       ^^^^^^^^^^^^^^^^
NameError: name 'get_student_info' is not defined
2026-09-08 15:49:01,209 - ERROR - Unexpected error: name 'get_student_info' is not defined
Traceback (most recent call last):
  File "d:\Downloads\Super 30 exmples\student-result-calculator\main.py", line 78, in main
    process_student()
    ~~~~~~~~~~~~~~~^^
  File "d:\Downloads\Super 30 exmples\student-result-calculator\main.py", line 25, in process_student
    name, student_id = get_student_info()
                       ^^^^^^^^^^^^^^^^
NameError: name 'get_student_info' is not defined
2026-09-08 15:49:01,210 - ERROR - Unexpected error: name 'get_student_info' is not defined
Traceback (most recent call last):
  File "d:\Downloads\Super 30 exmples\student-result-calculator\main.py", line 78, in main
    process_student()
    ~~~~~~~~~~~~~~~^^
  File "d:\Downloads\Super 30 exmples\student-result-calculator\main.py", line 25, in process_student
    name, student_id = get_student_info()
                       ^^^^^^^^^^^^^^^^
NameError: name 'get_student_info' is not defined
2026-09-08 15:49:01,210 - ERROR - Unexpected error: name 'get_student_info' is not defined
Traceback (most recent call last):
  File "d:\Downloads\Super 30 exmples\student-result-calculator\main.py", line 78, in main
    process_student()
    ~~~~~~~~~~~~~~~^^
  File "d:\Downloads\Super 30 exmples\student-result-calculator\main.py", line 25, in process_student
    name, student_id = get_student_info()
                       ^^^^^^^^^^^^^^^^
NameError: name 'get_student_info' is not defined
2026-09-08 15:49:01,211 - ERROR - Unexpected error: name 'get_student_info' is not defined
Traceback (most recent call last):
  File "d:\Downloads\Super 30 exmples\student-result-calculator\main.py", line 78, in main
    process_student()
    ~~~~~~~~~~~~~~~^^
  File "d:\Downloads\Super 30 exmples\student-result-calculator\main.py", line 25, in process_student
    name, student_id = get_student_info()
                       ^^^^^^^^^^^^^^^^
NameError: name 'get_student_info' is not defined
2026-09-08 15:49:01,211 - ERROR - Unexpected error: name 'get_student_info' is not defined
Traceback (most recent call last):
  File "d:\Downloads\Super 30 exmples\student-result-calculator\main.py", line 78, in main
    process_student()
    ~~~~~~~~~~~~~~~^^
  File "d:\Downloads\Super 30 exmples\student-result-calculator\main.py", line 25, in process_student
    name, student_id = get_student_info()
                       ^^^^^^^^^^^^^^^^
NameError: name 'get_student_info' is not defined
2026-09-08 15:49:01,212 - ERROR - Unexpected error: name 'get_student_info' is not defined
Traceback (most recent call last):
  File "d:\Downloads\Super 30 exmples\student-result-calculator\main.py", line 78, in main
    process_student()
    ~~~~~~~~~~~~~~~^^
  File "d:\Downloads\Super 30 exmples\student-result-calculator\main.py", line 25, in process_student
    name, student_id = get_student_info()
                       ^^^^^^^^^^^^^^^^
NameError: name 'get_student_info' is not defined
2026-09-08 15:49:01,212 - ERROR - Unexpected error: name 'get_student_info' is not defined
Traceback (most recent call last):
  File "d:\Downloads\Super 30 exmples\student-result-calculator\main.py", line 78, in main
    process_student()
    ~~~~~~~~~~~~~~~^^
  File "d:\Downloads\Super 30 exmples\student-result-calculator\main.py", line 25, in process_student
    name, student_id = get_student_info()
                       ^^^^^^^^^^^^^^^^
NameError: name 'get_student_info' is not defined
2026-09-08 15:49:01,213 - ERROR - Unexpected error: name 'get_student_info' is not defined
Traceback (most recent call last):
  File "d:\Downloads\Super 30 exmples\student-result-calculator\main.py", line 78, in main
    process_student()
    ~~~~~~~~~~~~~~~^^
  File "d:\Downloads\Super 30 exmples\student-result-calculator\main.py", line 25, in process_student
    name, student_id = get_student_info()
                       ^^^^^^^^^^^^^^^^
NameError: name 'get_student_info' is not defined
2026-09-08 15:49:01,215 - ERROR - Unexpected error: name 'get_student_info' is not defined
Traceback (most recent call last):
  File "d:\Downloads\Super 30 exmples\student-result-calculator\main.py", line 78, in main
    process_student()
    ~~~~~~~~~~~~~~~^^
  File "d:\Downloads\Super 30 exmples\student-result-calculator\main.py", line 25, in process_student
    name, student_id = get_student_info()
                       ^^^^^^^^^^^^^^^^
NameError: name 'get_student_info' is not defined
2026-09-08 15:49:01,215 - ERROR - Unexpected error: name 'get_student_info' is not defined
Traceback (most recent call last):
  File "d:\Downloads\Super 30 exmples\student-result-calculator\main.py", line 78, in main
    process_student()
    ~~~~~~~~~~~~~~~^^
  File "d:\Downloads\Super 30 exmples\student-result-calculator\main.py", line 25, in process_student
    name, student_id = get_student_info()
                       ^^^^^^^^^^^^^^^^
NameError: name 'get_student_info' is not defined
2026-09-08 15:49:01,216 - ERROR - Unexpected error: name 'get_student_info' is not defined
Traceback (most recent call last):
  File "d:\Downloads\Super 30 exmples\student-result-calculator\main.py", line 78, in main
    process_student()
    ~~~~~~~~~~~~~~~^^
  File "d:\Downloads\Super 30 exmples\student-result-calculator\main.py", line 25, in process_student
    name, student_id = get_student_info()
                       ^^^^^^^^^^^^^^^^
NameError: name 'get_student_info' is not defined
2026-09-08 15:49:01,217 - ERROR - Unexpected error: name 'get_student_info' is not defined
Traceback (most recent call last):
  File "d:\Downloads\Super 30 exmples\student-result-calculator\main.py", line 78, in main
    process_student()
    ~~~~~~~~~~~~~~~^^
  File "d:\Downloads\Super 30 exmples\student-result-calculator\main.py", line 25, in process_student
    name, student_id = get_student_info()
                       ^^^^^^^^^^^^^^^^
NameError: name 'get_student_info' is not defined
2026-09-08 15:49:01,218 - ERROR - Unexpected error: name 'get_student_info' is not defined
Traceback (most recent call last):
  File "d:\Downloads\Super 30 exmples\student-result-calculator\main.py", line 78, in main
    process_student()
    ~~~~~~~~~~~~~~~^^
  File "d:\Downloads\Super 30 exmples\student-result-calculator\main.py", line 25, in process_student
    name, student_id = get_student_info()
                       ^^^^^^^^^^^^^^^^
NameError: name 'get_student_info' is not defined
2026-09-08 15:49:01,218 - ERROR - Unexpected error: name 'get_student_info' is not defined
Traceback (most recent call last):
  File "d:\Downloads\Super 30 exmples\student-result-calculator\main.py", line 78, in main
    process_student()
    ~~~~~~~~~~~~~~~^^
  File "d:\Downloads\Super 30 exmples\student-result-calculator\main.py", line 25, in process_student
    name, student_id = get_student_info()
                       ^^^^^^^^^^^^^^^^
NameError: name 'get_student_info' is not defined
2026-09-08 15:49:01,219 - ERROR - Unexpected error: name 'get_student_info' is not defined
Traceback (most recent call last):
  File "d:\Downloads\Super 30 exmples\student-result-calculator\main.py", line 78, in main
    process_student()
    ~~~~~~~~~~~~~~~^^
  File "d:\Downloads\Super 30 exmples\student-result-calculator\main.py", line 25, in process_student
    name, student_id = get_student_info()
                       ^^^^^^^^^^^^^^^^
NameError: name 'get_student_info' is not defined
2026-09-08 15:49:01,219 - ERROR - Unexpected error: name 'get_student_info' is not defined
Traceback (most recent call last):
  File "d:\Downloads\Super 30 exmples\student-result-calculator\main.py", line 78, in main
    process_student()
    ~~~~~~~~~~~~~~~^^
  File "d:\Downloads\Super 30 exmples\student-result-calculator\main.py", line 25, in process_student
    name, student_id = get_student_info()
                       ^^^^^^^^^^^^^^^^
NameError: name 'get_student_info' is not defined
2026-09-08 15:49:01,220 - ERROR - Unexpected error: name 'get_student_info' is not defined
Traceback (most recent call last):
  File "d:\Downloads\Super 30 exmples\student-result-calculator\main.py", line 78, in main
    process_student()
    ~~~~~~~~~~~~~~~^^
  File "d:\Downloads\Super 30 exmples\student-result-calculator\main.py", line 25, in process_student
    name, student_id = get_student_info()
                       ^^^^^^^^^^^^^^^^
NameError: name 'get_student_info' is not defined
2026-09-08 15:49:01,220 - ERROR - Unexpected error: name 'get_student_info' is not defined
Traceback (most recent call last):
  File "d:\Downloads\Super 30 exmples\student-result-calculator\main.py", line 78, in main
    process_student()
    ~~~~~~~~~~~~~~~^^
  File "d:\Downloads\Super 30 exmples\student-result-calculator\main.py", line 25, in process_student
    name, student_id = get_student_info()
                       ^^^^^^^^^^^^^^^^
NameError: name 'get_student_info' is not defined
2026-09-08 15:49:01,221 - ERROR - Unexpected error: name 'get_student_info' is not defined
Traceback (most recent call last):
  File "d:\Downloads\Super 30 exmples\student-result-calculator\main.py", line 78, in main
    process_student()
    ~~~~~~~~~~~~~~~^^
  File "d:\Downloads\Super 30 exmples\student-result-calculator\main.py", line 25, in process_student
    name, student_id = get_student_info()
                       ^^^^^^^^^^^^^^^^
NameError: name 'get_student_info' is not defined
2026-09-08 15:49:01,221 - ERROR - Unexpected error: name 'get_student_info' is not defined
Traceback (most recent call last):
  File "d:\Downloads\Super 30 exmples\student-result-calculator\main.py", line 78, in main
    process_student()
    ~~~~~~~~~~~~~~~^^
  File "d:\Downloads\Super 30 exmples\student-result-calculator\main.py", line 25, in process_student
    name, student_id = get_student_info()
                       ^^^^^^^^^^^^^^^^
NameError: name 'get_student_info' is not defined
2026-09-08 15:49:01,222 - ERROR - Unexpected error: name 'get_student_info' is not defined
Traceback (most recent call last):
  File "d:\Downloads\Super 30 exmples\student-result-calculator\main.py", line 78, in main
    process_student()
    ~~~~~~~~~~~~~~~^^
  File "d:\Downloads\Super 30 exmples\student-result-calculator\main.py", line 25, in process_student
    name, student_id = get_student_info()
                       ^^^^^^^^^^^^^^^^
NameError: name 'get_student_info' is not defined
2026-09-08 15:49:01,222 - ERROR - Unexpected error: name 'get_student_info' is not defined
Traceback (most recent call last):
  File "d:\Downloads\Super 30 exmples\student-result-calculator\main.py", line 78, in main
    process_student()
    ~~~~~~~~~~~~~~~^^
  File "d:\Downloads\Super 30 exmples\student-result-calculator\main.py", line 25, in process_student
    name, student_id = get_student_info()
                       ^^^^^^^^^^^^^^^^
NameError: name 'get_student_info' is not defined
2026-09-08 15:49:01,223 - ERROR - Unexpected error: name 'get_student_info' is not defined
Traceback (most recent call last):
  File "d:\Downloads\Super 30 exmples\student-result-calculator\main.py", line 78, in main
    process_student()
    ~~~~~~~~~~~~~~~^^
  File "d:\Downloads\Super 30 exmples\student-result-calculator\main.py", line 25, in process_student
    name, student_id = get_student_info()
                       ^^^^^^^^^^^^^^^^
NameError: name 'get_student_info' is not defined
2026-09-08 15:49:01,223 - ERROR - Unexpected error: name 'get_student_info' is not defined
Traceback (most recent call last):
  File "d:\Downloads\Super 30 exmples\student-result-calculator\main.py", line 78, in main
    process_student()
    ~~~~~~~~~~~~~~~^^
  File "d:\Downloads\Super 30 exmples\student-result-calculator\main.py", line 25, in process_student
    name, student_id = get_student_info()
                       ^^^^^^^^^^^^^^^^
NameError: name 'get_student_info' is not defined
2026-09-08 15:49:01,223 - ERROR - Unexpected error: name 'get_student_info' is not defined
Traceback (most recent call last):
  File "d:\Downloads\Super 30 exmples\student-result-calculator\main.py", line 78, in main
    process_student()
    ~~~~~~~~~~~~~~~^^
  File "d:\Downloads\Super 30 exmples\student-result-calculator\main.py", line 25, in process_student
    name, student_id = get_student_info()
                       ^^^^^^^^^^^^^^^^
NameError: name 'get_student_info' is not defined
2026-09-08 15:49:01,224 - ERROR - Unexpected error: name 'get_student_info' is not defined
Traceback (most recent call last):
  File "d:\Downloads\Super 30 exmples\student-result-calculator\main.py", line 78, in main
    process_student()
    ~~~~~~~~~~~~~~~^^
  File "d:\Downloads\Super 30 exmples\student-result-calculator\main.py", line 25, in process_student
    name, student_id = get_student_info()
                       ^^^^^^^^^^^^^^^^
NameError: name 'get_student_info' is not defined
2026-09-08 15:49:01,224 - ERROR - Unexpected error: name 'get_student_info' is not defined
Traceback (most recent call last):
  File "d:\Downloads\Super 30 exmples\student-result-calculator\main.py", line 78, in main
    process_student()
    ~~~~~~~~~~~~~~~^^
  File "d:\Downloads\Super 30 exmples\student-result-calculator\main.py", line 25, in process_student
    name, student_id = get_student_info()
                       ^^^^^^^^^^^^^^^^
NameError: name 'get_student_info' is not defined
2026-09-08 15:49:01,225 - ERROR - Unexpected error: name 'get_student_info' is not defined
Traceback (most recent call last):
  File "d:\Downloads\Super 30 exmples\student-result-calculator\main.py", line 78, in main
    process_student()
    ~~~~~~~~~~~~~~~^^
  File "d:\Downloads\Super 30 exmples\student-result-calculator\main.py", line 25, in process_student
    name, student_id = get_student_info()
                       ^^^^^^^^^^^^^^^^
NameError: name 'get_student_info' is not defined
2026-09-08 15:49:01,226 - ERROR - Unexpected error: name 'get_student_info' is not defined
Traceback (most recent call last):
  File "d:\Downloads\Super 30 exmples\student-result-calculator\main.py", line 78, in main
    process_student()
    ~~~~~~~~~~~~~~~^^
  File "d:\Downloads\Super 30 exmples\student-result-calculator\main.py", line 25, in process_student
    name, student_id = get_student_info()
                       ^^^^^^^^^^^^^^^^
NameError: name 'get_student_info' is not defined
2026-09-08 15:49:01,226 - ERROR - Unexpected error: name 'get_student_info' is not defined
Traceback (most recent call last):
  File "d:\Downloads\Super 30 exmples\student-result-calculator\main.py", line 78, in main
    process_student()
    ~~~~~~~~~~~~~~~^^
  File "d:\Downloads\Super 30 exmples\student-result-calculator\main.py", line 25, in process_student
    name, student_id = get_student_info()
                       ^^^^^^^^^^^^^^^^
NameError: name 'get_student_info' is not defined
2026-09-08 15:49:01,227 - ERROR - Unexpected error: name 'get_student_info' is not defined
Traceback (most recent call last):
  File "d:\Downloads\Super 30 exmples\student-result-calculator\main.py", line 78, in main
    process_student()
    ~~~~~~~~~~~~~~~^^
  File "d:\Downloads\Super 30 exmples\student-result-calculator\main.py", line 25, in process_student
    name, student_id = get_student_info()
                       ^^^^^^^^^^^^^^^^
NameError: name 'get_student_info' is not defined
2026-09-08 15:49:01,227 - ERROR - Unexpected error: name 'get_student_info' is not defined
Traceback (most recent call last):
  File "d:\Downloads\Super 30 exmples\student-result-calculator\main.py", line 78, in main
    process_student()
    ~~~~~~~~~~~~~~~^^
  File "d:\Downloads\Super 30 exmples\student-result-calculator\main.py", line 25, in process_student
    name, student_id = get_student_info()
                       ^^^^^^^^^^^^^^^^
NameError: name 'get_student_info' is not defined
2026-09-08 15:49:01,228 - ERROR - Unexpected error: name 'get_student_info' is not defined
Traceback (most recent call last):
  File "d:\Downloads\Super 30 exmples\student-result-calculator\main.py", line 78, in main
    process_student()
    ~~~~~~~~~~~~~~~^^
  File "d:\Downloads\Super 30 exmples\student-result-calculator\main.py", line 25, in process_student
    name, student_id = get_student_info()
                       ^^^^^^^^^^^^^^^^
NameError: name 'get_student_info' is not defined
2026-09-08 15:49:01,228 - ERROR - Unexpected error: name 'get_student_info' is not defined
Traceback (most recent call last):
  File "d:\Downloads\Super 30 exmples\student-result-calculator\main.py", line 78, in main
    process_student()
    ~~~~~~~~~~~~~~~^^
  File "d:\Downloads\Super 30 exmples\student-result-calculator\main.py", line 25, in process_student
    name, student_id = get_student_info()
                       ^^^^^^^^^^^^^^^^
NameError: name 'get_student_info' is not defined
2026-09-08 15:49:01,229 - ERROR - Unexpected error: name 'get_student_info' is not defined
Traceback (most recent call last):
  File "d:\Downloads\Super 30 exmples\student-result-calculator\main.py", line 78, in main
    process_student()
    ~~~~~~~~~~~~~~~^^
  File "d:\Downloads\Super 30 exmples\student-result-calculator\main.py", line 25, in process_student
    name, student_id = get_student_info()
                       ^^^^^^^^^^^^^^^^
NameError: name 'get_student_info' is not defined
2026-09-08 15:49:01,230 - ERROR - Unexpected error: name 'get_student_info' is not defined
Traceback (most recent call last):
  File "d:\Downloads\Super 30 exmples\student-result-calculator\main.py", line 78, in main
    process_student()
    ~~~~~~~~~~~~~~~^^
  File "d:\Downloads\Super 30 exmples\student-result-calculator\main.py", line 25, in process_student
    name, student_id = get_student_info()
                       ^^^^^^^^^^^^^^^^
NameError: name 'get_student_info' is not defined
2026-09-08 15:49:01,231 - ERROR - Unexpected error: name 'get_student_info' is not defined
Traceback (most recent call last):
  File "d:\Downloads\Super 30 exmples\student-result-calculator\main.py", line 78, in main
    process_student()
    ~~~~~~~~~~~~~~~^^
  File "d:\Downloads\Super 30 exmples\student-result-calculator\main.py", line 25, in process_student
    name, student_id = get_student_info()
                       ^^^^^^^^^^^^^^^^
NameError: name 'get_student_info' is not defined
2026-09-08 15:49:01,232 - ERROR - Unexpected error: name 'get_student_info' is not defined
Traceback (most recent call last):
  File "d:\Downloads\Super 30 exmples\student-result-calculator\main.py", line 78, in main
    process_student()
    ~~~~~~~~~~~~~~~^^
  File "d:\Downloads\Super 30 exmples\student-result-calculator\main.py", line 25, in process_student
    name, student_id = get_student_info()
                       ^^^^^^^^^^^^^^^^
NameError: name 'get_student_info' is not defined
2026-09-08 15:49:01,233 - ERROR - Unexpected error: name 'get_student_info' is not defined
Traceback (most recent call last):
  File "d:\Downloads\Super 30 exmples\student-result-calculator\main.py", line 78, in main
    process_student()
    ~~~~~~~~~~~~~~~^^
  File "d:\Downloads\Super 30 exmples\student-result-calculator\main.py", line 25, in process_student
    name, student_id = get_student_info()
                       ^^^^^^^^^^^^^^^^
NameError: name 'get_student_info' is not defined
2026-09-08 15:49:01,234 - ERROR - Unexpected error: name 'get_student_info' is not defined
Traceback (most recent call last):
  File "d:\Downloads\Super 30 exmples\student-result-calculator\main.py", line 78, in main
    process_student()
    ~~~~~~~~~~~~~~~^^
  File "d:\Downloads\Super 30 exmples\student-result-calculator\main.py", line 25, in process_student
    name, student_id = get_student_info()
                       ^^^^^^^^^^^^^^^^
NameError: name 'get_student_info' is not defined
2026-09-08 15:49:01,234 - ERROR - Unexpected error: name 'get_student_info' is not defined
Traceback (most recent call last):
  File "d:\Downloads\Super 30 exmples\student-result-calculator\main.py", line 78, in main
    process_student()
    ~~~~~~~~~~~~~~~^^
  File "d:\Downloads\Super 30 exmples\student-result-calculator\main.py", line 25, in process_student
    name, student_id = get_student_info()
                       ^^^^^^^^^^^^^^^^
NameError: name 'get_student_info' is not defined
2026-09-08 15:49:01,235 - ERROR - Unexpected error: name 'get_student_info' is not defined
Traceback (most recent call last):
  File "d:\Downloads\Super 30 exmples\student-result-calculator\main.py", line 78, in main
    process_student()
    ~~~~~~~~~~~~~~~^^
  File "d:\Downloads\Super 30 exmples\student-result-calculator\main.py", line 25, in process_student
    name, student_id = get_student_info()
                       ^^^^^^^^^^^^^^^^
NameError: name 'get_student_info' is not defined
2026-09-08 15:49:01,235 - ERROR - Unexpected error: name 'get_student_info' is not defined
Traceback (most recent call last):
  File "d:\Downloads\Super 30 exmples\student-result-calculator\main.py", line 78, in main
    process_student()
    ~~~~~~~~~~~~~~~^^
  File "d:\Downloads\Super 30 exmples\student-result-calculator\main.py", line 25, in process_student
    name, student_id = get_student_info()
                       ^^^^^^^^^^^^^^^^
NameError: name 'get_student_info' is not defined
2026-09-08 15:49:01,235 - ERROR - Unexpected error: name 'get_student_info' is not defined
Traceback (most recent call last):
  File "d:\Downloads\Super 30 exmples\student-result-calculator\main.py", line 78, in main
    process_student()
    ~~~~~~~~~~~~~~~^^
  File "d:\Downloads\Super 30 exmples\student-result-calculator\main.py", line 25, in process_student
    name, student_id = get_student_info()
                       ^^^^^^^^^^^^^^^^
NameError: name 'get_student_info' is not defined
2026-09-08 15:49:01,236 - ERROR - Unexpected error: name 'get_student_info' is not defined
Traceback (most recent call last):
  File "d:\Downloads\Super 30 exmples\student-result-calculator\main.py", line 78, in main
    process_student()
    ~~~~~~~~~~~~~~~^^
  File "d:\Downloads\Super 30 exmples\student-result-calculator\main.py", line 25, in process_student
    name, student_id = get_student_info()
                       ^^^^^^^^^^^^^^^^
NameError: name 'get_student_info' is not defined
2026-09-08 15:49:01,236 - ERROR - Unexpected error: name 'get_student_info' is not defined
Traceback (most recent call last):
  File "d:\Downloads\Super 30 exmples\student-result-calculator\main.py", line 78, in main
    process_student()
    ~~~~~~~~~~~~~~~^^
  File "d:\Downloads\Super 30 exmples\student-result-calculator\main.py", line 25, in process_student
    name, student_id = get_student_info()
                       ^^^^^^^^^^^^^^^^
NameError: name 'get_student_info' is not defined
2026-09-08 15:49:01,237 - ERROR - Unexpected error: name 'get_student_info' is not defined
Traceback (most recent call last):
  File "d:\Downloads\Super 30 exmples\student-result-calculator\main.py", line 78, in main
    process_student()
    ~~~~~~~~~~~~~~~^^
  File "d:\Downloads\Super 30 exmples\student-result-calculator\main.py", line 25, in process_student
    name, student_id = get_student_info()
                       ^^^^^^^^^^^^^^^^
NameError: name 'get_student_info' is not defined
2026-09-08 15:49:01,237 - ERROR - Unexpected error: name 'get_student_info' is not defined
Traceback (most recent call last):
  File "d:\Downloads\Super 30 exmples\student-result-calculator\main.py", line 78, in main
    process_student()
    ~~~~~~~~~~~~~~~^^
  File "d:\Downloads\Super 30 exmples\student-result-calculator\main.py", line 25, in process_student
    name, student_id = get_student_info()
                       ^^^^^^^^^^^^^^^^
NameError: name 'get_student_info' is not defined
2026-09-08 15:49:01,238 - ERROR - Unexpected error: name 'get_student_info' is not defined
Traceback (most recent call last):
  File "d:\Downloads\Super 30 exmples\student-result-calculator\main.py", line 78, in main
    process_student()
    ~~~~~~~~~~~~~~~^^
  File "d:\Downloads\Super 30 exmples\student-result-calculator\main.py", line 25, in process_student
    name, student_id = get_student_info()
                       ^^^^^^^^^^^^^^^^
NameError: name 'get_student_info' is not defined
2026-09-08 15:49:01,238 - ERROR - Unexpected error: name 'get_student_info' is not defined
Traceback (most recent call last):
  File "d:\Downloads\Super 30 exmples\student-result-calculator\main.py", line 78, in main
    process_student()
    ~~~~~~~~~~~~~~~^^
  File "d:\Downloads\Super 30 exmples\student-result-calculator\main.py", line 25, in process_student
    name, student_id = get_student_info()
                       ^^^^^^^^^^^^^^^^
NameError: name 'get_student_info' is not defined
2026-09-08 15:49:01,239 - ERROR - Unexpected error: name 'get_student_info' is not defined
Traceback (most recent call last):
  File "d:\Downloads\Super 30 exmples\student-result-calculator\main.py", line 78, in main
    process_student()
    ~~~~~~~~~~~~~~~^^
  File "d:\Downloads\Super 30 exmples\student-result-calculator\main.py", line 25, in process_student
    name, student_id = get_student_info()
                       ^^^^^^^^^^^^^^^^
NameError: name 'get_student_info' is not defined
2026-09-08 15:49:01,239 - ERROR - Unexpected error: name 'get_student_info' is not defined
Traceback (most recent call last):
  File "d:\Downloads\Super 30 exmples\student-result-calculator\main.py", line 78, in main
    process_student()
    ~~~~~~~~~~~~~~~^^
  File "d:\Downloads\Super 30 exmples\student-result-calculator\main.py", line 25, in process_student
    name, student_id = get_student_info()
                       ^^^^^^^^^^^^^^^^
NameError: name 'get_student_info' is not defined
2026-09-08 15:49:01,240 - ERROR - Unexpected error: name 'get_student_info' is not defined
Traceback (most recent call last):
  File "d:\Downloads\Super 30 exmples\student-result-calculator\main.py", line 78, in main
    process_student()
    ~~~~~~~~~~~~~~~^^
  File "d:\Downloads\Super 30 exmples\student-result-calculator\main.py", line 25, in process_student
    name, student_id = get_student_info()
                       ^^^^^^^^^^^^^^^^
NameError: name 'get_student_info' is not defined
2026-09-08 15:49:01,240 - ERROR - Unexpected error: name 'get_student_info' is not defined
Traceback (most recent call last):
  File "d:\Downloads\Super 30 exmples\student-result-calculator\main.py", line 78, in main
    process_student()
    ~~~~~~~~~~~~~~~^^
  File "d:\Downloads\Super 30 exmples\student-result-calculator\main.py", line 25, in process_student
    name, student_id = get_student_info()
                       ^^^^^^^^^^^^^^^^
NameError: name 'get_student_info' is not defined
2026-09-08 15:49:01,240 - ERROR - Unexpected error: name 'get_student_info' is not defined
Traceback (most recent call last):
  File "d:\Downloads\Super 30 exmples\student-result-calculator\main.py", line 78, in main
    process_student()
    ~~~~~~~~~~~~~~~^^
  File "d:\Downloads\Super 30 exmples\student-result-calculator\main.py", line 25, in process_student
    name, student_id = get_student_info()
                       ^^^^^^^^^^^^^^^^
NameError: name 'get_student_info' is not defined
2026-09-08 15:49:01,241 - ERROR - Unexpected error: name 'get_student_info' is not defined
Traceback (most recent call last):
  File "d:\Downloads\Super 30 exmples\student-result-calculator\main.py", line 78, in main
    process_student()
    ~~~~~~~~~~~~~~~^^
  File "d:\Downloads\Super 30 exmples\student-result-calculator\main.py", line 25, in process_student
    name, student_id = get_student_info()
                       ^^^^^^^^^^^^^^^^
NameError: name 'get_student_info' is not defined
2026-09-08 15:49:01,241 - ERROR - Unexpected error: name 'get_student_info' is not defined
Traceback (most recent call last):
  File "d:\Downloads\Super 30 exmples\student-result-calculator\main.py", line 78, in main
    process_student()
    ~~~~~~~~~~~~~~~^^
  File "d:\Downloads\Super 30 exmples\student-result-calculator\main.py", line 25, in process_student
    name, student_id = get_student_info()
                       ^^^^^^^^^^^^^^^^
NameError: name 'get_student_info' is not defined
2026-09-08 15:49:01,242 - ERROR - Unexpected error: name 'get_student_info' is not defined
Traceback (most recent call last):
  File "d:\Downloads\Super 30 exmples\student-result-calculator\main.py", line 78, in main
    process_student()
    ~~~~~~~~~~~~~~~^^
  File "d:\Downloads\Super 30 exmples\student-result-calculator\main.py", line 25, in process_student
    name, student_id = get_student_info()
                       ^^^^^^^^^^^^^^^^
NameError: name 'get_student_info' is not defined
2026-09-08 15:49:01,242 - ERROR - Unexpected error: name 'get_student_info' is not defined
Traceback (most recent call last):
  File "d:\Downloads\Super 30 exmples\student-result-calculator\main.py", line 78, in main
    process_student()
    ~~~~~~~~~~~~~~~^^
  File "d:\Downloads\Super 30 exmples\student-result-calculator\main.py", line 25, in process_student
    name, student_id = get_student_info()
                       ^^^^^^^^^^^^^^^^
NameError: name 'get_student_info' is not defined
2026-09-08 15:49:01,243 - ERROR - Unexpected error: name 'get_student_info' is not defined
Traceback (most recent call last):
  File "d:\Downloads\Super 30 exmples\student-result-calculator\main.py", line 78, in main
    process_student()
    ~~~~~~~~~~~~~~~^^
  File "d:\Downloads\Super 30 exmples\student-result-calculator\main.py", line 25, in process_student
    name, student_id = get_student_info()
                       ^^^^^^^^^^^^^^^^
NameError: name 'get_student_info' is not defined
2026-09-08 15:49:01,243 - ERROR - Unexpected error: name 'get_student_info' is not defined
Traceback (most recent call last):
  File "d:\Downloads\Super 30 exmples\student-result-calculator\main.py", line 78, in main
    process_student()
    ~~~~~~~~~~~~~~~^^
  File "d:\Downloads\Super 30 exmples\student-result-calculator\main.py", line 25, in process_student
    name, student_id = get_student_info()
                       ^^^^^^^^^^^^^^^^
NameError: name 'get_student_info' is not defined
2026-09-08 15:49:01,244 - ERROR - Unexpected error: name 'get_student_info' is not defined
Traceback (most recent call last):
  File "d:\Downloads\Super 30 exmples\student-result-calculator\main.py", line 78, in main
    process_student()
    ~~~~~~~~~~~~~~~^^
  File "d:\Downloads\Super 30 exmples\student-result-calculator\main.py", line 25, in process_student
    name, student_id = get_student_info()
                       ^^^^^^^^^^^^^^^^
NameError: name 'get_student_info' is not defined
2026-09-08 15:49:01,244 - ERROR - Unexpected error: name 'get_student_info' is not defined
Traceback (most recent call last):
  File "d:\Downloads\Super 30 exmples\student-result-calculator\main.py", line 78, in main
    process_student()
    ~~~~~~~~~~~~~~~^^
  File "d:\Downloads\Super 30 exmples\student-result-calculator\main.py", line 25, in process_student
    name, student_id = get_student_info()
                       ^^^^^^^^^^^^^^^^
NameError: name 'get_student_info' is not defined
2026-09-08 15:49:01,244 - ERROR - Unexpected error: name 'get_student_info' is not defined
Traceback (most recent call last):
  File "d:\Downloads\Super 30 exmples\student-result-calculator\main.py", line 78, in main
    process_student()
    ~~~~~~~~~~~~~~~^^
  File "d:\Downloads\Super 30 exmples\student-result-calculator\main.py", line 25, in process_student
    name, student_id = get_student_info()
                       ^^^^^^^^^^^^^^^^
NameError: name 'get_student_info' is not defined
2026-09-08 15:49:01,245 - ERROR - Unexpected error: name 'get_student_info' is not defined
Traceback (most recent call last):
  File "d:\Downloads\Super 30 exmples\student-result-calculator\main.py", line 78, in main
    process_student()
    ~~~~~~~~~~~~~~~^^
  File "d:\Downloads\Super 30 exmples\student-result-calculator\main.py", line 25, in process_student
    name, student_id = get_student_info()
                       ^^^^^^^^^^^^^^^^
NameError: name 'get_student_info' is not defined
2026-09-08 15:49:01,245 - ERROR - Unexpected error: name 'get_student_info' is not defined
Traceback (most recent call last):
  File "d:\Downloads\Super 30 exmples\student-result-calculator\main.py", line 78, in main
    process_student()
    ~~~~~~~~~~~~~~~^^
  File "d:\Downloads\Super 30 exmples\student-result-calculator\main.py", line 25, in process_student
    name, student_id = get_student_info()
                       ^^^^^^^^^^^^^^^^
NameError: name 'get_student_info' is not defined
2026-09-08 15:49:01,246 - ERROR - Unexpected error: name 'get_student_info' is not defined
Traceback (most recent call last):
  File "d:\Downloads\Super 30 exmples\student-result-calculator\main.py", line 78, in main
    process_student()
    ~~~~~~~~~~~~~~~^^
  File "d:\Downloads\Super 30 exmples\student-result-calculator\main.py", line 25, in process_student
    name, student_id = get_student_info()
                       ^^^^^^^^^^^^^^^^
NameError: name 'get_student_info' is not defined
2026-09-08 15:49:01,248 - ERROR - Unexpected error: name 'get_student_info' is not defined
Traceback (most recent call last):
  File "d:\Downloads\Super 30 exmples\student-result-calculator\main.py", line 78, in main
    process_student()
    ~~~~~~~~~~~~~~~^^
  File "d:\Downloads\Super 30 exmples\student-result-calculator\main.py", line 25, in process_student
    name, student_id = get_student_info()
                       ^^^^^^^^^^^^^^^^
NameError: name 'get_student_info' is not defined
2026-09-08 15:49:01,249 - ERROR - Unexpected error: name 'get_student_info' is not defined
Traceback (most recent call last):
  File "d:\Downloads\Super 30 exmples\student-result-calculator\main.py", line 78, in main
    process_student()
    ~~~~~~~~~~~~~~~^^
  File "d:\Downloads\Super 30 exmples\student-result-calculator\main.py", line 25, in process_student
    name, student_id = get_student_info()
                       ^^^^^^^^^^^^^^^^
NameError: name 'get_student_info' is not defined
2026-09-08 15:49:01,251 - ERROR - Unexpected error: name 'get_student_info' is not defined
Traceback (most recent call last):
  File "d:\Downloads\Super 30 exmples\student-result-calculator\main.py", line 78, in main
    process_student()
    ~~~~~~~~~~~~~~~^^
  File "d:\Downloads\Super 30 exmples\student-result-calculator\main.py", line 25, in process_student
    name, student_id = get_student_info()
                       ^^^^^^^^^^^^^^^^
NameError: name 'get_student_info' is not defined
2026-09-08 15:49:01,251 - ERROR - Unexpected error: name 'get_student_info' is not defined
Traceback (most recent call last):
  File "d:\Downloads\Super 30 exmples\student-result-calculator\main.py", line 78, in main
    process_student()
    ~~~~~~~~~~~~~~~^^
  File "d:\Downloads\Super 30 exmples\student-result-calculator\main.py", line 25, in process_student
    name, student_id = get_student_info()
                       ^^^^^^^^^^^^^^^^
NameError: name 'get_student_info' is not defined
2026-09-08 15:49:01,252 - ERROR - Unexpected error: name 'get_student_info' is not defined
Traceback (most recent call last):
  File "d:\Downloads\Super 30 exmples\student-result-calculator\main.py", line 78, in main
    process_student()
    ~~~~~~~~~~~~~~~^^
  File "d:\Downloads\Super 30 exmples\student-result-calculator\main.py", line 25, in process_student
    name, student_id = get_student_info()
                       ^^^^^^^^^^^^^^^^
NameError: name 'get_student_info' is not defined
2026-09-08 15:49:01,252 - ERROR - Unexpected error: name 'get_student_info' is not defined
Traceback (most recent call last):
  File "d:\Downloads\Super 30 exmples\student-result-calculator\main.py", line 78, in main
    process_student()
    ~~~~~~~~~~~~~~~^^
  File "d:\Downloads\Super 30 exmples\student-result-calculator\main.py", line 25, in process_student
    name, student_id = get_student_info()
                       ^^^^^^^^^^^^^^^^
NameError: name 'get_student_info' is not defined
2026-09-08 15:49:01,253 - ERROR - Unexpected error: name 'get_student_info' is not defined
Traceback (most recent call last):
  File "d:\Downloads\Super 30 exmples\student-result-calculator\main.py", line 78, in main
    process_student()
    ~~~~~~~~~~~~~~~^^
  File "d:\Downloads\Super 30 exmples\student-result-calculator\main.py", line 25, in process_student
    name, student_id = get_student_info()
                       ^^^^^^^^^^^^^^^^
NameError: name 'get_student_info' is not defined
2026-09-08 15:49:01,253 - ERROR - Unexpected error: name 'get_student_info' is not defined
Traceback (most recent call last):
  File "d:\Downloads\Super 30 exmples\student-result-calculator\main.py", line 78, in main
    process_student()
    ~~~~~~~~~~~~~~~^^
  File "d:\Downloads\Super 30 exmples\student-result-calculator\main.py", line 25, in process_student
    name, student_id = get_student_info()
                       ^^^^^^^^^^^^^^^^
NameError: name 'get_student_info' is not defined
2026-09-08 15:49:01,254 - ERROR - Unexpected error: name 'get_student_info' is not defined
Traceback (most recent call last):
  File "d:\Downloads\Super 30 exmples\student-result-calculator\main.py", line 78, in main
    process_student()
    ~~~~~~~~~~~~~~~^^
  File "d:\Downloads\Super 30 exmples\student-result-calculator\main.py", line 25, in process_student
    name, student_id = get_student_info()
                       ^^^^^^^^^^^^^^^^
NameError: name 'get_student_info' is not defined
2026-09-08 15:49:01,254 - ERROR - Unexpected error: name 'get_student_info' is not defined
Traceback (most recent call last):
  File "d:\Downloads\Super 30 exmples\student-result-calculator\main.py", line 78, in main
    process_student()
    ~~~~~~~~~~~~~~~^^
  File "d:\Downloads\Super 30 exmples\student-result-calculator\main.py", line 25, in process_student
    name, student_id = get_student_info()
                       ^^^^^^^^^^^^^^^^
NameError: name 'get_student_info' is not defined
2026-09-08 15:49:01,254 - ERROR - Unexpected error: name 'get_student_info' is not defined
Traceback (most recent call last):
  File "d:\Downloads\Super 30 exmples\student-result-calculator\main.py", line 78, in main
    process_student()
    ~~~~~~~~~~~~~~~^^
  File "d:\Downloads\Super 30 exmples\student-result-calculator\main.py", line 25, in process_student
    name, student_id = get_student_info()
                       ^^^^^^^^^^^^^^^^
NameError: name 'get_student_info' is not defined
2026-09-08 15:49:01,255 - ERROR - Unexpected error: name 'get_student_info' is not defined
Traceback (most recent call last):
  File "d:\Downloads\Super 30 exmples\student-result-calculator\main.py", line 78, in main
    process_student()
    ~~~~~~~~~~~~~~~^^
  File "d:\Downloads\Super 30 exmples\student-result-calculator\main.py", line 25, in process_student
    name, student_id = get_student_info()
                       ^^^^^^^^^^^^^^^^
NameError: name 'get_student_info' is not defined
2026-09-08 15:49:01,255 - ERROR - Unexpected error: name 'get_student_info' is not defined
Traceback (most recent call last):
  File "d:\Downloads\Super 30 exmples\student-result-calculator\main.py", line 78, in main
    process_student()
    ~~~~~~~~~~~~~~~^^
  File "d:\Downloads\Super 30 exmples\student-result-calculator\main.py", line 25, in process_student
    name, student_id = get_student_info()
                       ^^^^^^^^^^^^^^^^
NameError: name 'get_student_info' is not defined
2026-09-08 15:49:01,256 - ERROR - Unexpected error: name 'get_student_info' is not defined
Traceback (most recent call last):
  File "d:\Downloads\Super 30 exmples\student-result-calculator\main.py", line 78, in main
    process_student()
    ~~~~~~~~~~~~~~~^^
  File "d:\Downloads\Super 30 exmples\student-result-calculator\main.py", line 25, in process_student
    name, student_id = get_student_info()
                       ^^^^^^^^^^^^^^^^
NameError: name 'get_student_info' is not defined
2026-09-08 15:49:01,256 - ERROR - Unexpected error: name 'get_student_info' is not defined
Traceback (most recent call last):
  File "d:\Downloads\Super 30 exmples\student-result-calculator\main.py", line 78, in main
    process_student()
    ~~~~~~~~~~~~~~~^^
  File "d:\Downloads\Super 30 exmples\student-result-calculator\main.py", line 25, in process_student
    name, student_id = get_student_info()
                       ^^^^^^^^^^^^^^^^
NameError: name 'get_student_info' is not defined
2026-09-08 15:49:01,257 - ERROR - Unexpected error: name 'get_student_info' is not defined
Traceback (most recent call last):
  File "d:\Downloads\Super 30 exmples\student-result-calculator\main.py", line 78, in main
    process_student()
    ~~~~~~~~~~~~~~~^^
  File "d:\Downloads\Super 30 exmples\student-result-calculator\main.py", line 25, in process_student
    name, student_id = get_student_info()
                       ^^^^^^^^^^^^^^^^
NameError: name 'get_student_info' is not defined
2026-09-08 15:49:01,257 - ERROR - Unexpected error: name 'get_student_info' is not defined
Traceback (most recent call last):
  File "d:\Downloads\Super 30 exmples\student-result-calculator\main.py", line 78, in main
    process_student()
    ~~~~~~~~~~~~~~~^^
  File "d:\Downloads\Super 30 exmples\student-result-calculator\main.py", line 25, in process_student
    name, student_id = get_student_info()
                       ^^^^^^^^^^^^^^^^
NameError: name 'get_student_info' is not defined
2026-09-08 15:49:01,258 - ERROR - Unexpected error: name 'get_student_info' is not defined
Traceback (most recent call last):
  File "d:\Downloads\Super 30 exmples\student-result-calculator\main.py", line 78, in main
    process_student()
    ~~~~~~~~~~~~~~~^^
  File "d:\Downloads\Super 30 exmples\student-result-calculator\main.py", line 25, in process_student
    name, student_id = get_student_info()
                       ^^^^^^^^^^^^^^^^
NameError: name 'get_student_info' is not defined
2026-09-08 15:49:01,258 - ERROR - Unexpected error: name 'get_student_info' is not defined
Traceback (most recent call last):
  File "d:\Downloads\Super 30 exmples\student-result-calculator\main.py", line 78, in main
    process_student()
    ~~~~~~~~~~~~~~~^^
  File "d:\Downloads\Super 30 exmples\student-result-calculator\main.py", line 25, in process_student
    name, student_id = get_student_info()
                       ^^^^^^^^^^^^^^^^
NameError: name 'get_student_info' is not defined
2026-09-08 15:49:01,259 - ERROR - Unexpected error: name 'get_student_info' is not defined
Traceback (most recent call last):
  File "d:\Downloads\Super 30 exmples\student-result-calculator\main.py", line 78, in main
    process_student()
    ~~~~~~~~~~~~~~~^^
  File "d:\Downloads\Super 30 exmples\student-result-calculator\main.py", line 25, in process_student
    name, student_id = get_student_info()
                       ^^^^^^^^^^^^^^^^
NameError: name 'get_student_info' is not defined
2026-09-08 15:49:01,259 - ERROR - Unexpected error: name 'get_student_info' is not defined
Traceback (most recent call last):
  File "d:\Downloads\Super 30 exmples\student-result-calculator\main.py", line 78, in main
    process_student()
    ~~~~~~~~~~~~~~~^^
  File "d:\Downloads\Super 30 exmples\student-result-calculator\main.py", line 25, in process_student
    name, student_id = get_student_info()
                       ^^^^^^^^^^^^^^^^
NameError: name 'get_student_info' is not defined
2026-09-08 15:49:01,260 - ERROR - Unexpected error: name 'get_student_info' is not defined
Traceback (most recent call last):
  File "d:\Downloads\Super 30 exmples\student-result-calculator\main.py", line 78, in main
    process_student()
    ~~~~~~~~~~~~~~~^^
  File "d:\Downloads\Super 30 exmples\student-result-calculator\main.py", line 25, in process_student
    name, student_id = get_student_info()
                       ^^^^^^^^^^^^^^^^
NameError: name 'get_student_info' is not defined
2026-09-08 15:49:01,260 - ERROR - Unexpected error: name 'get_student_info' is not defined
Traceback (most recent call last):
  File "d:\Downloads\Super 30 exmples\student-result-calculator\main.py", line 78, in main
    process_student()
    ~~~~~~~~~~~~~~~^^
  File "d:\Downloads\Super 30 exmples\student-result-calculator\main.py", line 25, in process_student
    name, student_id = get_student_info()
                       ^^^^^^^^^^^^^^^^
NameError: name 'get_student_info' is not defined
2026-09-08 15:49:01,260 - ERROR - Unexpected error: name 'get_student_info' is not defined
Traceback (most recent call last):
  File "d:\Downloads\Super 30 exmples\student-result-calculator\main.py", line 78, in main
    process_student()
    ~~~~~~~~~~~~~~~^^
  File "d:\Downloads\Super 30 exmples\student-result-calculator\main.py", line 25, in process_student
    name, student_id = get_student_info()
                       ^^^^^^^^^^^^^^^^
NameError: name 'get_student_info' is not defined
2026-09-08 15:49:01,261 - ERROR - Unexpected error: name 'get_student_info' is not defined
Traceback (most recent call last):
  File "d:\Downloads\Super 30 exmples\student-result-calculator\main.py", line 78, in main
    process_student()
    ~~~~~~~~~~~~~~~^^
  File "d:\Downloads\Super 30 exmples\student-result-calculator\main.py", line 25, in process_student
    name, student_id = get_student_info()
                       ^^^^^^^^^^^^^^^^
NameError: name 'get_student_info' is not defined
2026-09-08 15:49:01,261 - ERROR - Unexpected error: name 'get_student_info' is not defined
Traceback (most recent call last):
  File "d:\Downloads\Super 30 exmples\student-result-calculator\main.py", line 78, in main
    process_student()
    ~~~~~~~~~~~~~~~^^
  File "d:\Downloads\Super 30 exmples\student-result-calculator\main.py", line 25, in process_student
    name, student_id = get_student_info()
                       ^^^^^^^^^^^^^^^^
NameError: name 'get_student_info' is not defined
2026-09-08 15:49:01,262 - ERROR - Unexpected error: name 'get_student_info' is not defined
Traceback (most recent call last):
  File "d:\Downloads\Super 30 exmples\student-result-calculator\main.py", line 78, in main
    process_student()
    ~~~~~~~~~~~~~~~^^
  File "d:\Downloads\Super 30 exmples\student-result-calculator\main.py", line 25, in process_student
    name, student_id = get_student_info()
                       ^^^^^^^^^^^^^^^^
NameError: name 'get_student_info' is not defined
2026-09-08 15:49:01,262 - ERROR - Unexpected error: name 'get_student_info' is not defined
Traceback (most recent call last):
  File "d:\Downloads\Super 30 exmples\student-result-calculator\main.py", line 78, in main
    process_student()
    ~~~~~~~~~~~~~~~^^
  File "d:\Downloads\Super 30 exmples\student-result-calculator\main.py", line 25, in process_student
    name, student_id = get_student_info()
                       ^^^^^^^^^^^^^^^^
NameError: name 'get_student_info' is not defined
2026-09-08 15:49:01,263 - ERROR - Unexpected error: name 'get_student_info' is not defined
Traceback (most recent call last):
  File "d:\Downloads\Super 30 exmples\student-result-calculator\main.py", line 78, in main
    process_student()
    ~~~~~~~~~~~~~~~^^
  File "d:\Downloads\Super 30 exmples\student-result-calculator\main.py", line 25, in process_student
    name, student_id = get_student_info()
                       ^^^^^^^^^^^^^^^^
NameError: name 'get_student_info' is not defined
2026-09-08 15:49:01,264 - ERROR - Unexpected error: name 'get_student_info' is not defined
Traceback (most recent call last):
  File "d:\Downloads\Super 30 exmples\student-result-calculator\main.py", line 78, in main
    process_student()
    ~~~~~~~~~~~~~~~^^
  File "d:\Downloads\Super 30 exmples\student-result-calculator\main.py", line 25, in process_student
    name, student_id = get_student_info()
                       ^^^^^^^^^^^^^^^^
NameError: name 'get_student_info' is not defined
2026-09-08 15:49:01,265 - ERROR - Unexpected error: name 'get_student_info' is not defined
Traceback (most recent call last):
  File "d:\Downloads\Super 30 exmples\student-result-calculator\main.py", line 78, in main
    process_student()
    ~~~~~~~~~~~~~~~^^
  File "d:\Downloads\Super 30 exmples\student-result-calculator\main.py", line 25, in process_student
    name, student_id = get_student_info()
                       ^^^^^^^^^^^^^^^^
NameError: name 'get_student_info' is not defined
2026-09-08 15:49:01,266 - ERROR - Unexpected error: name 'get_student_info' is not defined
Traceback (most recent call last):
  File "d:\Downloads\Super 30 exmples\student-result-calculator\main.py", line 78, in main
    process_student()
    ~~~~~~~~~~~~~~~^^
  File "d:\Downloads\Super 30 exmples\student-result-calculator\main.py", line 25, in process_student
    name, student_id = get_student_info()
                       ^^^^^^^^^^^^^^^^
NameError: name 'get_student_info' is not defined
2026-09-08 15:49:01,267 - ERROR - Unexpected error: name 'get_student_info' is not defined
Traceback (most recent call last):
  File "d:\Downloads\Super 30 exmples\student-result-calculator\main.py", line 78, in main
    process_student()
    ~~~~~~~~~~~~~~~^^
  File "d:\Downloads\Super 30 exmples\student-result-calculator\main.py", line 25, in process_student
    name, student_id = get_student_info()
                       ^^^^^^^^^^^^^^^^
NameError: name 'get_student_info' is not defined
2026-09-08 15:49:01,267 - ERROR - Unexpected error: name 'get_student_info' is not defined
Traceback (most recent call last):
  File "d:\Downloads\Super 30 exmples\student-result-calculator\main.py", line 78, in main
    process_student()
    ~~~~~~~~~~~~~~~^^
  File "d:\Downloads\Super 30 exmples\student-result-calculator\main.py", line 25, in process_student
    name, student_id = get_student_info()
                       ^^^^^^^^^^^^^^^^
NameError: name 'get_student_info' is not defined
2026-09-08 15:49:01,268 - ERROR - Unexpected error: name 'get_student_info' is not defined
Traceback (most recent call last):
  File "d:\Downloads\Super 30 exmples\student-result-calculator\main.py", line 78, in main
    process_student()
    ~~~~~~~~~~~~~~~^^
  File "d:\Downloads\Super 30 exmples\student-result-calculator\main.py", line 25, in process_student
    name, student_id = get_student_info()
                       ^^^^^^^^^^^^^^^^
NameError: name 'get_student_info' is not defined
2026-09-08 15:49:01,268 - ERROR - Unexpected error: name 'get_student_info' is not defined
Traceback (most recent call last):
  File "d:\Downloads\Super 30 exmples\student-result-calculator\main.py", line 78, in main
    process_student()
    ~~~~~~~~~~~~~~~^^
  File "d:\Downloads\Super 30 exmples\student-result-calculator\main.py", line 25, in process_student
    name, student_id = get_student_info()
                       ^^^^^^^^^^^^^^^^
NameError: name 'get_student_info' is not defined
2026-09-08 15:49:01,269 - ERROR - Unexpected error: name 'get_student_info' is not defined
Traceback (most recent call last):
  File "d:\Downloads\Super 30 exmples\student-result-calculator\main.py", line 78, in main
    process_student()
    ~~~~~~~~~~~~~~~^^
  File "d:\Downloads\Super 30 exmples\student-result-calculator\main.py", line 25, in process_student
    name, student_id = get_student_info()
                       ^^^^^^^^^^^^^^^^
NameError: name 'get_student_info' is not defined
2026-09-08 15:49:01,269 - ERROR - Unexpected error: name 'get_student_info' is not defined
Traceback (most recent call last):
  File "d:\Downloads\Super 30 exmples\student-result-calculator\main.py", line 78, in main
    process_student()
    ~~~~~~~~~~~~~~~^^
  File "d:\Downloads\Super 30 exmples\student-result-calculator\main.py", line 25, in process_student
    name, student_id = get_student_info()
                       ^^^^^^^^^^^^^^^^
NameError: name 'get_student_info' is not defined
2026-09-08 15:49:01,270 - ERROR - Unexpected error: name 'get_student_info' is not defined
Traceback (most recent call last):
  File "d:\Downloads\Super 30 exmples\student-result-calculator\main.py", line 78, in main
    process_student()
    ~~~~~~~~~~~~~~~^^
  File "d:\Downloads\Super 30 exmples\student-result-calculator\main.py", line 25, in process_student
    name, student_id = get_student_info()
                       ^^^^^^^^^^^^^^^^
NameError: name 'get_student_info' is not defined
2026-09-08 15:49:01,270 - ERROR - Unexpected error: name 'get_student_info' is not defined
Traceback (most recent call last):
  File "d:\Downloads\Super 30 exmples\student-result-calculator\main.py", line 78, in main
    process_student()
    ~~~~~~~~~~~~~~~^^
  File "d:\Downloads\Super 30 exmples\student-result-calculator\main.py", line 25, in process_student
    name, student_id = get_student_info()
                       ^^^^^^^^^^^^^^^^
NameError: name 'get_student_info' is not defined
2026-09-08 15:49:01,271 - ERROR - Unexpected error: name 'get_student_info' is not defined
Traceback (most recent call last):
  File "d:\Downloads\Super 30 exmples\student-result-calculator\main.py", line 78, in main
    process_student()
    ~~~~~~~~~~~~~~~^^
  File "d:\Downloads\Super 30 exmples\student-result-calculator\main.py", line 25, in process_student
    name, student_id = get_student_info()
                       ^^^^^^^^^^^^^^^^
NameError: name 'get_student_info' is not defined
2026-09-08 15:49:01,271 - ERROR - Unexpected error: name 'get_student_info' is not defined
Traceback (most recent call last):
  File "d:\Downloads\Super 30 exmples\student-result-calculator\main.py", line 78, in main
    process_student()
    ~~~~~~~~~~~~~~~^^
  File "d:\Downloads\Super 30 exmples\student-result-calculator\main.py", line 25, in process_student
    name, student_id = get_student_info()
                       ^^^^^^^^^^^^^^^^
NameError: name 'get_student_info' is not defined
2026-09-08 15:49:01,272 - ERROR - Unexpected error: name 'get_student_info' is not defined
Traceback (most recent call last):
  File "d:\Downloads\Super 30 exmples\student-result-calculator\main.py", line 78, in main
    process_student()
    ~~~~~~~~~~~~~~~^^
  File "d:\Downloads\Super 30 exmples\student-result-calculator\main.py", line 25, in process_student
    name, student_id = get_student_info()
                       ^^^^^^^^^^^^^^^^
NameError: name 'get_student_info' is not defined
2026-09-08 15:49:01,272 - ERROR - Unexpected error: name 'get_student_info' is not defined
Traceback (most recent call last):
  File "d:\Downloads\Super 30 exmples\student-result-calculator\main.py", line 78, in main
    process_student()
    ~~~~~~~~~~~~~~~^^
  File "d:\Downloads\Super 30 exmples\student-result-calculator\main.py", line 25, in process_student
    name, student_id = get_student_info()
                       ^^^^^^^^^^^^^^^^
NameError: name 'get_student_info' is not defined
2026-09-08 15:49:01,272 - ERROR - Unexpected error: name 'get_student_info' is not defined
Traceback (most recent call last):
  File "d:\Downloads\Super 30 exmples\student-result-calculator\main.py", line 78, in main
    process_student()
    ~~~~~~~~~~~~~~~^^
  File "d:\Downloads\Super 30 exmples\student-result-calculator\main.py", line 25, in process_student
    name, student_id = get_student_info()
                       ^^^^^^^^^^^^^^^^
NameError: name 'get_student_info' is not defined
2026-09-08 15:49:01,273 - ERROR - Unexpected error: name 'get_student_info' is not defined
Traceback (most recent call last):
  File "d:\Downloads\Super 30 exmples\student-result-calculator\main.py", line 78, in main
    process_student()
    ~~~~~~~~~~~~~~~^^
  File "d:\Downloads\Super 30 exmples\student-result-calculator\main.py", line 25, in process_student
    name, student_id = get_student_info()
                       ^^^^^^^^^^^^^^^^
NameError: name 'get_student_info' is not defined
2026-09-08 15:49:01,273 - ERROR - Unexpected error: name 'get_student_info' is not defined
Traceback (most recent call last):
  File "d:\Downloads\Super 30 exmples\student-result-calculator\main.py", line 78, in main
    process_student()
    ~~~~~~~~~~~~~~~^^
  File "d:\Downloads\Super 30 exmples\student-result-calculator\main.py", line 25, in process_student
    name, student_id = get_student_info()
                       ^^^^^^^^^^^^^^^^
NameError: name 'get_student_info' is not defined
2026-09-08 15:49:01,274 - ERROR - Unexpected error: name 'get_student_info' is not defined
Traceback (most recent call last):
  File "d:\Downloads\Super 30 exmples\student-result-calculator\main.py", line 78, in main
    process_student()
    ~~~~~~~~~~~~~~~^^
  File "d:\Downloads\Super 30 exmples\student-result-calculator\main.py", line 25, in process_student
    name, student_id = get_student_info()
                       ^^^^^^^^^^^^^^^^
NameError: name 'get_student_info' is not defined
2026-09-08 15:49:01,274 - ERROR - Unexpected error: name 'get_student_info' is not defined
Traceback (most recent call last):
  File "d:\Downloads\Super 30 exmples\student-result-calculator\main.py", line 78, in main
    process_student()
    ~~~~~~~~~~~~~~~^^
  File "d:\Downloads\Super 30 exmples\student-result-calculator\main.py", line 25, in process_student
    name, student_id = get_student_info()
                       ^^^^^^^^^^^^^^^^
NameError: name 'get_student_info' is not defined
2026-09-08 15:49:01,275 - ERROR - Unexpected error: name 'get_student_info' is not defined
Traceback (most recent call last):
  File "d:\Downloads\Super 30 exmples\student-result-calculator\main.py", line 78, in main
    process_student()
    ~~~~~~~~~~~~~~~^^
  File "d:\Downloads\Super 30 exmples\student-result-calculator\main.py", line 25, in process_student
    name, student_id = get_student_info()
                       ^^^^^^^^^^^^^^^^
NameError: name 'get_student_info' is not defined
2026-09-08 15:49:01,275 - ERROR - Unexpected error: name 'get_student_info' is not defined
Traceback (most recent call last):
  File "d:\Downloads\Super 30 exmples\student-result-calculator\main.py", line 78, in main
    process_student()
    ~~~~~~~~~~~~~~~^^
  File "d:\Downloads\Super 30 exmples\student-result-calculator\main.py", line 25, in process_student
    name, student_id = get_student_info()
                       ^^^^^^^^^^^^^^^^
NameError: name 'get_student_info' is not defined
2026-09-08 15:49:01,276 - ERROR - Unexpected error: name 'get_student_info' is not defined
Traceback (most recent call last):
  File "d:\Downloads\Super 30 exmples\student-result-calculator\main.py", line 78, in main
    process_student()
    ~~~~~~~~~~~~~~~^^
  File "d:\Downloads\Super 30 exmples\student-result-calculator\main.py", line 25, in process_student
    name, student_id = get_student_info()
                       ^^^^^^^^^^^^^^^^
NameError: name 'get_student_info' is not defined
2026-09-08 15:49:01,276 - ERROR - Unexpected error: name 'get_student_info' is not defined
Traceback (most recent call last):
  File "d:\Downloads\Super 30 exmples\student-result-calculator\main.py", line 78, in main
    process_student()
    ~~~~~~~~~~~~~~~^^
  File "d:\Downloads\Super 30 exmples\student-result-calculator\main.py", line 25, in process_student
    name, student_id = get_student_info()
                       ^^^^^^^^^^^^^^^^
NameError: name 'get_student_info' is not defined
2026-09-08 15:49:01,277 - ERROR - Unexpected error: name 'get_student_info' is not defined
Traceback (most recent call last):
  File "d:\Downloads\Super 30 exmples\student-result-calculator\main.py", line 78, in main
    process_student()
    ~~~~~~~~~~~~~~~^^
  File "d:\Downloads\Super 30 exmples\student-result-calculator\main.py", line 25, in process_student
    name, student_id = get_student_info()
                       ^^^^^^^^^^^^^^^^
NameError: name 'get_student_info' is not defined
2026-09-08 15:49:01,277 - ERROR - Unexpected error: name 'get_student_info' is not defined
Traceback (most recent call last):
  File "d:\Downloads\Super 30 exmples\student-result-calculator\main.py", line 78, in main
    process_student()
    ~~~~~~~~~~~~~~~^^
  File "d:\Downloads\Super 30 exmples\student-result-calculator\main.py", line 25, in process_student
    name, student_id = get_student_info()
                       ^^^^^^^^^^^^^^^^
NameError: name 'get_student_info' is not defined
2026-09-08 15:49:01,278 - ERROR - Unexpected error: name 'get_student_info' is not defined
Traceback (most recent call last):
  File "d:\Downloads\Super 30 exmples\student-result-calculator\main.py", line 78, in main
    process_student()
    ~~~~~~~~~~~~~~~^^
  File "d:\Downloads\Super 30 exmples\student-result-calculator\main.py", line 25, in process_student
    name, student_id = get_student_info()
                       ^^^^^^^^^^^^^^^^
NameError: name 'get_student_info' is not defined
2026-09-08 15:49:01,278 - ERROR - Unexpected error: name 'get_student_info' is not defined
Traceback (most recent call last):
  File "d:\Downloads\Super 30 exmples\student-result-calculator\main.py", line 78, in main
    process_student()
    ~~~~~~~~~~~~~~~^^
  File "d:\Downloads\Super 30 exmples\student-result-calculator\main.py", line 25, in process_student
    name, student_id = get_student_info()
                       ^^^^^^^^^^^^^^^^
NameError: name 'get_student_info' is not defined
2026-09-08 15:49:01,278 - ERROR - Unexpected error: name 'get_student_info' is not defined
Traceback (most recent call last):
  File "d:\Downloads\Super 30 exmples\student-result-calculator\main.py", line 78, in main
    process_student()
    ~~~~~~~~~~~~~~~^^
  File "d:\Downloads\Super 30 exmples\student-result-calculator\main.py", line 25, in process_student
    name, student_id = get_student_info()
                       ^^^^^^^^^^^^^^^^
NameError: name 'get_student_info' is not defined
2026-09-08 15:49:01,279 - ERROR - Unexpected error: name 'get_student_info' is not defined
Traceback (most recent call last):
  File "d:\Downloads\Super 30 exmples\student-result-calculator\main.py", line 78, in main
    process_student()
    ~~~~~~~~~~~~~~~^^
  File "d:\Downloads\Super 30 exmples\student-result-calculator\main.py", line 25, in process_student
    name, student_id = get_student_info()
                       ^^^^^^^^^^^^^^^^
NameError: name 'get_student_info' is not defined
2026-09-08 15:49:01,280 - ERROR - Unexpected error: name 'get_student_info' is not defined
Traceback (most recent call last):
  File "d:\Downloads\Super 30 exmples\student-result-calculator\main.py", line 78, in main
    process_student()
    ~~~~~~~~~~~~~~~^^
  File "d:\Downloads\Super 30 exmples\student-result-calculator\main.py", line 25, in process_student
    name, student_id = get_student_info()
                       ^^^^^^^^^^^^^^^^
NameError: name 'get_student_info' is not defined
2026-09-08 15:49:01,280 - ERROR - Unexpected error: name 'get_student_info' is not defined
Traceback (most recent call last):
  File "d:\Downloads\Super 30 exmples\student-result-calculator\main.py", line 78, in main
    process_student()
    ~~~~~~~~~~~~~~~^^
  File "d:\Downloads\Super 30 exmples\student-result-calculator\main.py", line 25, in process_student
    name, student_id = get_student_info()
                       ^^^^^^^^^^^^^^^^
NameError: name 'get_student_info' is not defined
2026-09-08 15:49:01,281 - ERROR - Unexpected error: name 'get_student_info' is not defined
Traceback (most recent call last):
  File "d:\Downloads\Super 30 exmples\student-result-calculator\main.py", line 78, in main
    process_student()
    ~~~~~~~~~~~~~~~^^
  File "d:\Downloads\Super 30 exmples\student-result-calculator\main.py", line 25, in process_student
    name, student_id = get_student_info()
                       ^^^^^^^^^^^^^^^^
NameError: name 'get_student_info' is not defined
2026-09-08 15:49:01,282 - ERROR - Unexpected error: name 'get_student_info' is not defined
Traceback (most recent call last):
  File "d:\Downloads\Super 30 exmples\student-result-calculator\main.py", line 78, in main
    process_student()
    ~~~~~~~~~~~~~~~^^
  File "d:\Downloads\Super 30 exmples\student-result-calculator\main.py", line 25, in process_student
    name, student_id = get_student_info()
                       ^^^^^^^^^^^^^^^^
NameError: name 'get_student_info' is not defined
2026-09-08 15:49:01,282 - ERROR - Unexpected error: name 'get_student_info' is not defined
Traceback (most recent call last):
  File "d:\Downloads\Super 30 exmples\student-result-calculator\main.py", line 78, in main
    process_student()
    ~~~~~~~~~~~~~~~^^
  File "d:\Downloads\Super 30 exmples\student-result-calculator\main.py", line 25, in process_student
    name, student_id = get_student_info()
                       ^^^^^^^^^^^^^^^^
NameError: name 'get_student_info' is not defined
2026-09-08 15:49:01,283 - ERROR - Unexpected error: name 'get_student_info' is not defined
Traceback (most recent call last):
  File "d:\Downloads\Super 30 exmples\student-result-calculator\main.py", line 78, in main
    process_student()
    ~~~~~~~~~~~~~~~^^
  File "d:\Downloads\Super 30 exmples\student-result-calculator\main.py", line 25, in process_student
    name, student_id = get_student_info()
                       ^^^^^^^^^^^^^^^^
NameError: name 'get_student_info' is not defined
2026-09-08 15:49:01,284 - ERROR - Unexpected error: name 'get_student_info' is not defined
Traceback (most recent call last):
  File "d:\Downloads\Super 30 exmples\student-result-calculator\main.py", line 78, in main
    process_student()
    ~~~~~~~~~~~~~~~^^
  File "d:\Downloads\Super 30 exmples\student-result-calculator\main.py", line 25, in process_student
    name, student_id = get_student_info()
                       ^^^^^^^^^^^^^^^^
NameError: name 'get_student_info' is not defined
2026-09-08 15:49:01,285 - ERROR - Unexpected error: name 'get_student_info' is not defined
Traceback (most recent call last):
  File "d:\Downloads\Super 30 exmples\student-result-calculator\main.py", line 78, in main
    process_student()
    ~~~~~~~~~~~~~~~^^
  File "d:\Downloads\Super 30 exmples\student-result-calculator\main.py", line 25, in process_student
    name, student_id = get_student_info()
                       ^^^^^^^^^^^^^^^^
NameError: name 'get_student_info' is not defined
2026-09-08 15:49:01,286 - ERROR - Unexpected error: name 'get_student_info' is not defined
Traceback (most recent call last):
  File "d:\Downloads\Super 30 exmples\student-result-calculator\main.py", line 78, in main
    process_student()
    ~~~~~~~~~~~~~~~^^
  File "d:\Downloads\Super 30 exmples\student-result-calculator\main.py", line 25, in process_student
    name, student_id = get_student_info()
                       ^^^^^^^^^^^^^^^^
NameError: name 'get_student_info' is not defined
2026-09-08 15:49:01,286 - ERROR - Unexpected error: name 'get_student_info' is not defined
Traceback (most recent call last):
  File "d:\Downloads\Super 30 exmples\student-result-calculator\main.py", line 78, in main
    process_student()
    ~~~~~~~~~~~~~~~^^
  File "d:\Downloads\Super 30 exmples\student-result-calculator\main.py", line 25, in process_student
    name, student_id = get_student_info()
                       ^^^^^^^^^^^^^^^^
NameError: name 'get_student_info' is not defined
2026-09-08 15:49:01,287 - ERROR - Unexpected error: name 'get_student_info' is not defined
Traceback (most recent call last):
  File "d:\Downloads\Super 30 exmples\student-result-calculator\main.py", line 78, in main
    process_student()
    ~~~~~~~~~~~~~~~^^
  File "d:\Downloads\Super 30 exmples\student-result-calculator\main.py", line 25, in process_student
    name, student_id = get_student_info()
                       ^^^^^^^^^^^^^^^^
NameError: name 'get_student_info' is not defined
2026-09-08 15:49:01,287 - ERROR - Unexpected error: name 'get_student_info' is not defined
Traceback (most recent call last):
  File "d:\Downloads\Super 30 exmples\student-result-calculator\main.py", line 78, in main
    process_student()
    ~~~~~~~~~~~~~~~^^
  File "d:\Downloads\Super 30 exmples\student-result-calculator\main.py", line 25, in process_student
    name, student_id = get_student_info()
                       ^^^^^^^^^^^^^^^^
NameError: name 'get_student_info' is not defined
2026-09-08 15:49:01,288 - ERROR - Unexpected error: name 'get_student_info' is not defined
Traceback (most recent call last):
  File "d:\Downloads\Super 30 exmples\student-result-calculator\main.py", line 78, in main
    process_student()
    ~~~~~~~~~~~~~~~^^
  File "d:\Downloads\Super 30 exmples\student-result-calculator\main.py", line 25, in process_student
    name, student_id = get_student_info()
                       ^^^^^^^^^^^^^^^^
NameError: name 'get_student_info' is not defined
2026-09-08 15:49:01,288 - ERROR - Unexpected error: name 'get_student_info' is not defined
Traceback (most recent call last):
  File "d:\Downloads\Super 30 exmples\student-result-calculator\main.py", line 78, in main
    process_student()
    ~~~~~~~~~~~~~~~^^
  File "d:\Downloads\Super 30 exmples\student-result-calculator\main.py", line 25, in process_student
    name, student_id = get_student_info()
                       ^^^^^^^^^^^^^^^^
NameError: name 'get_student_info' is not defined
2026-09-08 15:49:01,289 - ERROR - Unexpected error: name 'get_student_info' is not defined
Traceback (most recent call last):
  File "d:\Downloads\Super 30 exmples\student-result-calculator\main.py", line 78, in main
    process_student()
    ~~~~~~~~~~~~~~~^^
  File "d:\Downloads\Super 30 exmples\student-result-calculator\main.py", line 25, in process_student
    name, student_id = get_student_info()
                       ^^^^^^^^^^^^^^^^
NameError: name 'get_student_info' is not defined
2026-09-08 15:49:01,289 - ERROR - Unexpected error: name 'get_student_info' is not defined
Traceback (most recent call last):
  File "d:\Downloads\Super 30 exmples\student-result-calculator\main.py", line 78, in main
    process_student()
    ~~~~~~~~~~~~~~~^^
  File "d:\Downloads\Super 30 exmples\student-result-calculator\main.py", line 25, in process_student
    name, student_id = get_student_info()
                       ^^^^^^^^^^^^^^^^
NameError: name 'get_student_info' is not defined
2026-09-08 15:49:01,290 - ERROR - Unexpected error: name 'get_student_info' is not defined
Traceback (most recent call last):
  File "d:\Downloads\Super 30 exmples\student-result-calculator\main.py", line 78, in main
    process_student()
    ~~~~~~~~~~~~~~~^^
  File "d:\Downloads\Super 30 exmples\student-result-calculator\main.py", line 25, in process_student
    name, student_id = get_student_info()
                       ^^^^^^^^^^^^^^^^
NameError: name 'get_student_info' is not defined
2026-09-08 15:49:01,290 - ERROR - Unexpected error: name 'get_student_info' is not defined
Traceback (most recent call last):
  File "d:\Downloads\Super 30 exmples\student-result-calculator\main.py", line 78, in main
    process_student()
    ~~~~~~~~~~~~~~~^^
  File "d:\Downloads\Super 30 exmples\student-result-calculator\main.py", line 25, in process_student
    name, student_id = get_student_info()
                       ^^^^^^^^^^^^^^^^
NameError: name 'get_student_info' is not defined
2026-09-08 15:49:01,291 - ERROR - Unexpected error: name 'get_student_info' is not defined
Traceback (most recent call last):
  File "d:\Downloads\Super 30 exmples\student-result-calculator\main.py", line 78, in main
    process_student()
    ~~~~~~~~~~~~~~~^^
  File "d:\Downloads\Super 30 exmples\student-result-calculator\main.py", line 25, in process_student
    name, student_id = get_student_info()
                       ^^^^^^^^^^^^^^^^
NameError: name 'get_student_info' is not defined
2026-09-08 15:49:01,291 - ERROR - Unexpected error: name 'get_student_info' is not defined
Traceback (most recent call last):
  File "d:\Downloads\Super 30 exmples\student-result-calculator\main.py", line 78, in main
    process_student()
    ~~~~~~~~~~~~~~~^^
  File "d:\Downloads\Super 30 exmples\student-result-calculator\main.py", line 25, in process_student
    name, student_id = get_student_info()
                       ^^^^^^^^^^^^^^^^
NameError: name 'get_student_info' is not defined
2026-09-08 15:49:01,292 - ERROR - Unexpected error: name 'get_student_info' is not defined
Traceback (most recent call last):
  File "d:\Downloads\Super 30 exmples\student-result-calculator\main.py", line 78, in main
    process_student()
    ~~~~~~~~~~~~~~~^^
  File "d:\Downloads\Super 30 exmples\student-result-calculator\main.py", line 25, in process_student
    name, student_id = get_student_info()
                       ^^^^^^^^^^^^^^^^
NameError: name 'get_student_info' is not defined
2026-09-08 15:49:01,292 - ERROR - Unexpected error: name 'get_student_info' is not defined
Traceback (most recent call last):
  File "d:\Downloads\Super 30 exmples\student-result-calculator\main.py", line 78, in main
    process_student()
    ~~~~~~~~~~~~~~~^^
  File "d:\Downloads\Super 30 exmples\student-result-calculator\main.py", line 25, in process_student
    name, student_id = get_student_info()
                       ^^^^^^^^^^^^^^^^
NameError: name 'get_student_info' is not defined
2026-09-08 15:49:01,292 - ERROR - Unexpected error: name 'get_student_info' is not defined
Traceback (most recent call last):
  File "d:\Downloads\Super 30 exmples\student-result-calculator\main.py", line 78, in main
    process_student()
    ~~~~~~~~~~~~~~~^^
  File "d:\Downloads\Super 30 exmples\student-result-calculator\main.py", line 25, in process_student
    name, student_id = get_student_info()
                       ^^^^^^^^^^^^^^^^
NameError: name 'get_student_info' is not defined
2026-09-08 15:49:01,293 - ERROR - Unexpected error: name 'get_student_info' is not defined
Traceback (most recent call last):
  File "d:\Downloads\Super 30 exmples\student-result-calculator\main.py", line 78, in main
    process_student()
    ~~~~~~~~~~~~~~~^^
  File "d:\Downloads\Super 30 exmples\student-result-calculator\main.py", line 25, in process_student
    name, student_id = get_student_info()
                       ^^^^^^^^^^^^^^^^
NameError: name 'get_student_info' is not defined
2026-09-08 15:49:01,293 - ERROR - Unexpected error: name 'get_student_info' is not defined
Traceback (most recent call last):
  File "d:\Downloads\Super 30 exmples\student-result-calculator\main.py", line 78, in main
    process_student()
    ~~~~~~~~~~~~~~~^^
  File "d:\Downloads\Super 30 exmples\student-result-calculator\main.py", line 25, in process_student
    name, student_id = get_student_info()
                       ^^^^^^^^^^^^^^^^
NameError: name 'get_student_info' is not defined
2026-09-08 15:49:01,294 - ERROR - Unexpected error: name 'get_student_info' is not defined
Traceback (most recent call last):
  File "d:\Downloads\Super 30 exmples\student-result-calculator\main.py", line 78, in main
    process_student()
    ~~~~~~~~~~~~~~~^^
  File "d:\Downloads\Super 30 exmples\student-result-calculator\main.py", line 25, in process_student
    name, student_id = get_student_info()
                       ^^^^^^^^^^^^^^^^
NameError: name 'get_student_info' is not defined
2026-09-08 15:49:01,294 - ERROR - Unexpected error: name 'get_student_info' is not defined
Traceback (most recent call last):
  File "d:\Downloads\Super 30 exmples\student-result-calculator\main.py", line 78, in main
    process_student()
    ~~~~~~~~~~~~~~~^^
  File "d:\Downloads\Super 30 exmples\student-result-calculator\main.py", line 25, in process_student
    name, student_id = get_student_info()
                       ^^^^^^^^^^^^^^^^
NameError: name 'get_student_info' is not defined
2026-09-08 15:49:01,295 - ERROR - Unexpected error: name 'get_student_info' is not defined
Traceback (most recent call last):
  File "d:\Downloads\Super 30 exmples\student-result-calculator\main.py", line 78, in main
    process_student()
    ~~~~~~~~~~~~~~~^^
  File "d:\Downloads\Super 30 exmples\student-result-calculator\main.py", line 25, in process_student
    name, student_id = get_student_info()
                       ^^^^^^^^^^^^^^^^
NameError: name 'get_student_info' is not defined
2026-09-08 15:49:01,295 - ERROR - Unexpected error: name 'get_student_info' is not defined
Traceback (most recent call last):
  File "d:\Downloads\Super 30 exmples\student-result-calculator\main.py", line 78, in main
    process_student()
    ~~~~~~~~~~~~~~~^^
  File "d:\Downloads\Super 30 exmples\student-result-calculator\main.py", line 25, in process_student
    name, student_id = get_student_info()
                       ^^^^^^^^^^^^^^^^
NameError: name 'get_student_info' is not defined
2026-09-08 15:49:01,296 - ERROR - Unexpected error: name 'get_student_info' is not defined
Traceback (most recent call last):
  File "d:\Downloads\Super 30 exmples\student-result-calculator\main.py", line 78, in main
    process_student()
    ~~~~~~~~~~~~~~~^^
  File "d:\Downloads\Super 30 exmples\student-result-calculator\main.py", line 25, in process_student
    name, student_id = get_student_info()
                       ^^^^^^^^^^^^^^^^
NameError: name 'get_student_info' is not defined
2026-09-08 15:49:01,297 - ERROR - Unexpected error: name 'get_student_info' is not defined
Traceback (most recent call last):
  File "d:\Downloads\Super 30 exmples\student-result-calculator\main.py", line 78, in main
    process_student()
    ~~~~~~~~~~~~~~~^^
  File "d:\Downloads\Super 30 exmples\student-result-calculator\main.py", line 25, in process_student
    name, student_id = get_student_info()
                       ^^^^^^^^^^^^^^^^
NameError: name 'get_student_info' is not defined
2026-09-08 15:49:01,297 - ERROR - Unexpected error: name 'get_student_info' is not defined
Traceback (most recent call last):
  File "d:\Downloads\Super 30 exmples\student-result-calculator\main.py", line 78, in main
    process_student()
    ~~~~~~~~~~~~~~~^^
  File "d:\Downloads\Super 30 exmples\student-result-calculator\main.py", line 25, in process_student
    name, student_id = get_student_info()
                       ^^^^^^^^^^^^^^^^
NameError: name 'get_student_info' is not defined
2026-09-08 15:49:01,298 - ERROR - Unexpected error: name 'get_student_info' is not defined
Traceback (most recent call last):
  File "d:\Downloads\Super 30 exmples\student-result-calculator\main.py", line 78, in main
    process_student()
    ~~~~~~~~~~~~~~~^^
  File "d:\Downloads\Super 30 exmples\student-result-calculator\main.py", line 25, in process_student
    name, student_id = get_student_info()
                       ^^^^^^^^^^^^^^^^
NameError: name 'get_student_info' is not defined
2026-09-08 15:49:01,299 - ERROR - Unexpected error: name 'get_student_info' is not defined
Traceback (most recent call last):
  File "d:\Downloads\Super 30 exmples\student-result-calculator\main.py", line 78, in main
    process_student()
    ~~~~~~~~~~~~~~~^^
  File "d:\Downloads\Super 30 exmples\student-result-calculator\main.py", line 25, in process_student
    name, student_id = get_student_info()
                       ^^^^^^^^^^^^^^^^
NameError: name 'get_student_info' is not defined
2026-09-08 15:49:01,299 - ERROR - Unexpected error: name 'get_student_info' is not defined
Traceback (most recent call last):
  File "d:\Downloads\Super 30 exmples\student-result-calculator\main.py", line 78, in main
    process_student()
    ~~~~~~~~~~~~~~~^^
  File "d:\Downloads\Super 30 exmples\student-result-calculator\main.py", line 25, in process_student
    name, student_id = get_student_info()
                       ^^^^^^^^^^^^^^^^
NameError: name 'get_student_info' is not defined
2026-09-08 15:49:01,300 - ERROR - Unexpected error: name 'get_student_info' is not defined
Traceback (most recent call last):
  File "d:\Downloads\Super 30 exmples\student-result-calculator\main.py", line 78, in main
    process_student()
    ~~~~~~~~~~~~~~~^^
  File "d:\Downloads\Super 30 exmples\student-result-calculator\main.py", line 25, in process_student
    name, student_id = get_student_info()
                       ^^^^^^^^^^^^^^^^
NameError: name 'get_student_info' is not defined
2026-09-08 15:49:01,301 - ERROR - Unexpected error: name 'get_student_info' is not defined
Traceback (most recent call last):
  File "d:\Downloads\Super 30 exmples\student-result-calculator\main.py", line 78, in main
    process_student()
    ~~~~~~~~~~~~~~~^^
  File "d:\Downloads\Super 30 exmples\student-result-calculator\main.py", line 25, in process_student
    name, student_id = get_student_info()
                       ^^^^^^^^^^^^^^^^
NameError: name 'get_student_info' is not defined
2026-09-08 15:49:01,302 - ERROR - Unexpected error: name 'get_student_info' is not defined
Traceback (most recent call last):
  File "d:\Downloads\Super 30 exmples\student-result-calculator\main.py", line 78, in main
    process_student()
    ~~~~~~~~~~~~~~~^^
  File "d:\Downloads\Super 30 exmples\student-result-calculator\main.py", line 25, in process_student
    name, student_id = get_student_info()
                       ^^^^^^^^^^^^^^^^
NameError: name 'get_student_info' is not defined
2026-09-08 15:49:01,302 - ERROR - Unexpected error: name 'get_student_info' is not defined
Traceback (most recent call last):
  File "d:\Downloads\Super 30 exmples\student-result-calculator\main.py", line 78, in main
    process_student()
    ~~~~~~~~~~~~~~~^^
  File "d:\Downloads\Super 30 exmples\student-result-calculator\main.py", line 25, in process_student
    name, student_id = get_student_info()
                       ^^^^^^^^^^^^^^^^
NameError: name 'get_student_info' is not defined
2026-09-08 15:49:01,303 - ERROR - Unexpected error: name 'get_student_info' is not defined
Traceback (most recent call last):
  File "d:\Downloads\Super 30 exmples\student-result-calculator\main.py", line 78, in main
    process_student()
    ~~~~~~~~~~~~~~~^^
  File "d:\Downloads\Super 30 exmples\student-result-calculator\main.py", line 25, in process_student
    name, student_id = get_student_info()
                       ^^^^^^^^^^^^^^^^
NameError: name 'get_student_info' is not defined
2026-09-08 15:49:01,303 - ERROR - Unexpected error: name 'get_student_info' is not defined
Traceback (most recent call last):
  File "d:\Downloads\Super 30 exmples\student-result-calculator\main.py", line 78, in main
    process_student()
    ~~~~~~~~~~~~~~~^^
  File "d:\Downloads\Super 30 exmples\student-result-calculator\main.py", line 25, in process_student
    name, student_id = get_student_info()
                       ^^^^^^^^^^^^^^^^
NameError: name 'get_student_info' is not defined
2026-09-08 15:49:01,304 - ERROR - Unexpected error: name 'get_student_info' is not defined
Traceback (most recent call last):
  File "d:\Downloads\Super 30 exmples\student-result-calculator\main.py", line 78, in main
    process_student()
    ~~~~~~~~~~~~~~~^^
  File "d:\Downloads\Super 30 exmples\student-result-calculator\main.py", line 25, in process_student
    name, student_id = get_student_info()
                       ^^^^^^^^^^^^^^^^
NameError: name 'get_student_info' is not defined
2026-09-08 15:49:01,304 - ERROR - Unexpected error: name 'get_student_info' is not defined
Traceback (most recent call last):
  File "d:\Downloads\Super 30 exmples\student-result-calculator\main.py", line 78, in main
    process_student()
    ~~~~~~~~~~~~~~~^^
  File "d:\Downloads\Super 30 exmples\student-result-calculator\main.py", line 25, in process_student
    name, student_id = get_student_info()
                       ^^^^^^^^^^^^^^^^
NameError: name 'get_student_info' is not defined
2026-09-08 15:49:01,305 - ERROR - Unexpected error: name 'get_student_info' is not defined
Traceback (most recent call last):
  File "d:\Downloads\Super 30 exmples\student-result-calculator\main.py", line 78, in main
    process_student()
    ~~~~~~~~~~~~~~~^^
  File "d:\Downloads\Super 30 exmples\student-result-calculator\main.py", line 25, in process_student
    name, student_id = get_student_info()
                       ^^^^^^^^^^^^^^^^
NameError: name 'get_student_info' is not defined
2026-09-08 15:49:01,305 - ERROR - Unexpected error: name 'get_student_info' is not defined
Traceback (most recent call last):
  File "d:\Downloads\Super 30 exmples\student-result-calculator\main.py", line 78, in main
    process_student()
    ~~~~~~~~~~~~~~~^^
  File "d:\Downloads\Super 30 exmples\student-result-calculator\main.py", line 25, in process_student
    name, student_id = get_student_info()
                       ^^^^^^^^^^^^^^^^
NameError: name 'get_student_info' is not defined
2026-09-08 15:49:01,305 - ERROR - Unexpected error: name 'get_student_info' is not defined
Traceback (most recent call last):
  File "d:\Downloads\Super 30 exmples\student-result-calculator\main.py", line 78, in main
    process_student()
    ~~~~~~~~~~~~~~~^^
  File "d:\Downloads\Super 30 exmples\student-result-calculator\main.py", line 25, in process_student
    name, student_id = get_student_info()
                       ^^^^^^^^^^^^^^^^
NameError: name 'get_student_info' is not defined
2026-09-08 15:49:01,306 - ERROR - Unexpected error: name 'get_student_info' is not defined
Traceback (most recent call last):
  File "d:\Downloads\Super 30 exmples\student-result-calculator\main.py", line 78, in main
    process_student()
    ~~~~~~~~~~~~~~~^^
  File "d:\Downloads\Super 30 exmples\student-result-calculator\main.py", line 25, in process_student
    name, student_id = get_student_info()
                       ^^^^^^^^^^^^^^^^
NameError: name 'get_student_info' is not defined
2026-09-08 15:49:01,306 - ERROR - Unexpected error: name 'get_student_info' is not defined
Traceback (most recent call last):
  File "d:\Downloads\Super 30 exmples\student-result-calculator\main.py", line 78, in main
    process_student()
    ~~~~~~~~~~~~~~~^^
  File "d:\Downloads\Super 30 exmples\student-result-calculator\main.py", line 25, in process_student
    name, student_id = get_student_info()
                       ^^^^^^^^^^^^^^^^
NameError: name 'get_student_info' is not defined
2026-09-08 15:49:01,307 - ERROR - Unexpected error: name 'get_student_info' is not defined
Traceback (most recent call last):
  File "d:\Downloads\Super 30 exmples\student-result-calculator\main.py", line 78, in main
    process_student()
    ~~~~~~~~~~~~~~~^^
  File "d:\Downloads\Super 30 exmples\student-result-calculator\main.py", line 25, in process_student
    name, student_id = get_student_info()
                       ^^^^^^^^^^^^^^^^
NameError: name 'get_student_info' is not defined
2026-09-08 15:49:01,307 - ERROR - Unexpected error: name 'get_student_info' is not defined
Traceback (most recent call last):
  File "d:\Downloads\Super 30 exmples\student-result-calculator\main.py", line 78, in main
    process_student()
    ~~~~~~~~~~~~~~~^^
  File "d:\Downloads\Super 30 exmples\student-result-calculator\main.py", line 25, in process_student
    name, student_id = get_student_info()
                       ^^^^^^^^^^^^^^^^
NameError: name 'get_student_info' is not defined
2026-09-08 15:49:01,308 - ERROR - Unexpected error: name 'get_student_info' is not defined
Traceback (most recent call last):
  File "d:\Downloads\Super 30 exmples\student-result-calculator\main.py", line 78, in main
    process_student()
    ~~~~~~~~~~~~~~~^^
  File "d:\Downloads\Super 30 exmples\student-result-calculator\main.py", line 25, in process_student
    name, student_id = get_student_info()
                       ^^^^^^^^^^^^^^^^
NameError: name 'get_student_info' is not defined
2026-09-08 15:49:01,308 - ERROR - Unexpected error: name 'get_student_info' is not defined
Traceback (most recent call last):
  File "d:\Downloads\Super 30 exmples\student-result-calculator\main.py", line 78, in main
    process_student()
    ~~~~~~~~~~~~~~~^^
  File "d:\Downloads\Super 30 exmples\student-result-calculator\main.py", line 25, in process_student
    name, student_id = get_student_info()
                       ^^^^^^^^^^^^^^^^
NameError: name 'get_student_info' is not defined
2026-09-08 15:49:01,309 - ERROR - Unexpected error: name 'get_student_info' is not defined
Traceback (most recent call last):
  File "d:\Downloads\Super 30 exmples\student-result-calculator\main.py", line 78, in main
    process_student()
    ~~~~~~~~~~~~~~~^^
  File "d:\Downloads\Super 30 exmples\student-result-calculator\main.py", line 25, in process_student
    name, student_id = get_student_info()
                       ^^^^^^^^^^^^^^^^
NameError: name 'get_student_info' is not defined
2026-09-08 15:49:01,309 - ERROR - Unexpected error: name 'get_student_info' is not defined
Traceback (most recent call last):
  File "d:\Downloads\Super 30 exmples\student-result-calculator\main.py", line 78, in main
    process_student()
    ~~~~~~~~~~~~~~~^^
  File "d:\Downloads\Super 30 exmples\student-result-calculator\main.py", line 25, in process_student
    name, student_id = get_student_info()
                       ^^^^^^^^^^^^^^^^
NameError: name 'get_student_info' is not defined
2026-09-08 15:49:01,310 - ERROR - Unexpected error: name 'get_student_info' is not defined
Traceback (most recent call last):
  File "d:\Downloads\Super 30 exmples\student-result-calculator\main.py", line 78, in main
    process_student()
    ~~~~~~~~~~~~~~~^^
  File "d:\Downloads\Super 30 exmples\student-result-calculator\main.py", line 25, in process_student
    name, student_id = get_student_info()
                       ^^^^^^^^^^^^^^^^
NameError: name 'get_student_info' is not defined
2026-09-08 15:49:01,310 - ERROR - Unexpected error: name 'get_student_info' is not defined
Traceback (most recent call last):
  File "d:\Downloads\Super 30 exmples\student-result-calculator\main.py", line 78, in main
    process_student()
    ~~~~~~~~~~~~~~~^^
  File "d:\Downloads\Super 30 exmples\student-result-calculator\main.py", line 25, in process_student
    name, student_id = get_student_info()
                       ^^^^^^^^^^^^^^^^
NameError: name 'get_student_info' is not defined
2026-09-08 15:49:01,311 - ERROR - Unexpected error: name 'get_student_info' is not defined
Traceback (most recent call last):
  File "d:\Downloads\Super 30 exmples\student-result-calculator\main.py", line 78, in main
    process_student()
    ~~~~~~~~~~~~~~~^^
  File "d:\Downloads\Super 30 exmples\student-result-calculator\main.py", line 25, in process_student
    name, student_id = get_student_info()
                       ^^^^^^^^^^^^^^^^
NameError: name 'get_student_info' is not defined
2026-09-08 15:49:01,311 - ERROR - Unexpected error: name 'get_student_info' is not defined
Traceback (most recent call last):
  File "d:\Downloads\Super 30 exmples\student-result-calculator\main.py", line 78, in main
    process_student()
    ~~~~~~~~~~~~~~~^^
  File "d:\Downloads\Super 30 exmples\student-result-calculator\main.py", line 25, in process_student
    name, student_id = get_student_info()
                       ^^^^^^^^^^^^^^^^
NameError: name 'get_student_info' is not defined
2026-09-08 15:49:01,312 - ERROR - Unexpected error: name 'get_student_info' is not defined
Traceback (most recent call last):
  File "d:\Downloads\Super 30 exmples\student-result-calculator\main.py", line 78, in main
    process_student()
    ~~~~~~~~~~~~~~~^^
  File "d:\Downloads\Super 30 exmples\student-result-calculator\main.py", line 25, in process_student
    name, student_id = get_student_info()
                       ^^^^^^^^^^^^^^^^
NameError: name 'get_student_info' is not defined
2026-09-08 15:49:01,312 - ERROR - Unexpected error: name 'get_student_info' is not defined
Traceback (most recent call last):
  File "d:\Downloads\Super 30 exmples\student-result-calculator\main.py", line 78, in main
    process_student()
    ~~~~~~~~~~~~~~~^^
  File "d:\Downloads\Super 30 exmples\student-result-calculator\main.py", line 25, in process_student
    name, student_id = get_student_info()
                       ^^^^^^^^^^^^^^^^
NameError: name 'get_student_info' is not defined
2026-09-08 15:49:01,313 - ERROR - Unexpected error: name 'get_student_info' is not defined
Traceback (most recent call last):
  File "d:\Downloads\Super 30 exmples\student-result-calculator\main.py", line 78, in main
    process_student()
    ~~~~~~~~~~~~~~~^^
  File "d:\Downloads\Super 30 exmples\student-result-calculator\main.py", line 25, in process_student
    name, student_id = get_student_info()
                       ^^^^^^^^^^^^^^^^
NameError: name 'get_student_info' is not defined
2026-09-08 15:49:01,315 - ERROR - Unexpected error: name 'get_student_info' is not defined
Traceback (most recent call last):
  File "d:\Downloads\Super 30 exmples\student-result-calculator\main.py", line 78, in main
    process_student()
    ~~~~~~~~~~~~~~~^^
  File "d:\Downloads\Super 30 exmples\student-result-calculator\main.py", line 25, in process_student
    name, student_id = get_student_info()
                       ^^^^^^^^^^^^^^^^
NameError: name 'get_student_info' is not defined
2026-09-08 15:49:01,315 - ERROR - Unexpected error: name 'get_student_info' is not defined
Traceback (most recent call last):
  File "d:\Downloads\Super 30 exmples\student-result-calculator\main.py", line 78, in main
    process_student()
    ~~~~~~~~~~~~~~~^^
  File "d:\Downloads\Super 30 exmples\student-result-calculator\main.py", line 25, in process_student
    name, student_id = get_student_info()
                       ^^^^^^^^^^^^^^^^
NameError: name 'get_student_info' is not defined
2026-09-08 15:49:01,316 - ERROR - Unexpected error: name 'get_student_info' is not defined
Traceback (most recent call last):
  File "d:\Downloads\Super 30 exmples\student-result-calculator\main.py", line 78, in main
    process_student()
    ~~~~~~~~~~~~~~~^^
  File "d:\Downloads\Super 30 exmples\student-result-calculator\main.py", line 25, in process_student
    name, student_id = get_student_info()
                       ^^^^^^^^^^^^^^^^
NameError: name 'get_student_info' is not defined
2026-09-08 15:49:01,317 - ERROR - Unexpected error: name 'get_student_info' is not defined
Traceback (most recent call last):
  File "d:\Downloads\Super 30 exmples\student-result-calculator\main.py", line 78, in main
    process_student()
    ~~~~~~~~~~~~~~~^^
  File "d:\Downloads\Super 30 exmples\student-result-calculator\main.py", line 25, in process_student
    name, student_id = get_student_info()
                       ^^^^^^^^^^^^^^^^
NameError: name 'get_student_info' is not defined
2026-09-08 15:49:01,318 - ERROR - Unexpected error: name 'get_student_info' is not defined
Traceback (most recent call last):
  File "d:\Downloads\Super 30 exmples\student-result-calculator\main.py", line 78, in main
    process_student()
    ~~~~~~~~~~~~~~~^^
  File "d:\Downloads\Super 30 exmples\student-result-calculator\main.py", line 25, in process_student
    name, student_id = get_student_info()
                       ^^^^^^^^^^^^^^^^
NameError: name 'get_student_info' is not defined
2026-09-08 15:49:01,319 - ERROR - Unexpected error: name 'get_student_info' is not defined
Traceback (most recent call last):
  File "d:\Downloads\Super 30 exmples\student-result-calculator\main.py", line 78, in main
    process_student()
    ~~~~~~~~~~~~~~~^^
  File "d:\Downloads\Super 30 exmples\student-result-calculator\main.py", line 25, in process_student
    name, student_id = get_student_info()
                       ^^^^^^^^^^^^^^^^
NameError: name 'get_student_info' is not defined
2026-09-08 15:49:01,319 - ERROR - Unexpected error: name 'get_student_info' is not defined
Traceback (most recent call last):
  File "d:\Downloads\Super 30 exmples\student-result-calculator\main.py", line 78, in main
    process_student()
    ~~~~~~~~~~~~~~~^^
  File "d:\Downloads\Super 30 exmples\student-result-calculator\main.py", line 25, in process_student
    name, student_id = get_student_info()
                       ^^^^^^^^^^^^^^^^
NameError: name 'get_student_info' is not defined
2026-09-08 15:49:01,320 - ERROR - Unexpected error: name 'get_student_info' is not defined
Traceback (most recent call last):
  File "d:\Downloads\Super 30 exmples\student-result-calculator\main.py", line 78, in main
    process_student()
    ~~~~~~~~~~~~~~~^^
  File "d:\Downloads\Super 30 exmples\student-result-calculator\main.py", line 25, in process_student
    name, student_id = get_student_info()
                       ^^^^^^^^^^^^^^^^
NameError: name 'get_student_info' is not defined
2026-09-08 15:49:01,321 - ERROR - Unexpected error: name 'get_student_info' is not defined
Traceback (most recent call last):
  File "d:\Downloads\Super 30 exmples\student-result-calculator\main.py", line 78, in main
    process_student()
    ~~~~~~~~~~~~~~~^^
  File "d:\Downloads\Super 30 exmples\student-result-calculator\main.py", line 25, in process_student
    name, student_id = get_student_info()
                       ^^^^^^^^^^^^^^^^
NameError: name 'get_student_info' is not defined
2026-09-08 15:49:01,321 - ERROR - Unexpected error: name 'get_student_info' is not defined
Traceback (most recent call last):
  File "d:\Downloads\Super 30 exmples\student-result-calculator\main.py", line 78, in main
    process_student()
    ~~~~~~~~~~~~~~~^^
  File "d:\Downloads\Super 30 exmples\student-result-calculator\main.py", line 25, in process_student
    name, student_id = get_student_info()
                       ^^^^^^^^^^^^^^^^
NameError: name 'get_student_info' is not defined
2026-09-08 15:49:01,322 - ERROR - Unexpected error: name 'get_student_info' is not defined
Traceback (most recent call last):
  File "d:\Downloads\Super 30 exmples\student-result-calculator\main.py", line 78, in main
    process_student()
    ~~~~~~~~~~~~~~~^^
  File "d:\Downloads\Super 30 exmples\student-result-calculator\main.py", line 25, in process_student
    name, student_id = get_student_info()
                       ^^^^^^^^^^^^^^^^
NameError: name 'get_student_info' is not defined
2026-09-08 15:49:01,322 - ERROR - Unexpected error: name 'get_student_info' is not defined
Traceback (most recent call last):
  File "d:\Downloads\Super 30 exmples\student-result-calculator\main.py", line 78, in main
    process_student()
    ~~~~~~~~~~~~~~~^^
  File "d:\Downloads\Super 30 exmples\student-result-calculator\main.py", line 25, in process_student
    name, student_id = get_student_info()
                       ^^^^^^^^^^^^^^^^
NameError: name 'get_student_info' is not defined
2026-09-08 15:49:01,323 - ERROR - Unexpected error: name 'get_student_info' is not defined
Traceback (most recent call last):
  File "d:\Downloads\Super 30 exmples\student-result-calculator\main.py", line 78, in main
    process_student()
    ~~~~~~~~~~~~~~~^^
  File "d:\Downloads\Super 30 exmples\student-result-calculator\main.py", line 25, in process_student
    name, student_id = get_student_info()
                       ^^^^^^^^^^^^^^^^
NameError: name 'get_student_info' is not defined
2026-09-08 15:49:01,323 - ERROR - Unexpected error: name 'get_student_info' is not defined
Traceback (most recent call last):
  File "d:\Downloads\Super 30 exmples\student-result-calculator\main.py", line 78, in main
    process_student()
    ~~~~~~~~~~~~~~~^^
  File "d:\Downloads\Super 30 exmples\student-result-calculator\main.py", line 25, in process_student
    name, student_id = get_student_info()
                       ^^^^^^^^^^^^^^^^
NameError: name 'get_student_info' is not defined
2026-09-08 15:49:01,324 - ERROR - Unexpected error: name 'get_student_info' is not defined
Traceback (most recent call last):
  File "d:\Downloads\Super 30 exmples\student-result-calculator\main.py", line 78, in main
    process_student()
    ~~~~~~~~~~~~~~~^^
  File "d:\Downloads\Super 30 exmples\student-result-calculator\main.py", line 25, in process_student
    name, student_id = get_student_info()
                       ^^^^^^^^^^^^^^^^
NameError: name 'get_student_info' is not defined
2026-09-08 15:49:01,324 - ERROR - Unexpected error: name 'get_student_info' is not defined
Traceback (most recent call last):
  File "d:\Downloads\Super 30 exmples\student-result-calculator\main.py", line 78, in main
    process_student()
    ~~~~~~~~~~~~~~~^^
  File "d:\Downloads\Super 30 exmples\student-result-calculator\main.py", line 25, in process_student
    name, student_id = get_student_info()
                       ^^^^^^^^^^^^^^^^
NameError: name 'get_student_info' is not defined
2026-09-08 15:49:01,325 - ERROR - Unexpected error: name 'get_student_info' is not defined
Traceback (most recent call last):
  File "d:\Downloads\Super 30 exmples\student-result-calculator\main.py", line 78, in main
    process_student()
    ~~~~~~~~~~~~~~~^^
  File "d:\Downloads\Super 30 exmples\student-result-calculator\main.py", line 25, in process_student
    name, student_id = get_student_info()
                       ^^^^^^^^^^^^^^^^
NameError: name 'get_student_info' is not defined
2026-09-08 15:49:01,325 - ERROR - Unexpected error: name 'get_student_info' is not defined
Traceback (most recent call last):
  File "d:\Downloads\Super 30 exmples\student-result-calculator\main.py", line 78, in main
    process_student()
    ~~~~~~~~~~~~~~~^^
  File "d:\Downloads\Super 30 exmples\student-result-calculator\main.py", line 25, in process_student
    name, student_id = get_student_info()
                       ^^^^^^^^^^^^^^^^
NameError: name 'get_student_info' is not defined
2026-09-08 15:49:01,326 - ERROR - Unexpected error: name 'get_student_info' is not defined
Traceback (most recent call last):
  File "d:\Downloads\Super 30 exmples\student-result-calculator\main.py", line 78, in main
    process_student()
    ~~~~~~~~~~~~~~~^^
  File "d:\Downloads\Super 30 exmples\student-result-calculator\main.py", line 25, in process_student
    name, student_id = get_student_info()
                       ^^^^^^^^^^^^^^^^
NameError: name 'get_student_info' is not defined
2026-09-08 15:49:01,326 - ERROR - Unexpected error: name 'get_student_info' is not defined
Traceback (most recent call last):
  File "d:\Downloads\Super 30 exmples\student-result-calculator\main.py", line 78, in main
    process_student()
    ~~~~~~~~~~~~~~~^^
  File "d:\Downloads\Super 30 exmples\student-result-calculator\main.py", line 25, in process_student
    name, student_id = get_student_info()
                       ^^^^^^^^^^^^^^^^
NameError: name 'get_student_info' is not defined
2026-09-08 15:49:01,326 - ERROR - Unexpected error: name 'get_student_info' is not defined
Traceback (most recent call last):
  File "d:\Downloads\Super 30 exmples\student-result-calculator\main.py", line 78, in main
    process_student()
    ~~~~~~~~~~~~~~~^^
  File "d:\Downloads\Super 30 exmples\student-result-calculator\main.py", line 25, in process_student
    name, student_id = get_student_info()
                       ^^^^^^^^^^^^^^^^
NameError: name 'get_student_info' is not defined
2026-09-08 15:49:01,327 - ERROR - Unexpected error: name 'get_student_info' is not defined
Traceback (most recent call last):
  File "d:\Downloads\Super 30 exmples\student-result-calculator\main.py", line 78, in main
    process_student()
    ~~~~~~~~~~~~~~~^^
  File "d:\Downloads\Super 30 exmples\student-result-calculator\main.py", line 25, in process_student
    name, student_id = get_student_info()
                       ^^^^^^^^^^^^^^^^
NameError: name 'get_student_info' is not defined
2026-09-08 15:49:01,327 - ERROR - Unexpected error: name 'get_student_info' is not defined
Traceback (most recent call last):
  File "d:\Downloads\Super 30 exmples\student-result-calculator\main.py", line 78, in main
    process_student()
    ~~~~~~~~~~~~~~~^^
  File "d:\Downloads\Super 30 exmples\student-result-calculator\main.py", line 25, in process_student
    name, student_id = get_student_info()
                       ^^^^^^^^^^^^^^^^
NameError: name 'get_student_info' is not defined
2026-09-08 15:49:01,328 - ERROR - Unexpected error: name 'get_student_info' is not defined
Traceback (most recent call last):
  File "d:\Downloads\Super 30 exmples\student-result-calculator\main.py", line 78, in main
    process_student()
    ~~~~~~~~~~~~~~~^^
  File "d:\Downloads\Super 30 exmples\student-result-calculator\main.py", line 25, in process_student
    name, student_id = get_student_info()
                       ^^^^^^^^^^^^^^^^
NameError: name 'get_student_info' is not defined
2026-09-08 15:49:01,329 - ERROR - Unexpected error: name 'get_student_info' is not defined
Traceback (most recent call last):
  File "d:\Downloads\Super 30 exmples\student-result-calculator\main.py", line 78, in main
    process_student()
    ~~~~~~~~~~~~~~~^^
  File "d:\Downloads\Super 30 exmples\student-result-calculator\main.py", line 25, in process_student
    name, student_id = get_student_info()
                       ^^^^^^^^^^^^^^^^
NameError: name 'get_student_info' is not defined
2026-09-08 15:49:01,329 - ERROR - Unexpected error: name 'get_student_info' is not defined
Traceback (most recent call last):
  File "d:\Downloads\Super 30 exmples\student-result-calculator\main.py", line 78, in main
    process_student()
    ~~~~~~~~~~~~~~~^^
  File "d:\Downloads\Super 30 exmples\student-result-calculator\main.py", line 25, in process_student
    name, student_id = get_student_info()
                       ^^^^^^^^^^^^^^^^
NameError: name 'get_student_info' is not defined
2026-09-08 15:49:01,330 - ERROR - Unexpected error: name 'get_student_info' is not defined
Traceback (most recent call last):
  File "d:\Downloads\Super 30 exmples\student-result-calculator\main.py", line 78, in main
    process_student()
    ~~~~~~~~~~~~~~~^^
  File "d:\Downloads\Super 30 exmples\student-result-calculator\main.py", line 25, in process_student
    name, student_id = get_student_info()
                       ^^^^^^^^^^^^^^^^
NameError: name 'get_student_info' is not defined
2026-09-08 15:49:01,330 - ERROR - Unexpected error: name 'get_student_info' is not defined
Traceback (most recent call last):
  File "d:\Downloads\Super 30 exmples\student-result-calculator\main.py", line 78, in main
    process_student()
    ~~~~~~~~~~~~~~~^^
  File "d:\Downloads\Super 30 exmples\student-result-calculator\main.py", line 25, in process_student
    name, student_id = get_student_info()
                       ^^^^^^^^^^^^^^^^
NameError: name 'get_student_info' is not defined
2026-09-08 15:49:01,331 - ERROR - Unexpected error: name 'get_student_info' is not defined
Traceback (most recent call last):
  File "d:\Downloads\Super 30 exmples\student-result-calculator\main.py", line 78, in main
    process_student()
    ~~~~~~~~~~~~~~~^^
  File "d:\Downloads\Super 30 exmples\student-result-calculator\main.py", line 25, in process_student
    name, student_id = get_student_info()
                       ^^^^^^^^^^^^^^^^
NameError: name 'get_student_info' is not defined
2026-09-08 15:49:01,332 - ERROR - Unexpected error: name 'get_student_info' is not defined
Traceback (most recent call last):
  File "d:\Downloads\Super 30 exmples\student-result-calculator\main.py", line 78, in main
    process_student()
    ~~~~~~~~~~~~~~~^^
  File "d:\Downloads\Super 30 exmples\student-result-calculator\main.py", line 25, in process_student
    name, student_id = get_student_info()
                       ^^^^^^^^^^^^^^^^
NameError: name 'get_student_info' is not defined
2026-09-08 15:49:01,334 - ERROR - Unexpected error: name 'get_student_info' is not defined
Traceback (most recent call last):
  File "d:\Downloads\Super 30 exmples\student-result-calculator\main.py", line 78, in main
    process_student()
    ~~~~~~~~~~~~~~~^^
  File "d:\Downloads\Super 30 exmples\student-result-calculator\main.py", line 25, in process_student
    name, student_id = get_student_info()
                       ^^^^^^^^^^^^^^^^
NameError: name 'get_student_info' is not defined
2026-09-08 15:49:01,335 - ERROR - Unexpected error: name 'get_student_info' is not defined
Traceback (most recent call last):
  File "d:\Downloads\Super 30 exmples\student-result-calculator\main.py", line 78, in main
    process_student()
    ~~~~~~~~~~~~~~~^^
  File "d:\Downloads\Super 30 exmples\student-result-calculator\main.py", line 25, in process_student
    name, student_id = get_student_info()
                       ^^^^^^^^^^^^^^^^
NameError: name 'get_student_info' is not defined
2026-09-08 15:49:01,336 - ERROR - Unexpected error: name 'get_student_info' is not defined
Traceback (most recent call last):
  File "d:\Downloads\Super 30 exmples\student-result-calculator\main.py", line 78, in main
    process_student()
    ~~~~~~~~~~~~~~~^^
  File "d:\Downloads\Super 30 exmples\student-result-calculator\main.py", line 25, in process_student
    name, student_id = get_student_info()
                       ^^^^^^^^^^^^^^^^
NameError: name 'get_student_info' is not defined
2026-09-08 15:49:01,337 - ERROR - Unexpected error: name 'get_student_info' is not defined
Traceback (most recent call last):
  File "d:\Downloads\Super 30 exmples\student-result-calculator\main.py", line 78, in main
    process_student()
    ~~~~~~~~~~~~~~~^^
  File "d:\Downloads\Super 30 exmples\student-result-calculator\main.py", line 25, in process_student
    name, student_id = get_student_info()
                       ^^^^^^^^^^^^^^^^
NameError: name 'get_student_info' is not defined
2026-09-08 15:49:01,337 - ERROR - Unexpected error: name 'get_student_info' is not defined
Traceback (most recent call last):
  File "d:\Downloads\Super 30 exmples\student-result-calculator\main.py", line 78, in main
    process_student()
    ~~~~~~~~~~~~~~~^^
  File "d:\Downloads\Super 30 exmples\student-result-calculator\main.py", line 25, in process_student
    name, student_id = get_student_info()
                       ^^^^^^^^^^^^^^^^
NameError: name 'get_student_info' is not defined
2026-09-08 15:49:01,338 - ERROR - Unexpected error: name 'get_student_info' is not defined
Traceback (most recent call last):
  File "d:\Downloads\Super 30 exmples\student-result-calculator\main.py", line 78, in main
    process_student()
    ~~~~~~~~~~~~~~~^^
  File "d:\Downloads\Super 30 exmples\student-result-calculator\main.py", line 25, in process_student
    name, student_id = get_student_info()
                       ^^^^^^^^^^^^^^^^
NameError: name 'get_student_info' is not defined
2026-09-08 15:49:01,339 - ERROR - Unexpected error: name 'get_student_info' is not defined
Traceback (most recent call last):
  File "d:\Downloads\Super 30 exmples\student-result-calculator\main.py", line 78, in main
    process_student()
    ~~~~~~~~~~~~~~~^^
  File "d:\Downloads\Super 30 exmples\student-result-calculator\main.py", line 25, in process_student
    name, student_id = get_student_info()
                       ^^^^^^^^^^^^^^^^
NameError: name 'get_student_info' is not defined
2026-09-08 15:49:01,339 - ERROR - Unexpected error: name 'get_student_info' is not defined
Traceback (most recent call last):
  File "d:\Downloads\Super 30 exmples\student-result-calculator\main.py", line 78, in main
    process_student()
    ~~~~~~~~~~~~~~~^^
  File "d:\Downloads\Super 30 exmples\student-result-calculator\main.py", line 25, in process_student
    name, student_id = get_student_info()
                       ^^^^^^^^^^^^^^^^
NameError: name 'get_student_info' is not defined
2026-09-08 15:49:01,339 - ERROR - Unexpected error: name 'get_student_info' is not defined
Traceback (most recent call last):
  File "d:\Downloads\Super 30 exmples\student-result-calculator\main.py", line 78, in main
    process_student()
    ~~~~~~~~~~~~~~~^^
  File "d:\Downloads\Super 30 exmples\student-result-calculator\main.py", line 25, in process_student
    name, student_id = get_student_info()
                       ^^^^^^^^^^^^^^^^
NameError: name 'get_student_info' is not defined
2026-09-08 15:49:01,340 - ERROR - Unexpected error: name 'get_student_info' is not defined
Traceback (most recent call last):
  File "d:\Downloads\Super 30 exmples\student-result-calculator\main.py", line 78, in main
    process_student()
    ~~~~~~~~~~~~~~~^^
  File "d:\Downloads\Super 30 exmples\student-result-calculator\main.py", line 25, in process_student
    name, student_id = get_student_info()
                       ^^^^^^^^^^^^^^^^
NameError: name 'get_student_info' is not defined
2026-09-08 15:49:01,340 - ERROR - Unexpected error: name 'get_student_info' is not defined
Traceback (most recent call last):
  File "d:\Downloads\Super 30 exmples\student-result-calculator\main.py", line 78, in main
    process_student()
    ~~~~~~~~~~~~~~~^^
  File "d:\Downloads\Super 30 exmples\student-result-calculator\main.py", line 25, in process_student
    name, student_id = get_student_info()
                       ^^^^^^^^^^^^^^^^
NameError: name 'get_student_info' is not defined
2026-09-08 15:49:01,341 - ERROR - Unexpected error: name 'get_student_info' is not defined
Traceback (most recent call last):
  File "d:\Downloads\Super 30 exmples\student-result-calculator\main.py", line 78, in main
    process_student()
    ~~~~~~~~~~~~~~~^^
  File "d:\Downloads\Super 30 exmples\student-result-calculator\main.py", line 25, in process_student
    name, student_id = get_student_info()
                       ^^^^^^^^^^^^^^^^
NameError: name 'get_student_info' is not defined
2026-09-08 15:49:01,341 - ERROR - Unexpected error: name 'get_student_info' is not defined
Traceback (most recent call last):
  File "d:\Downloads\Super 30 exmples\student-result-calculator\main.py", line 78, in main
    process_student()
    ~~~~~~~~~~~~~~~^^
  File "d:\Downloads\Super 30 exmples\student-result-calculator\main.py", line 25, in process_student
    name, student_id = get_student_info()
                       ^^^^^^^^^^^^^^^^
NameError: name 'get_student_info' is not defined
2026-09-08 15:49:01,342 - ERROR - Unexpected error: name 'get_student_info' is not defined
Traceback (most recent call last):
  File "d:\Downloads\Super 30 exmples\student-result-calculator\main.py", line 78, in main
    process_student()
    ~~~~~~~~~~~~~~~^^
  File "d:\Downloads\Super 30 exmples\student-result-calculator\main.py", line 25, in process_student
    name, student_id = get_student_info()
                       ^^^^^^^^^^^^^^^^
NameError: name 'get_student_info' is not defined
2026-09-08 15:49:01,342 - ERROR - Unexpected error: name 'get_student_info' is not defined
Traceback (most recent call last):
  File "d:\Downloads\Super 30 exmples\student-result-calculator\main.py", line 78, in main
    process_student()
    ~~~~~~~~~~~~~~~^^
  File "d:\Downloads\Super 30 exmples\student-result-calculator\main.py", line 25, in process_student
    name, student_id = get_student_info()
                       ^^^^^^^^^^^^^^^^
NameError: name 'get_student_info' is not defined
2026-09-08 15:49:01,343 - ERROR - Unexpected error: name 'get_student_info' is not defined
Traceback (most recent call last):
  File "d:\Downloads\Super 30 exmples\student-result-calculator\main.py", line 78, in main
    process_student()
    ~~~~~~~~~~~~~~~^^
  File "d:\Downloads\Super 30 exmples\student-result-calculator\main.py", line 25, in process_student
    name, student_id = get_student_info()
                       ^^^^^^^^^^^^^^^^
NameError: name 'get_student_info' is not defined
2026-09-08 15:49:01,343 - ERROR - Unexpected error: name 'get_student_info' is not defined
Traceback (most recent call last):
  File "d:\Downloads\Super 30 exmples\student-result-calculator\main.py", line 78, in main
    process_student()
    ~~~~~~~~~~~~~~~^^
  File "d:\Downloads\Super 30 exmples\student-result-calculator\main.py", line 25, in process_student
    name, student_id = get_student_info()
                       ^^^^^^^^^^^^^^^^
NameError: name 'get_student_info' is not defined
2026-09-08 15:49:01,344 - ERROR - Unexpected error: name 'get_student_info' is not defined
Traceback (most recent call last):
  File "d:\Downloads\Super 30 exmples\student-result-calculator\main.py", line 78, in main
    process_student()
    ~~~~~~~~~~~~~~~^^
  File "d:\Downloads\Super 30 exmples\student-result-calculator\main.py", line 25, in process_student
    name, student_id = get_student_info()
                       ^^^^^^^^^^^^^^^^
NameError: name 'get_student_info' is not defined
2026-09-08 15:49:01,344 - ERROR - Unexpected error: name 'get_student_info' is not defined
Traceback (most recent call last):
  File "d:\Downloads\Super 30 exmples\student-result-calculator\main.py", line 78, in main
    process_student()
    ~~~~~~~~~~~~~~~^^
  File "d:\Downloads\Super 30 exmples\student-result-calculator\main.py", line 25, in process_student
    name, student_id = get_student_info()
                       ^^^^^^^^^^^^^^^^
NameError: name 'get_student_info' is not defined
2026-09-08 15:49:01,345 - ERROR - Unexpected error: name 'get_student_info' is not defined
Traceback (most recent call last):
  File "d:\Downloads\Super 30 exmples\student-result-calculator\main.py", line 78, in main
    process_student()
    ~~~~~~~~~~~~~~~^^
  File "d:\Downloads\Super 30 exmples\student-result-calculator\main.py", line 25, in process_student
    name, student_id = get_student_info()
                       ^^^^^^^^^^^^^^^^
NameError: name 'get_student_info' is not defined
2026-09-08 15:49:01,345 - ERROR - Unexpected error: name 'get_student_info' is not defined
Traceback (most recent call last):
  File "d:\Downloads\Super 30 exmples\student-result-calculator\main.py", line 78, in main
    process_student()
    ~~~~~~~~~~~~~~~^^
  File "d:\Downloads\Super 30 exmples\student-result-calculator\main.py", line 25, in process_student
    name, student_id = get_student_info()
                       ^^^^^^^^^^^^^^^^
NameError: name 'get_student_info' is not defined
2026-09-08 15:49:01,346 - ERROR - Unexpected error: name 'get_student_info' is not defined
Traceback (most recent call last):
  File "d:\Downloads\Super 30 exmples\student-result-calculator\main.py", line 78, in main
    process_student()
    ~~~~~~~~~~~~~~~^^
  File "d:\Downloads\Super 30 exmples\student-result-calculator\main.py", line 25, in process_student
    name, student_id = get_student_info()
                       ^^^^^^^^^^^^^^^^
NameError: name 'get_student_info' is not defined
2026-09-08 15:49:01,348 - ERROR - Unexpected error: name 'get_student_info' is not defined
Traceback (most recent call last):
  File "d:\Downloads\Super 30 exmples\student-result-calculator\main.py", line 78, in main
    process_student()
    ~~~~~~~~~~~~~~~^^
  File "d:\Downloads\Super 30 exmples\student-result-calculator\main.py", line 25, in process_student
    name, student_id = get_student_info()
                       ^^^^^^^^^^^^^^^^
NameError: name 'get_student_info' is not defined
2026-09-08 15:49:01,349 - ERROR - Unexpected error: name 'get_student_info' is not defined
Traceback (most recent call last):
  File "d:\Downloads\Super 30 exmples\student-result-calculator\main.py", line 78, in main
    process_student()
    ~~~~~~~~~~~~~~~^^
  File "d:\Downloads\Super 30 exmples\student-result-calculator\main.py", line 25, in process_student
    name, student_id = get_student_info()
                       ^^^^^^^^^^^^^^^^
NameError: name 'get_student_info' is not defined
2026-09-08 15:49:01,350 - ERROR - Unexpected error: name 'get_student_info' is not defined
Traceback (most recent call last):
  File "d:\Downloads\Super 30 exmples\student-result-calculator\main.py", line 78, in main
    process_student()
    ~~~~~~~~~~~~~~~^^
  File "d:\Downloads\Super 30 exmples\student-result-calculator\main.py", line 25, in process_student
    name, student_id = get_student_info()
                       ^^^^^^^^^^^^^^^^
NameError: name 'get_student_info' is not defined
2026-09-08 15:49:01,351 - ERROR - Unexpected error: name 'get_student_info' is not defined
Traceback (most recent call last):
  File "d:\Downloads\Super 30 exmples\student-result-calculator\main.py", line 78, in main
    process_student()
    ~~~~~~~~~~~~~~~^^
  File "d:\Downloads\Super 30 exmples\student-result-calculator\main.py", line 25, in process_student
    name, student_id = get_student_info()
                       ^^^^^^^^^^^^^^^^
NameError: name 'get_student_info' is not defined
2026-09-08 15:49:01,351 - ERROR - Unexpected error: name 'get_student_info' is not defined
Traceback (most recent call last):
  File "d:\Downloads\Super 30 exmples\student-result-calculator\main.py", line 78, in main
    process_student()
    ~~~~~~~~~~~~~~~^^
  File "d:\Downloads\Super 30 exmples\student-result-calculator\main.py", line 25, in process_student
    name, student_id = get_student_info()
                       ^^^^^^^^^^^^^^^^
NameError: name 'get_student_info' is not defined
2026-09-08 15:49:01,352 - ERROR - Unexpected error: name 'get_student_info' is not defined
Traceback (most recent call last):
  File "d:\Downloads\Super 30 exmples\student-result-calculator\main.py", line 78, in main
    process_student()
    ~~~~~~~~~~~~~~~^^
  File "d:\Downloads\Super 30 exmples\student-result-calculator\main.py", line 25, in process_student
    name, student_id = get_student_info()
                       ^^^^^^^^^^^^^^^^
NameError: name 'get_student_info' is not defined
2026-09-08 15:49:01,352 - ERROR - Unexpected error: name 'get_student_info' is not defined
Traceback (most recent call last):
  File "d:\Downloads\Super 30 exmples\student-result-calculator\main.py", line 78, in main
    process_student()
    ~~~~~~~~~~~~~~~^^
  File "d:\Downloads\Super 30 exmples\student-result-calculator\main.py", line 25, in process_student
    name, student_id = get_student_info()
                       ^^^^^^^^^^^^^^^^
NameError: name 'get_student_info' is not defined
2026-09-08 15:49:01,353 - ERROR - Unexpected error: name 'get_student_info' is not defined
Traceback (most recent call last):
  File "d:\Downloads\Super 30 exmples\student-result-calculator\main.py", line 78, in main
    process_student()
    ~~~~~~~~~~~~~~~^^
  File "d:\Downloads\Super 30 exmples\student-result-calculator\main.py", line 25, in process_student
    name, student_id = get_student_info()
                       ^^^^^^^^^^^^^^^^
NameError: name 'get_student_info' is not defined
2026-09-08 15:49:01,353 - ERROR - Unexpected error: name 'get_student_info' is not defined
Traceback (most recent call last):
  File "d:\Downloads\Super 30 exmples\student-result-calculator\main.py", line 78, in main
    process_student()
    ~~~~~~~~~~~~~~~^^
  File "d:\Downloads\Super 30 exmples\student-result-calculator\main.py", line 25, in process_student
    name, student_id = get_student_info()
                       ^^^^^^^^^^^^^^^^
NameError: name 'get_student_info' is not defined
2026-09-08 15:49:01,353 - ERROR - Unexpected error: name 'get_student_info' is not defined
Traceback (most recent call last):
  File "d:\Downloads\Super 30 exmples\student-result-calculator\main.py", line 78, in main
    process_student()
    ~~~~~~~~~~~~~~~^^
  File "d:\Downloads\Super 30 exmples\student-result-calculator\main.py", line 25, in process_student
    name, student_id = get_student_info()
                       ^^^^^^^^^^^^^^^^
NameError: name 'get_student_info' is not defined
2026-09-08 15:49:01,354 - ERROR - Unexpected error: name 'get_student_info' is not defined
Traceback (most recent call last):
  File "d:\Downloads\Super 30 exmples\student-result-calculator\main.py", line 78, in main
    process_student()
    ~~~~~~~~~~~~~~~^^
  File "d:\Downloads\Super 30 exmples\student-result-calculator\main.py", line 25, in process_student
    name, student_id = get_student_info()
                       ^^^^^^^^^^^^^^^^
NameError: name 'get_student_info' is not defined
2026-09-08 15:49:01,354 - ERROR - Unexpected error: name 'get_student_info' is not defined
Traceback (most recent call last):
  File "d:\Downloads\Super 30 exmples\student-result-calculator\main.py", line 78, in main
    process_student()
    ~~~~~~~~~~~~~~~^^
  File "d:\Downloads\Super 30 exmples\student-result-calculator\main.py", line 25, in process_student
    name, student_id = get_student_info()
                       ^^^^^^^^^^^^^^^^
NameError: name 'get_student_info' is not defined
2026-09-08 15:49:01,355 - ERROR - Unexpected error: name 'get_student_info' is not defined
Traceback (most recent call last):
  File "d:\Downloads\Super 30 exmples\student-result-calculator\main.py", line 78, in main
    process_student()
    ~~~~~~~~~~~~~~~^^
  File "d:\Downloads\Super 30 exmples\student-result-calculator\main.py", line 25, in process_student
    name, student_id = get_student_info()
                       ^^^^^^^^^^^^^^^^
NameError: name 'get_student_info' is not defined
2026-09-08 15:49:01,355 - ERROR - Unexpected error: name 'get_student_info' is not defined
Traceback (most recent call last):
  File "d:\Downloads\Super 30 exmples\student-result-calculator\main.py", line 78, in main
    process_student()
    ~~~~~~~~~~~~~~~^^
  File "d:\Downloads\Super 30 exmples\student-result-calculator\main.py", line 25, in process_student
    name, student_id = get_student_info()
                       ^^^^^^^^^^^^^^^^
NameError: name 'get_student_info' is not defined
2026-09-08 15:49:01,356 - ERROR - Unexpected error: name 'get_student_info' is not defined
Traceback (most recent call last):
  File "d:\Downloads\Super 30 exmples\student-result-calculator\main.py", line 78, in main
    process_student()
    ~~~~~~~~~~~~~~~^^
  File "d:\Downloads\Super 30 exmples\student-result-calculator\main.py", line 25, in process_student
    name, student_id = get_student_info()
                       ^^^^^^^^^^^^^^^^
NameError: name 'get_student_info' is not defined
2026-09-08 15:49:01,356 - ERROR - Unexpected error: name 'get_student_info' is not defined
Traceback (most recent call last):
  File "d:\Downloads\Super 30 exmples\student-result-calculator\main.py", line 78, in main
    process_student()
    ~~~~~~~~~~~~~~~^^
  File "d:\Downloads\Super 30 exmples\student-result-calculator\main.py", line 25, in process_student
    name, student_id = get_student_info()
                       ^^^^^^^^^^^^^^^^
NameError: name 'get_student_info' is not defined
2026-09-08 15:49:01,357 - ERROR - Unexpected error: name 'get_student_info' is not defined
Traceback (most recent call last):
  File "d:\Downloads\Super 30 exmples\student-result-calculator\main.py", line 78, in main
    process_student()
    ~~~~~~~~~~~~~~~^^
  File "d:\Downloads\Super 30 exmples\student-result-calculator\main.py", line 25, in process_student
    name, student_id = get_student_info()
                       ^^^^^^^^^^^^^^^^
NameError: name 'get_student_info' is not defined
2026-09-08 15:49:01,357 - ERROR - Unexpected error: name 'get_student_info' is not defined
Traceback (most recent call last):
  File "d:\Downloads\Super 30 exmples\student-result-calculator\main.py", line 78, in main
    process_student()
    ~~~~~~~~~~~~~~~^^
  File "d:\Downloads\Super 30 exmples\student-result-calculator\main.py", line 25, in process_student
    name, student_id = get_student_info()
                       ^^^^^^^^^^^^^^^^
NameError: name 'get_student_info' is not defined
2026-09-08 15:49:01,358 - ERROR - Unexpected error: name 'get_student_info' is not defined
Traceback (most recent call last):
  File "d:\Downloads\Super 30 exmples\student-result-calculator\main.py", line 78, in main
    process_student()
    ~~~~~~~~~~~~~~~^^
  File "d:\Downloads\Super 30 exmples\student-result-calculator\main.py", line 25, in process_student
    name, student_id = get_student_info()
                       ^^^^^^^^^^^^^^^^
NameError: name 'get_student_info' is not defined
2026-09-08 15:49:01,358 - ERROR - Unexpected error: name 'get_student_info' is not defined
Traceback (most recent call last):
  File "d:\Downloads\Super 30 exmples\student-result-calculator\main.py", line 78, in main
    process_student()
    ~~~~~~~~~~~~~~~^^
  File "d:\Downloads\Super 30 exmples\student-result-calculator\main.py", line 25, in process_student
    name, student_id = get_student_info()
                       ^^^^^^^^^^^^^^^^
NameError: name 'get_student_info' is not defined
2026-09-08 15:49:01,359 - ERROR - Unexpected error: name 'get_student_info' is not defined
Traceback (most recent call last):
  File "d:\Downloads\Super 30 exmples\student-result-calculator\main.py", line 78, in main
    process_student()
    ~~~~~~~~~~~~~~~^^
  File "d:\Downloads\Super 30 exmples\student-result-calculator\main.py", line 25, in process_student
    name, student_id = get_student_info()
                       ^^^^^^^^^^^^^^^^
NameError: name 'get_student_info' is not defined
2026-09-08 15:49:01,359 - ERROR - Unexpected error: name 'get_student_info' is not defined
Traceback (most recent call last):
  File "d:\Downloads\Super 30 exmples\student-result-calculator\main.py", line 78, in main
    process_student()
    ~~~~~~~~~~~~~~~^^
  File "d:\Downloads\Super 30 exmples\student-result-calculator\main.py", line 25, in process_student
    name, student_id = get_student_info()
                       ^^^^^^^^^^^^^^^^
NameError: name 'get_student_info' is not defined
2026-09-08 15:49:01,360 - ERROR - Unexpected error: name 'get_student_info' is not defined
Traceback (most recent call last):
  File "d:\Downloads\Super 30 exmples\student-result-calculator\main.py", line 78, in main
    process_student()
    ~~~~~~~~~~~~~~~^^
  File "d:\Downloads\Super 30 exmples\student-result-calculator\main.py", line 25, in process_student
    name, student_id = get_student_info()
                       ^^^^^^^^^^^^^^^^
NameError: name 'get_student_info' is not defined
2026-09-08 15:49:01,360 - ERROR - Unexpected error: name 'get_student_info' is not defined
Traceback (most recent call last):
  File "d:\Downloads\Super 30 exmples\student-result-calculator\main.py", line 78, in main
    process_student()
    ~~~~~~~~~~~~~~~^^
  File "d:\Downloads\Super 30 exmples\student-result-calculator\main.py", line 25, in process_student
    name, student_id = get_student_info()
                       ^^^^^^^^^^^^^^^^
NameError: name 'get_student_info' is not defined
2026-09-08 15:49:01,360 - ERROR - Unexpected error: name 'get_student_info' is not defined
Traceback (most recent call last):
  File "d:\Downloads\Super 30 exmples\student-result-calculator\main.py", line 78, in main
    process_student()
    ~~~~~~~~~~~~~~~^^
  File "d:\Downloads\Super 30 exmples\student-result-calculator\main.py", line 25, in process_student
    name, student_id = get_student_info()
                       ^^^^^^^^^^^^^^^^
NameError: name 'get_student_info' is not defined
2026-09-08 15:49:01,361 - ERROR - Unexpected error: name 'get_student_info' is not defined
Traceback (most recent call last):
  File "d:\Downloads\Super 30 exmples\student-result-calculator\main.py", line 78, in main
    process_student()
    ~~~~~~~~~~~~~~~^^
  File "d:\Downloads\Super 30 exmples\student-result-calculator\main.py", line 25, in process_student
    name, student_id = get_student_info()
                       ^^^^^^^^^^^^^^^^
NameError: name 'get_student_info' is not defined
2026-09-08 15:49:01,361 - ERROR - Unexpected error: name 'get_student_info' is not defined
Traceback (most recent call last):
  File "d:\Downloads\Super 30 exmples\student-result-calculator\main.py", line 78, in main
    process_student()
    ~~~~~~~~~~~~~~~^^
  File "d:\Downloads\Super 30 exmples\student-result-calculator\main.py", line 25, in process_student
    name, student_id = get_student_info()
                       ^^^^^^^^^^^^^^^^
NameError: name 'get_student_info' is not defined
2026-09-08 15:49:01,362 - ERROR - Unexpected error: name 'get_student_info' is not defined
Traceback (most recent call last):
  File "d:\Downloads\Super 30 exmples\student-result-calculator\main.py", line 78, in main
    process_student()
    ~~~~~~~~~~~~~~~^^
  File "d:\Downloads\Super 30 exmples\student-result-calculator\main.py", line 25, in process_student
    name, student_id = get_student_info()
                       ^^^^^^^^^^^^^^^^
NameError: name 'get_student_info' is not defined
2026-09-08 15:49:01,363 - ERROR - Unexpected error: name 'get_student_info' is not defined
Traceback (most recent call last):
  File "d:\Downloads\Super 30 exmples\student-result-calculator\main.py", line 78, in main
    process_student()
    ~~~~~~~~~~~~~~~^^
  File "d:\Downloads\Super 30 exmples\student-result-calculator\main.py", line 25, in process_student
    name, student_id = get_student_info()
                       ^^^^^^^^^^^^^^^^
NameError: name 'get_student_info' is not defined
2026-09-08 15:49:01,363 - ERROR - Unexpected error: name 'get_student_info' is not defined
Traceback (most recent call last):
  File "d:\Downloads\Super 30 exmples\student-result-calculator\main.py", line 78, in main
    process_student()
    ~~~~~~~~~~~~~~~^^
  File "d:\Downloads\Super 30 exmples\student-result-calculator\main.py", line 25, in process_student
    name, student_id = get_student_info()
                       ^^^^^^^^^^^^^^^^
NameError: name 'get_student_info' is not defined
2026-09-08 15:49:01,364 - ERROR - Unexpected error: name 'get_student_info' is not defined
Traceback (most recent call last):
  File "d:\Downloads\Super 30 exmples\student-result-calculator\main.py", line 78, in main
    process_student()
    ~~~~~~~~~~~~~~~^^
  File "d:\Downloads\Super 30 exmples\student-result-calculator\main.py", line 25, in process_student
    name, student_id = get_student_info()
                       ^^^^^^^^^^^^^^^^
NameError: name 'get_student_info' is not defined
2026-09-08 15:49:01,365 - ERROR - Unexpected error: name 'get_student_info' is not defined
Traceback (most recent call last):
  File "d:\Downloads\Super 30 exmples\student-result-calculator\main.py", line 78, in main
    process_student()
    ~~~~~~~~~~~~~~~^^
  File "d:\Downloads\Super 30 exmples\student-result-calculator\main.py", line 25, in process_student
    name, student_id = get_student_info()
                       ^^^^^^^^^^^^^^^^
NameError: name 'get_student_info' is not defined
2026-09-08 15:49:01,366 - ERROR - Unexpected error: name 'get_student_info' is not defined
Traceback (most recent call last):
  File "d:\Downloads\Super 30 exmples\student-result-calculator\main.py", line 78, in main
    process_student()
    ~~~~~~~~~~~~~~~^^
  File "d:\Downloads\Super 30 exmples\student-result-calculator\main.py", line 25, in process_student
    name, student_id = get_student_info()
                       ^^^^^^^^^^^^^^^^
NameError: name 'get_student_info' is not defined
2026-09-08 15:49:01,367 - ERROR - Unexpected error: name 'get_student_info' is not defined
Traceback (most recent call last):
  File "d:\Downloads\Super 30 exmples\student-result-calculator\main.py", line 78, in main
    process_student()
    ~~~~~~~~~~~~~~~^^
  File "d:\Downloads\Super 30 exmples\student-result-calculator\main.py", line 25, in process_student
    name, student_id = get_student_info()
                       ^^^^^^^^^^^^^^^^
NameError: name 'get_student_info' is not defined
2026-09-08 15:49:01,368 - ERROR - Unexpected error: name 'get_student_info' is not defined
Traceback (most recent call last):
  File "d:\Downloads\Super 30 exmples\student-result-calculator\main.py", line 78, in main
    process_student()
    ~~~~~~~~~~~~~~~^^
  File "d:\Downloads\Super 30 exmples\student-result-calculator\main.py", line 25, in process_student
    name, student_id = get_student_info()
                       ^^^^^^^^^^^^^^^^
NameError: name 'get_student_info' is not defined
2026-09-08 15:49:01,368 - ERROR - Unexpected error: name 'get_student_info' is not defined
Traceback (most recent call last):
  File "d:\Downloads\Super 30 exmples\student-result-calculator\main.py", line 78, in main
    process_student()
    ~~~~~~~~~~~~~~~^^
  File "d:\Downloads\Super 30 exmples\student-result-calculator\main.py", line 25, in process_student
    name, student_id = get_student_info()
                       ^^^^^^^^^^^^^^^^
NameError: name 'get_student_info' is not defined
2026-09-08 15:49:01,369 - ERROR - Unexpected error: name 'get_student_info' is not defined
Traceback (most recent call last):
  File "d:\Downloads\Super 30 exmples\student-result-calculator\main.py", line 78, in main
    process_student()
    ~~~~~~~~~~~~~~~^^
  File "d:\Downloads\Super 30 exmples\student-result-calculator\main.py", line 25, in process_student
    name, student_id = get_student_info()
                       ^^^^^^^^^^^^^^^^
NameError: name 'get_student_info' is not defined
2026-09-08 15:49:01,369 - ERROR - Unexpected error: name 'get_student_info' is not defined
Traceback (most recent call last):
  File "d:\Downloads\Super 30 exmples\student-result-calculator\main.py", line 78, in main
    process_student()
    ~~~~~~~~~~~~~~~^^
  File "d:\Downloads\Super 30 exmples\student-result-calculator\main.py", line 25, in process_student
    name, student_id = get_student_info()
                       ^^^^^^^^^^^^^^^^
NameError: name 'get_student_info' is not defined
2026-09-08 15:49:01,370 - ERROR - Unexpected error: name 'get_student_info' is not defined
Traceback (most recent call last):
  File "d:\Downloads\Super 30 exmples\student-result-calculator\main.py", line 78, in main
    process_student()
    ~~~~~~~~~~~~~~~^^
  File "d:\Downloads\Super 30 exmples\student-result-calculator\main.py", line 25, in process_student
    name, student_id = get_student_info()
                       ^^^^^^^^^^^^^^^^
NameError: name 'get_student_info' is not defined
2026-09-08 15:49:01,370 - ERROR - Unexpected error: name 'get_student_info' is not defined
Traceback (most recent call last):
  File "d:\Downloads\Super 30 exmples\student-result-calculator\main.py", line 78, in main
    process_student()
    ~~~~~~~~~~~~~~~^^
  File "d:\Downloads\Super 30 exmples\student-result-calculator\main.py", line 25, in process_student
    name, student_id = get_student_info()
                       ^^^^^^^^^^^^^^^^
NameError: name 'get_student_info' is not defined
2026-09-08 15:49:01,371 - ERROR - Unexpected error: name 'get_student_info' is not defined
Traceback (most recent call last):
  File "d:\Downloads\Super 30 exmples\student-result-calculator\main.py", line 78, in main
    process_student()
    ~~~~~~~~~~~~~~~^^
  File "d:\Downloads\Super 30 exmples\student-result-calculator\main.py", line 25, in process_student
    name, student_id = get_student_info()
                       ^^^^^^^^^^^^^^^^
NameError: name 'get_student_info' is not defined
2026-09-08 15:49:01,371 - ERROR - Unexpected error: name 'get_student_info' is not defined
Traceback (most recent call last):
  File "d:\Downloads\Super 30 exmples\student-result-calculator\main.py", line 78, in main
    process_student()
    ~~~~~~~~~~~~~~~^^
  File "d:\Downloads\Super 30 exmples\student-result-calculator\main.py", line 25, in process_student
    name, student_id = get_student_info()
                       ^^^^^^^^^^^^^^^^
NameError: name 'get_student_info' is not defined
2026-09-08 15:49:01,372 - ERROR - Unexpected error: name 'get_student_info' is not defined
Traceback (most recent call last):
  File "d:\Downloads\Super 30 exmples\student-result-calculator\main.py", line 78, in main
    process_student()
    ~~~~~~~~~~~~~~~^^
  File "d:\Downloads\Super 30 exmples\student-result-calculator\main.py", line 25, in process_student
    name, student_id = get_student_info()
                       ^^^^^^^^^^^^^^^^
NameError: name 'get_student_info' is not defined
2026-09-08 15:49:01,372 - ERROR - Unexpected error: name 'get_student_info' is not defined
Traceback (most recent call last):
  File "d:\Downloads\Super 30 exmples\student-result-calculator\main.py", line 78, in main
    process_student()
    ~~~~~~~~~~~~~~~^^
  File "d:\Downloads\Super 30 exmples\student-result-calculator\main.py", line 25, in process_student
    name, student_id = get_student_info()
                       ^^^^^^^^^^^^^^^^
NameError: name 'get_student_info' is not defined
2026-09-08 15:49:01,372 - ERROR - Unexpected error: name 'get_student_info' is not defined
Traceback (most recent call last):
  File "d:\Downloads\Super 30 exmples\student-result-calculator\main.py", line 78, in main
    process_student()
    ~~~~~~~~~~~~~~~^^
  File "d:\Downloads\Super 30 exmples\student-result-calculator\main.py", line 25, in process_student
    name, student_id = get_student_info()
                       ^^^^^^^^^^^^^^^^
NameError: name 'get_student_info' is not defined
2026-09-08 15:49:01,373 - ERROR - Unexpected error: name 'get_student_info' is not defined
Traceback (most recent call last):
  File "d:\Downloads\Super 30 exmples\student-result-calculator\main.py", line 78, in main
    process_student()
    ~~~~~~~~~~~~~~~^^
  File "d:\Downloads\Super 30 exmples\student-result-calculator\main.py", line 25, in process_student
    name, student_id = get_student_info()
                       ^^^^^^^^^^^^^^^^
NameError: name 'get_student_info' is not defined
2026-09-08 15:49:01,373 - ERROR - Unexpected error: name 'get_student_info' is not defined
Traceback (most recent call last):
  File "d:\Downloads\Super 30 exmples\student-result-calculator\main.py", line 78, in main
    process_student()
    ~~~~~~~~~~~~~~~^^
  File "d:\Downloads\Super 30 exmples\student-result-calculator\main.py", line 25, in process_student
    name, student_id = get_student_info()
                       ^^^^^^^^^^^^^^^^
NameError: name 'get_student_info' is not defined
2026-09-08 15:49:01,374 - ERROR - Unexpected error: name 'get_student_info' is not defined
Traceback (most recent call last):
  File "d:\Downloads\Super 30 exmples\student-result-calculator\main.py", line 78, in main
    process_student()
    ~~~~~~~~~~~~~~~^^
  File "d:\Downloads\Super 30 exmples\student-result-calculator\main.py", line 25, in process_student
    name, student_id = get_student_info()
                       ^^^^^^^^^^^^^^^^
NameError: name 'get_student_info' is not defined
2026-09-08 15:49:01,374 - ERROR - Unexpected error: name 'get_student_info' is not defined
Traceback (most recent call last):
  File "d:\Downloads\Super 30 exmples\student-result-calculator\main.py", line 78, in main
    process_student()
    ~~~~~~~~~~~~~~~^^
  File "d:\Downloads\Super 30 exmples\student-result-calculator\main.py", line 25, in process_student
    name, student_id = get_student_info()
                       ^^^^^^^^^^^^^^^^
NameError: name 'get_student_info' is not defined
2026-09-08 15:49:01,375 - ERROR - Unexpected error: name 'get_student_info' is not defined
Traceback (most recent call last):
  File "d:\Downloads\Super 30 exmples\student-result-calculator\main.py", line 78, in main
    process_student()
    ~~~~~~~~~~~~~~~^^
  File "d:\Downloads\Super 30 exmples\student-result-calculator\main.py", line 25, in process_student
    name, student_id = get_student_info()
                       ^^^^^^^^^^^^^^^^
NameError: name 'get_student_info' is not defined
2026-09-08 15:49:01,375 - ERROR - Unexpected error: name 'get_student_info' is not defined
Traceback (most recent call last):
  File "d:\Downloads\Super 30 exmples\student-result-calculator\main.py", line 78, in main
    process_student()
    ~~~~~~~~~~~~~~~^^
  File "d:\Downloads\Super 30 exmples\student-result-calculator\main.py", line 25, in process_student
    name, student_id = get_student_info()
                       ^^^^^^^^^^^^^^^^
NameError: name 'get_student_info' is not defined
2026-09-08 15:49:01,376 - ERROR - Unexpected error: name 'get_student_info' is not defined
Traceback (most recent call last):
  File "d:\Downloads\Super 30 exmples\student-result-calculator\main.py", line 78, in main
    process_student()
    ~~~~~~~~~~~~~~~^^
  File "d:\Downloads\Super 30 exmples\student-result-calculator\main.py", line 25, in process_student
    name, student_id = get_student_info()
                       ^^^^^^^^^^^^^^^^
NameError: name 'get_student_info' is not defined
2026-09-08 15:49:01,376 - ERROR - Unexpected error: name 'get_student_info' is not defined
Traceback (most recent call last):
  File "d:\Downloads\Super 30 exmples\student-result-calculator\main.py", line 78, in main
    process_student()
    ~~~~~~~~~~~~~~~^^
  File "d:\Downloads\Super 30 exmples\student-result-calculator\main.py", line 25, in process_student
    name, student_id = get_student_info()
                       ^^^^^^^^^^^^^^^^
NameError: name 'get_student_info' is not defined
2026-09-08 15:49:01,377 - ERROR - Unexpected error: name 'get_student_info' is not defined
Traceback (most recent call last):
  File "d:\Downloads\Super 30 exmples\student-result-calculator\main.py", line 78, in main
    process_student()
    ~~~~~~~~~~~~~~~^^
  File "d:\Downloads\Super 30 exmples\student-result-calculator\main.py", line 25, in process_student
    name, student_id = get_student_info()
                       ^^^^^^^^^^^^^^^^
NameError: name 'get_student_info' is not defined
2026-09-08 15:49:01,377 - ERROR - Unexpected error: name 'get_student_info' is not defined
Traceback (most recent call last):
  File "d:\Downloads\Super 30 exmples\student-result-calculator\main.py", line 78, in main
    process_student()
    ~~~~~~~~~~~~~~~^^
  File "d:\Downloads\Super 30 exmples\student-result-calculator\main.py", line 25, in process_student
    name, student_id = get_student_info()
                       ^^^^^^^^^^^^^^^^
NameError: name 'get_student_info' is not defined
2026-09-08 15:49:01,378 - ERROR - Unexpected error: name 'get_student_info' is not defined
Traceback (most recent call last):
  File "d:\Downloads\Super 30 exmples\student-result-calculator\main.py", line 78, in main
    process_student()
    ~~~~~~~~~~~~~~~^^
  File "d:\Downloads\Super 30 exmples\student-result-calculator\main.py", line 25, in process_student
    name, student_id = get_student_info()
                       ^^^^^^^^^^^^^^^^
NameError: name 'get_student_info' is not defined
2026-09-08 15:49:01,378 - ERROR - Unexpected error: name 'get_student_info' is not defined
Traceback (most recent call last):
  File "d:\Downloads\Super 30 exmples\student-result-calculator\main.py", line 78, in main
    process_student()
    ~~~~~~~~~~~~~~~^^
  File "d:\Downloads\Super 30 exmples\student-result-calculator\main.py", line 25, in process_student
    name, student_id = get_student_info()
                       ^^^^^^^^^^^^^^^^
NameError: name 'get_student_info' is not defined
2026-09-08 15:49:01,379 - ERROR - Unexpected error: name 'get_student_info' is not defined
Traceback (most recent call last):
  File "d:\Downloads\Super 30 exmples\student-result-calculator\main.py", line 78, in main
    process_student()
    ~~~~~~~~~~~~~~~^^
  File "d:\Downloads\Super 30 exmples\student-result-calculator\main.py", line 25, in process_student
    name, student_id = get_student_info()
                       ^^^^^^^^^^^^^^^^
NameError: name 'get_student_info' is not defined
2026-09-08 15:49:01,379 - ERROR - Unexpected error: name 'get_student_info' is not defined
Traceback (most recent call last):
  File "d:\Downloads\Super 30 exmples\student-result-calculator\main.py", line 78, in main
    process_student()
    ~~~~~~~~~~~~~~~^^
  File "d:\Downloads\Super 30 exmples\student-result-calculator\main.py", line 25, in process_student
    name, student_id = get_student_info()
                       ^^^^^^^^^^^^^^^^
NameError: name 'get_student_info' is not defined
2026-09-08 15:49:01,380 - ERROR - Unexpected error: name 'get_student_info' is not defined
Traceback (most recent call last):
  File "d:\Downloads\Super 30 exmples\student-result-calculator\main.py", line 78, in main
    process_student()
    ~~~~~~~~~~~~~~~^^
  File "d:\Downloads\Super 30 exmples\student-result-calculator\main.py", line 25, in process_student
    name, student_id = get_student_info()
                       ^^^^^^^^^^^^^^^^
NameError: name 'get_student_info' is not defined
2026-09-08 15:49:01,381 - ERROR - Unexpected error: name 'get_student_info' is not defined
Traceback (most recent call last):
  File "d:\Downloads\Super 30 exmples\student-result-calculator\main.py", line 78, in main
    process_student()
    ~~~~~~~~~~~~~~~^^
  File "d:\Downloads\Super 30 exmples\student-result-calculator\main.py", line 25, in process_student
    name, student_id = get_student_info()
                       ^^^^^^^^^^^^^^^^
NameError: name 'get_student_info' is not defined
2026-09-08 15:49:01,382 - ERROR - Unexpected error: name 'get_student_info' is not defined
Traceback (most recent call last):
  File "d:\Downloads\Super 30 exmples\student-result-calculator\main.py", line 78, in main
    process_student()
    ~~~~~~~~~~~~~~~^^
  File "d:\Downloads\Super 30 exmples\student-result-calculator\main.py", line 25, in process_student
    name, student_id = get_student_info()
                       ^^^^^^^^^^^^^^^^
NameError: name 'get_student_info' is not defined
2026-09-08 15:49:01,383 - ERROR - Unexpected error: name 'get_student_info' is not defined
Traceback (most recent call last):
  File "d:\Downloads\Super 30 exmples\student-result-calculator\main.py", line 78, in main
    process_student()
    ~~~~~~~~~~~~~~~^^
  File "d:\Downloads\Super 30 exmples\student-result-calculator\main.py", line 25, in process_student
    name, student_id = get_student_info()
                       ^^^^^^^^^^^^^^^^
NameError: name 'get_student_info' is not defined
2026-09-08 15:49:01,383 - ERROR - Unexpected error: name 'get_student_info' is not defined
Traceback (most recent call last):
  File "d:\Downloads\Super 30 exmples\student-result-calculator\main.py", line 78, in main
    process_student()
    ~~~~~~~~~~~~~~~^^
  File "d:\Downloads\Super 30 exmples\student-result-calculator\main.py", line 25, in process_student
    name, student_id = get_student_info()
                       ^^^^^^^^^^^^^^^^
NameError: name 'get_student_info' is not defined
2026-09-08 15:49:01,384 - ERROR - Unexpected error: name 'get_student_info' is not defined
Traceback (most recent call last):
  File "d:\Downloads\Super 30 exmples\student-result-calculator\main.py", line 78, in main
    process_student()
    ~~~~~~~~~~~~~~~^^
  File "d:\Downloads\Super 30 exmples\student-result-calculator\main.py", line 25, in process_student
    name, student_id = get_student_info()
                       ^^^^^^^^^^^^^^^^
NameError: name 'get_student_info' is not defined
2026-09-08 15:49:01,384 - ERROR - Unexpected error: name 'get_student_info' is not defined
Traceback (most recent call last):
  File "d:\Downloads\Super 30 exmples\student-result-calculator\main.py", line 78, in main
    process_student()
    ~~~~~~~~~~~~~~~^^
  File "d:\Downloads\Super 30 exmples\student-result-calculator\main.py", line 25, in process_student
    name, student_id = get_student_info()
                       ^^^^^^^^^^^^^^^^
NameError: name 'get_student_info' is not defined
2026-09-08 15:49:01,385 - ERROR - Unexpected error: name 'get_student_info' is not defined
Traceback (most recent call last):
  File "d:\Downloads\Super 30 exmples\student-result-calculator\main.py", line 78, in main
    process_student()
    ~~~~~~~~~~~~~~~^^
  File "d:\Downloads\Super 30 exmples\student-result-calculator\main.py", line 25, in process_student
    name, student_id = get_student_info()
                       ^^^^^^^^^^^^^^^^
NameError: name 'get_student_info' is not defined
2026-09-08 15:49:01,385 - ERROR - Unexpected error: name 'get_student_info' is not defined
Traceback (most recent call last):
  File "d:\Downloads\Super 30 exmples\student-result-calculator\main.py", line 78, in main
    process_student()
    ~~~~~~~~~~~~~~~^^
  File "d:\Downloads\Super 30 exmples\student-result-calculator\main.py", line 25, in process_student
    name, student_id = get_student_info()
                       ^^^^^^^^^^^^^^^^
NameError: name 'get_student_info' is not defined
2026-09-08 15:49:01,386 - ERROR - Unexpected error: name 'get_student_info' is not defined
Traceback (most recent call last):
  File "d:\Downloads\Super 30 exmples\student-result-calculator\main.py", line 78, in main
    process_student()
    ~~~~~~~~~~~~~~~^^
  File "d:\Downloads\Super 30 exmples\student-result-calculator\main.py", line 25, in process_student
    name, student_id = get_student_info()
                       ^^^^^^^^^^^^^^^^
NameError: name 'get_student_info' is not defined
2026-09-08 15:49:01,386 - ERROR - Unexpected error: name 'get_student_info' is not defined
Traceback (most recent call last):
  File "d:\Downloads\Super 30 exmples\student-result-calculator\main.py", line 78, in main
    process_student()
    ~~~~~~~~~~~~~~~^^
  File "d:\Downloads\Super 30 exmples\student-result-calculator\main.py", line 25, in process_student
    name, student_id = get_student_info()
                       ^^^^^^^^^^^^^^^^
NameError: name 'get_student_info' is not defined
2026-09-08 15:49:01,387 - ERROR - Unexpected error: name 'get_student_info' is not defined
Traceback (most recent call last):
  File "d:\Downloads\Super 30 exmples\student-result-calculator\main.py", line 78, in main
    process_student()
    ~~~~~~~~~~~~~~~^^
  File "d:\Downloads\Super 30 exmples\student-result-calculator\main.py", line 25, in process_student
    name, student_id = get_student_info()
                       ^^^^^^^^^^^^^^^^
NameError: name 'get_student_info' is not defined
2026-09-08 15:49:01,387 - ERROR - Unexpected error: name 'get_student_info' is not defined
Traceback (most recent call last):
  File "d:\Downloads\Super 30 exmples\student-result-calculator\main.py", line 78, in main
    process_student()
    ~~~~~~~~~~~~~~~^^
  File "d:\Downloads\Super 30 exmples\student-result-calculator\main.py", line 25, in process_student
    name, student_id = get_student_info()
                       ^^^^^^^^^^^^^^^^
NameError: name 'get_student_info' is not defined
2026-09-08 15:49:01,388 - ERROR - Unexpected error: name 'get_student_info' is not defined
Traceback (most recent call last):
  File "d:\Downloads\Super 30 exmples\student-result-calculator\main.py", line 78, in main
    process_student()
    ~~~~~~~~~~~~~~~^^
  File "d:\Downloads\Super 30 exmples\student-result-calculator\main.py", line 25, in process_student
    name, student_id = get_student_info()
                       ^^^^^^^^^^^^^^^^
NameError: name 'get_student_info' is not defined
2026-09-08 15:49:01,388 - ERROR - Unexpected error: name 'get_student_info' is not defined
Traceback (most recent call last):
  File "d:\Downloads\Super 30 exmples\student-result-calculator\main.py", line 78, in main
    process_student()
    ~~~~~~~~~~~~~~~^^
  File "d:\Downloads\Super 30 exmples\student-result-calculator\main.py", line 25, in process_student
    name, student_id = get_student_info()
                       ^^^^^^^^^^^^^^^^
NameError: name 'get_student_info' is not defined
2026-09-08 15:49:01,389 - ERROR - Unexpected error: name 'get_student_info' is not defined
Traceback (most recent call last):
  File "d:\Downloads\Super 30 exmples\student-result-calculator\main.py", line 78, in main
    process_student()
    ~~~~~~~~~~~~~~~^^
  File "d:\Downloads\Super 30 exmples\student-result-calculator\main.py", line 25, in process_student
    name, student_id = get_student_info()
                       ^^^^^^^^^^^^^^^^
NameError: name 'get_student_info' is not defined
2026-09-08 15:49:01,389 - ERROR - Unexpected error: name 'get_student_info' is not defined
Traceback (most recent call last):
  File "d:\Downloads\Super 30 exmples\student-result-calculator\main.py", line 78, in main
    process_student()
    ~~~~~~~~~~~~~~~^^
  File "d:\Downloads\Super 30 exmples\student-result-calculator\main.py", line 25, in process_student
    name, student_id = get_student_info()
                       ^^^^^^^^^^^^^^^^
NameError: name 'get_student_info' is not defined
2026-09-08 15:49:01,390 - ERROR - Unexpected error: name 'get_student_info' is not defined
Traceback (most recent call last):
  File "d:\Downloads\Super 30 exmples\student-result-calculator\main.py", line 78, in main
    process_student()
    ~~~~~~~~~~~~~~~^^
  File "d:\Downloads\Super 30 exmples\student-result-calculator\main.py", line 25, in process_student
    name, student_id = get_student_info()
                       ^^^^^^^^^^^^^^^^
NameError: name 'get_student_info' is not defined
2026-09-08 15:49:01,390 - ERROR - Unexpected error: name 'get_student_info' is not defined
Traceback (most recent call last):
  File "d:\Downloads\Super 30 exmples\student-result-calculator\main.py", line 78, in main
    process_student()
    ~~~~~~~~~~~~~~~^^
  File "d:\Downloads\Super 30 exmples\student-result-calculator\main.py", line 25, in process_student
    name, student_id = get_student_info()
                       ^^^^^^^^^^^^^^^^
NameError: name 'get_student_info' is not defined
2026-09-08 15:49:01,391 - ERROR - Unexpected error: name 'get_student_info' is not defined
Traceback (most recent call last):
  File "d:\Downloads\Super 30 exmples\student-result-calculator\main.py", line 78, in main
    process_student()
    ~~~~~~~~~~~~~~~^^
  File "d:\Downloads\Super 30 exmples\student-result-calculator\main.py", line 25, in process_student
    name, student_id = get_student_info()
                       ^^^^^^^^^^^^^^^^
NameError: name 'get_student_info' is not defined
2026-09-08 15:49:01,392 - ERROR - Unexpected error: name 'get_student_info' is not defined
Traceback (most recent call last):
  File "d:\Downloads\Super 30 exmples\student-result-calculator\main.py", line 78, in main
    process_student()
    ~~~~~~~~~~~~~~~^^
  File "d:\Downloads\Super 30 exmples\student-result-calculator\main.py", line 25, in process_student
    name, student_id = get_student_info()
                       ^^^^^^^^^^^^^^^^
NameError: name 'get_student_info' is not defined
2026-09-08 15:49:01,393 - ERROR - Unexpected error: name 'get_student_info' is not defined
Traceback (most recent call last):
  File "d:\Downloads\Super 30 exmples\student-result-calculator\main.py", line 78, in main
    process_student()
    ~~~~~~~~~~~~~~~^^
  File "d:\Downloads\Super 30 exmples\student-result-calculator\main.py", line 25, in process_student
    name, student_id = get_student_info()
                       ^^^^^^^^^^^^^^^^
NameError: name 'get_student_info' is not defined
2026-09-08 15:49:01,402 - ERROR - Unexpected error: name 'get_student_info' is not defined
Traceback (most recent call last):
  File "d:\Downloads\Super 30 exmples\student-result-calculator\main.py", line 78, in main
    process_student()
    ~~~~~~~~~~~~~~~^^
  File "d:\Downloads\Super 30 exmples\student-result-calculator\main.py", line 25, in process_student
    name, student_id = get_student_info()
                       ^^^^^^^^^^^^^^^^
NameError: name 'get_student_info' is not defined
2026-09-08 15:49:01,403 - ERROR - Unexpected error: name 'get_student_info' is not defined
Traceback (most recent call last):
  File "d:\Downloads\Super 30 exmples\student-result-calculator\main.py", line 78, in main
    process_student()
    ~~~~~~~~~~~~~~~^^
  File "d:\Downloads\Super 30 exmples\student-result-calculator\main.py", line 25, in process_student
    name, student_id = get_student_info()
                       ^^^^^^^^^^^^^^^^
NameError: name 'get_student_info' is not defined
2026-09-08 15:49:01,404 - ERROR - Unexpected error: name 'get_student_info' is not defined
Traceback (most recent call last):
  File "d:\Downloads\Super 30 exmples\student-result-calculator\main.py", line 78, in main
    process_student()
    ~~~~~~~~~~~~~~~^^
  File "d:\Downloads\Super 30 exmples\student-result-calculator\main.py", line 25, in process_student
    name, student_id = get_student_info()
                       ^^^^^^^^^^^^^^^^
NameError: name 'get_student_info' is not defined
2026-09-08 15:49:01,404 - ERROR - Unexpected error: name 'get_student_info' is not defined
Traceback (most recent call last):
  File "d:\Downloads\Super 30 exmples\student-result-calculator\main.py", line 78, in main
    process_student()
    ~~~~~~~~~~~~~~~^^
  File "d:\Downloads\Super 30 exmples\student-result-calculator\main.py", line 25, in process_student
    name, student_id = get_student_info()
                       ^^^^^^^^^^^^^^^^
NameError: name 'get_student_info' is not defined
2026-09-08 15:49:01,405 - ERROR - Unexpected error: name 'get_student_info' is not defined
Traceback (most recent call last):
  File "d:\Downloads\Super 30 exmples\student-result-calculator\main.py", line 78, in main
    process_student()
    ~~~~~~~~~~~~~~~^^
  File "d:\Downloads\Super 30 exmples\student-result-calculator\main.py", line 25, in process_student
    name, student_id = get_student_info()
                       ^^^^^^^^^^^^^^^^
NameError: name 'get_student_info' is not defined
2026-09-08 15:49:01,406 - ERROR - Unexpected error: name 'get_student_info' is not defined
Traceback (most recent call last):
  File "d:\Downloads\Super 30 exmples\student-result-calculator\main.py", line 78, in main
    process_student()
    ~~~~~~~~~~~~~~~^^
  File "d:\Downloads\Super 30 exmples\student-result-calculator\main.py", line 25, in process_student
    name, student_id = get_student_info()
                       ^^^^^^^^^^^^^^^^
NameError: name 'get_student_info' is not defined
2026-09-08 15:49:01,407 - ERROR - Unexpected error: name 'get_student_info' is not defined
Traceback (most recent call last):
  File "d:\Downloads\Super 30 exmples\student-result-calculator\main.py", line 78, in main
    process_student()
    ~~~~~~~~~~~~~~~^^
  File "d:\Downloads\Super 30 exmples\student-result-calculator\main.py", line 25, in process_student
    name, student_id = get_student_info()
                       ^^^^^^^^^^^^^^^^
NameError: name 'get_student_info' is not defined
2026-09-08 15:49:01,409 - ERROR - Unexpected error: name 'get_student_info' is not defined
Traceback (most recent call last):
  File "d:\Downloads\Super 30 exmples\student-result-calculator\main.py", line 78, in main
    process_student()
    ~~~~~~~~~~~~~~~^^
  File "d:\Downloads\Super 30 exmples\student-result-calculator\main.py", line 25, in process_student
    name, student_id = get_student_info()
                       ^^^^^^^^^^^^^^^^
NameError: name 'get_student_info' is not defined
2026-09-08 15:49:01,410 - ERROR - Unexpected error: name 'get_student_info' is not defined
Traceback (most recent call last):
  File "d:\Downloads\Super 30 exmples\student-result-calculator\main.py", line 78, in main
    process_student()
    ~~~~~~~~~~~~~~~^^
  File "d:\Downloads\Super 30 exmples\student-result-calculator\main.py", line 25, in process_student
    name, student_id = get_student_info()
                       ^^^^^^^^^^^^^^^^
NameError: name 'get_student_info' is not defined
2026-09-08 15:49:01,411 - ERROR - Unexpected error: name 'get_student_info' is not defined
Traceback (most recent call last):
  File "d:\Downloads\Super 30 exmples\student-result-calculator\main.py", line 78, in main
    process_student()
    ~~~~~~~~~~~~~~~^^
  File "d:\Downloads\Super 30 exmples\student-result-calculator\main.py", line 25, in process_student
    name, student_id = get_student_info()
                       ^^^^^^^^^^^^^^^^
NameError: name 'get_student_info' is not defined
2026-09-08 15:49:01,419 - ERROR - Unexpected error: name 'get_student_info' is not defined
Traceback (most recent call last):
  File "d:\Downloads\Super 30 exmples\student-result-calculator\main.py", line 78, in main
    process_student()
    ~~~~~~~~~~~~~~~^^
  File "d:\Downloads\Super 30 exmples\student-result-calculator\main.py", line 25, in process_student
    name, student_id = get_student_info()
                       ^^^^^^^^^^^^^^^^
NameError: name 'get_student_info' is not defined
2026-09-08 15:49:01,420 - ERROR - Unexpected error: name 'get_student_info' is not defined
Traceback (most recent call last):
  File "d:\Downloads\Super 30 exmples\student-result-calculator\main.py", line 78, in main
    process_student()
    ~~~~~~~~~~~~~~~^^
  File "d:\Downloads\Super 30 exmples\student-result-calculator\main.py", line 25, in process_student
    name, student_id = get_student_info()
                       ^^^^^^^^^^^^^^^^
NameError: name 'get_student_info' is not defined
2026-09-08 15:49:01,421 - ERROR - Unexpected error: name 'get_student_info' is not defined
Traceback (most recent call last):
  File "d:\Downloads\Super 30 exmples\student-result-calculator\main.py", line 78, in main
    process_student()
    ~~~~~~~~~~~~~~~^^
  File "d:\Downloads\Super 30 exmples\student-result-calculator\main.py", line 25, in process_student
    name, student_id = get_student_info()
                       ^^^^^^^^^^^^^^^^
NameError: name 'get_student_info' is not defined
2026-09-08 15:49:01,421 - ERROR - Unexpected error: name 'get_student_info' is not defined
Traceback (most recent call last):
  File "d:\Downloads\Super 30 exmples\student-result-calculator\main.py", line 78, in main
    process_student()
    ~~~~~~~~~~~~~~~^^
  File "d:\Downloads\Super 30 exmples\student-result-calculator\main.py", line 25, in process_student
    name, student_id = get_student_info()
                       ^^^^^^^^^^^^^^^^
NameError: name 'get_student_info' is not defined
2026-09-08 15:49:01,422 - ERROR - Unexpected error: name 'get_student_info' is not defined
Traceback (most recent call last):
  File "d:\Downloads\Super 30 exmples\student-result-calculator\main.py", line 78, in main
    process_student()
    ~~~~~~~~~~~~~~~^^
  File "d:\Downloads\Super 30 exmples\student-result-calculator\main.py", line 25, in process_student
    name, student_id = get_student_info()
                       ^^^^^^^^^^^^^^^^
NameError: name 'get_student_info' is not defined
2026-09-08 15:49:01,423 - ERROR - Unexpected error: name 'get_student_info' is not defined
Traceback (most recent call last):
  File "d:\Downloads\Super 30 exmples\student-result-calculator\main.py", line 78, in main
    process_student()
    ~~~~~~~~~~~~~~~^^
  File "d:\Downloads\Super 30 exmples\student-result-calculator\main.py", line 25, in process_student
    name, student_id = get_student_info()
                       ^^^^^^^^^^^^^^^^
NameError: name 'get_student_info' is not defined
2026-09-08 15:49:01,423 - ERROR - Unexpected error: name 'get_student_info' is not defined
Traceback (most recent call last):
  File "d:\Downloads\Super 30 exmples\student-result-calculator\main.py", line 78, in main
    process_student()
    ~~~~~~~~~~~~~~~^^
  File "d:\Downloads\Super 30 exmples\student-result-calculator\main.py", line 25, in process_student
    name, student_id = get_student_info()
                       ^^^^^^^^^^^^^^^^
NameError: name 'get_student_info' is not defined
2026-09-08 15:49:01,425 - ERROR - Unexpected error: name 'get_student_info' is not defined
Traceback (most recent call last):
  File "d:\Downloads\Super 30 exmples\student-result-calculator\main.py", line 78, in main
    process_student()
    ~~~~~~~~~~~~~~~^^
  File "d:\Downloads\Super 30 exmples\student-result-calculator\main.py", line 25, in process_student
    name, student_id = get_student_info()
                       ^^^^^^^^^^^^^^^^
NameError: name 'get_student_info' is not defined
2026-09-08 15:49:01,425 - ERROR - Unexpected error: name 'get_student_info' is not defined
Traceback (most recent call last):
  File "d:\Downloads\Super 30 exmples\student-result-calculator\main.py", line 78, in main
    process_student()
    ~~~~~~~~~~~~~~~^^
  File "d:\Downloads\Super 30 exmples\student-result-calculator\main.py", line 25, in process_student
    name, student_id = get_student_info()
                       ^^^^^^^^^^^^^^^^
NameError: name 'get_student_info' is not defined
2026-09-08 15:49:01,426 - ERROR - Unexpected error: name 'get_student_info' is not defined
Traceback (most recent call last):
  File "d:\Downloads\Super 30 exmples\student-result-calculator\main.py", line 78, in main
    process_student()
    ~~~~~~~~~~~~~~~^^
  File "d:\Downloads\Super 30 exmples\student-result-calculator\main.py", line 25, in process_student
    name, student_id = get_student_info()
                       ^^^^^^^^^^^^^^^^
NameError: name 'get_student_info' is not defined
2026-09-08 15:49:01,451 - ERROR - Unexpected error: name 'get_student_info' is not defined
Traceback (most recent call last):
  File "d:\Downloads\Super 30 exmples\student-result-calculator\main.py", line 78, in main
    process_student()
    ~~~~~~~~~~~~~~~^^
  File "d:\Downloads\Super 30 exmples\student-result-calculator\main.py", line 25, in process_student
    name, student_id = get_student_info()
                       ^^^^^^^^^^^^^^^^
NameError: name 'get_student_info' is not defined
2026-09-08 15:49:01,452 - ERROR - Unexpected error: name 'get_student_info' is not defined
Traceback (most recent call last):
  File "d:\Downloads\Super 30 exmples\student-result-calculator\main.py", line 78, in main
    process_student()
    ~~~~~~~~~~~~~~~^^
  File "d:\Downloads\Super 30 exmples\student-result-calculator\main.py", line 25, in process_student
    name, student_id = get_student_info()
                       ^^^^^^^^^^^^^^^^
NameError: name 'get_student_info' is not defined
2026-09-08 15:49:01,453 - ERROR - Unexpected error: name 'get_student_info' is not defined
Traceback (most recent call last):
  File "d:\Downloads\Super 30 exmples\student-result-calculator\main.py", line 78, in main
    process_student()
    ~~~~~~~~~~~~~~~^^
  File "d:\Downloads\Super 30 exmples\student-result-calculator\main.py", line 25, in process_student
    name, student_id = get_student_info()
                       ^^^^^^^^^^^^^^^^
NameError: name 'get_student_info' is not defined
2026-09-08 15:49:01,454 - ERROR - Unexpected error: name 'get_student_info' is not defined
Traceback (most recent call last):
  File "d:\Downloads\Super 30 exmples\student-result-calculator\main.py", line 78, in main
    process_student()
    ~~~~~~~~~~~~~~~^^
  File "d:\Downloads\Super 30 exmples\student-result-calculator\main.py", line 25, in process_student
    name, student_id = get_student_info()
                       ^^^^^^^^^^^^^^^^
NameError: name 'get_student_info' is not defined
2026-09-08 15:49:01,454 - ERROR - Unexpected error: name 'get_student_info' is not defined
Traceback (most recent call last):
  File "d:\Downloads\Super 30 exmples\student-result-calculator\main.py", line 78, in main
    process_student()
    ~~~~~~~~~~~~~~~^^
  File "d:\Downloads\Super 30 exmples\student-result-calculator\main.py", line 25, in process_student
    name, student_id = get_student_info()
                       ^^^^^^^^^^^^^^^^
NameError: name 'get_student_info' is not defined
2026-09-08 15:49:01,455 - ERROR - Unexpected error: name 'get_student_info' is not defined
Traceback (most recent call last):
  File "d:\Downloads\Super 30 exmples\student-result-calculator\main.py", line 78, in main
    process_student()
    ~~~~~~~~~~~~~~~^^
  File "d:\Downloads\Super 30 exmples\student-result-calculator\main.py", line 25, in process_student
    name, student_id = get_student_info()
                       ^^^^^^^^^^^^^^^^
NameError: name 'get_student_info' is not defined
2026-09-08 15:49:01,455 - ERROR - Unexpected error: name 'get_student_info' is not defined
Traceback (most recent call last):
  File "d:\Downloads\Super 30 exmples\student-result-calculator\main.py", line 78, in main
    process_student()
    ~~~~~~~~~~~~~~~^^
  File "d:\Downloads\Super 30 exmples\student-result-calculator\main.py", line 25, in process_student
    name, student_id = get_student_info()
                       ^^^^^^^^^^^^^^^^
NameError: name 'get_student_info' is not defined
2026-09-08 15:49:01,456 - ERROR - Unexpected error: name 'get_student_info' is not defined
Traceback (most recent call last):
  File "d:\Downloads\Super 30 exmples\student-result-calculator\main.py", line 78, in main
    process_student()
    ~~~~~~~~~~~~~~~^^
  File "d:\Downloads\Super 30 exmples\student-result-calculator\main.py", line 25, in process_student
    name, student_id = get_student_info()
                       ^^^^^^^^^^^^^^^^
NameError: name 'get_student_info' is not defined
2026-09-08 15:49:01,456 - ERROR - Unexpected error: name 'get_student_info' is not defined
Traceback (most recent call last):
  File "d:\Downloads\Super 30 exmples\student-result-calculator\main.py", line 78, in main
    process_student()
    ~~~~~~~~~~~~~~~^^
  File "d:\Downloads\Super 30 exmples\student-result-calculator\main.py", line 25, in process_student
    name, student_id = get_student_info()
                       ^^^^^^^^^^^^^^^^
NameError: name 'get_student_info' is not defined
2026-09-08 15:49:01,457 - ERROR - Unexpected error: name 'get_student_info' is not defined
Traceback (most recent call last):
  File "d:\Downloads\Super 30 exmples\student-result-calculator\main.py", line 78, in main
    process_student()
    ~~~~~~~~~~~~~~~^^
  File "d:\Downloads\Super 30 exmples\student-result-calculator\main.py", line 25, in process_student
    name, student_id = get_student_info()
                       ^^^^^^^^^^^^^^^^
NameError: name 'get_student_info' is not defined
2026-09-08 15:49:01,458 - ERROR - Unexpected error: name 'get_student_info' is not defined
Traceback (most recent call last):
  File "d:\Downloads\Super 30 exmples\student-result-calculator\main.py", line 78, in main
    process_student()
    ~~~~~~~~~~~~~~~^^
  File "d:\Downloads\Super 30 exmples\student-result-calculator\main.py", line 25, in process_student
    name, student_id = get_student_info()
                       ^^^^^^^^^^^^^^^^
NameError: name 'get_student_info' is not defined
2026-09-08 15:49:01,458 - ERROR - Unexpected error: name 'get_student_info' is not defined
Traceback (most recent call last):
  File "d:\Downloads\Super 30 exmples\student-result-calculator\main.py", line 78, in main
    process_student()
    ~~~~~~~~~~~~~~~^^
  File "d:\Downloads\Super 30 exmples\student-result-calculator\main.py", line 25, in process_student
    name, student_id = get_student_info()
                       ^^^^^^^^^^^^^^^^
NameError: name 'get_student_info' is not defined
2026-09-08 15:49:01,459 - ERROR - Unexpected error: name 'get_student_info' is not defined
Traceback (most recent call last):
  File "d:\Downloads\Super 30 exmples\student-result-calculator\main.py", line 78, in main
    process_student()
    ~~~~~~~~~~~~~~~^^
  File "d:\Downloads\Super 30 exmples\student-result-calculator\main.py", line 25, in process_student
    name, student_id = get_student_info()
                       ^^^^^^^^^^^^^^^^
NameError: name 'get_student_info' is not defined
2026-09-08 15:49:01,459 - ERROR - Unexpected error: name 'get_student_info' is not defined
Traceback (most recent call last):
  File "d:\Downloads\Super 30 exmples\student-result-calculator\main.py", line 78, in main
    process_student()
    ~~~~~~~~~~~~~~~^^
  File "d:\Downloads\Super 30 exmples\student-result-calculator\main.py", line 25, in process_student
    name, student_id = get_student_info()
                       ^^^^^^^^^^^^^^^^
NameError: name 'get_student_info' is not defined
2026-09-08 15:49:01,460 - ERROR - Unexpected error: name 'get_student_info' is not defined
Traceback (most recent call last):
  File "d:\Downloads\Super 30 exmples\student-result-calculator\main.py", line 78, in main
    process_student()
    ~~~~~~~~~~~~~~~^^
  File "d:\Downloads\Super 30 exmples\student-result-calculator\main.py", line 25, in process_student
    name, student_id = get_student_info()
                       ^^^^^^^^^^^^^^^^
NameError: name 'get_student_info' is not defined
2026-09-08 15:49:01,460 - ERROR - Unexpected error: name 'get_student_info' is not defined
Traceback (most recent call last):
  File "d:\Downloads\Super 30 exmples\student-result-calculator\main.py", line 78, in main
    process_student()
    ~~~~~~~~~~~~~~~^^
  File "d:\Downloads\Super 30 exmples\student-result-calculator\main.py", line 25, in process_student
    name, student_id = get_student_info()
                       ^^^^^^^^^^^^^^^^
NameError: name 'get_student_info' is not defined
2026-09-08 15:49:01,461 - ERROR - Unexpected error: name 'get_student_info' is not defined
Traceback (most recent call last):
  File "d:\Downloads\Super 30 exmples\student-result-calculator\main.py", line 78, in main
    process_student()
    ~~~~~~~~~~~~~~~^^
  File "d:\Downloads\Super 30 exmples\student-result-calculator\main.py", line 25, in process_student
    name, student_id = get_student_info()
                       ^^^^^^^^^^^^^^^^
NameError: name 'get_student_info' is not defined
2026-09-08 15:49:01,462 - ERROR - Unexpected error: name 'get_student_info' is not defined
Traceback (most recent call last):
  File "d:\Downloads\Super 30 exmples\student-result-calculator\main.py", line 78, in main
    process_student()
    ~~~~~~~~~~~~~~~^^
  File "d:\Downloads\Super 30 exmples\student-result-calculator\main.py", line 25, in process_student
    name, student_id = get_student_info()
                       ^^^^^^^^^^^^^^^^
NameError: name 'get_student_info' is not defined
2026-09-08 15:49:01,463 - ERROR - Unexpected error: name 'get_student_info' is not defined
Traceback (most recent call last):
  File "d:\Downloads\Super 30 exmples\student-result-calculator\main.py", line 78, in main
    process_student()
    ~~~~~~~~~~~~~~~^^
  File "d:\Downloads\Super 30 exmples\student-result-calculator\main.py", line 25, in process_student
    name, student_id = get_student_info()
                       ^^^^^^^^^^^^^^^^
NameError: name 'get_student_info' is not defined
2026-09-08 15:49:01,469 - ERROR - Unexpected error: name 'get_student_info' is not defined
Traceback (most recent call last):
  File "d:\Downloads\Super 30 exmples\student-result-calculator\main.py", line 78, in main
    process_student()
    ~~~~~~~~~~~~~~~^^
  File "d:\Downloads\Super 30 exmples\student-result-calculator\main.py", line 25, in process_student
    name, student_id = get_student_info()
                       ^^^^^^^^^^^^^^^^
NameError: name 'get_student_info' is not defined
2026-09-08 15:49:01,472 - ERROR - Unexpected error: name 'get_student_info' is not defined
Traceback (most recent call last):
  File "d:\Downloads\Super 30 exmples\student-result-calculator\main.py", line 78, in main
    process_student()
    ~~~~~~~~~~~~~~~^^
  File "d:\Downloads\Super 30 exmples\student-result-calculator\main.py", line 25, in process_student
    name, student_id = get_student_info()
                       ^^^^^^^^^^^^^^^^
NameError: name 'get_student_info' is not defined
2026-09-08 15:49:01,473 - ERROR - Unexpected error: name 'get_student_info' is not defined
Traceback (most recent call last):
  File "d:\Downloads\Super 30 exmples\student-result-calculator\main.py", line 78, in main
    process_student()
    ~~~~~~~~~~~~~~~^^
  File "d:\Downloads\Super 30 exmples\student-result-calculator\main.py", line 25, in process_student
    name, student_id = get_student_info()
                       ^^^^^^^^^^^^^^^^
NameError: name 'get_student_info' is not defined
2026-09-08 15:49:01,474 - ERROR - Unexpected error: name 'get_student_info' is not defined
Traceback (most recent call last):
  File "d:\Downloads\Super 30 exmples\student-result-calculator\main.py", line 78, in main
    process_student()
    ~~~~~~~~~~~~~~~^^
  File "d:\Downloads\Super 30 exmples\student-result-calculator\main.py", line 25, in process_student
    name, student_id = get_student_info()
                       ^^^^^^^^^^^^^^^^
NameError: name 'get_student_info' is not defined
2026-09-08 15:49:01,475 - ERROR - Unexpected error: name 'get_student_info' is not defined
Traceback (most recent call last):
  File "d:\Downloads\Super 30 exmples\student-result-calculator\main.py", line 78, in main
    process_student()
    ~~~~~~~~~~~~~~~^^
  File "d:\Downloads\Super 30 exmples\student-result-calculator\main.py", line 25, in process_student
    name, student_id = get_student_info()
                       ^^^^^^^^^^^^^^^^
NameError: name 'get_student_info' is not defined
2026-09-08 15:49:01,475 - ERROR - Unexpected error: name 'get_student_info' is not defined
Traceback (most recent call last):
  File "d:\Downloads\Super 30 exmples\student-result-calculator\main.py", line 78, in main
    process_student()
    ~~~~~~~~~~~~~~~^^
  File "d:\Downloads\Super 30 exmples\student-result-calculator\main.py", line 25, in process_student
    name, student_id = get_student_info()
                       ^^^^^^^^^^^^^^^^
NameError: name 'get_student_info' is not defined
2026-09-08 15:49:01,476 - ERROR - Unexpected error: name 'get_student_info' is not defined
Traceback (most recent call last):
  File "d:\Downloads\Super 30 exmples\student-result-calculator\main.py", line 78, in main
    process_student()
    ~~~~~~~~~~~~~~~^^
  File "d:\Downloads\Super 30 exmples\student-result-calculator\main.py", line 25, in process_student
    name, student_id = get_student_info()
                       ^^^^^^^^^^^^^^^^
NameError: name 'get_student_info' is not defined
2026-09-08 15:49:01,477 - ERROR - Unexpected error: name 'get_student_info' is not defined
Traceback (most recent call last):
  File "d:\Downloads\Super 30 exmples\student-result-calculator\main.py", line 78, in main
    process_student()
    ~~~~~~~~~~~~~~~^^
  File "d:\Downloads\Super 30 exmples\student-result-calculator\main.py", line 25, in process_student
    name, student_id = get_student_info()
                       ^^^^^^^^^^^^^^^^
NameError: name 'get_student_info' is not defined
2026-09-08 15:49:01,478 - ERROR - Unexpected error: name 'get_student_info' is not defined
Traceback (most recent call last):
  File "d:\Downloads\Super 30 exmples\student-result-calculator\main.py", line 78, in main
    process_student()
    ~~~~~~~~~~~~~~~^^
  File "d:\Downloads\Super 30 exmples\student-result-calculator\main.py", line 25, in process_student
    name, student_id = get_student_info()
                       ^^^^^^^^^^^^^^^^
NameError: name 'get_student_info' is not defined
2026-09-08 15:49:01,479 - ERROR - Unexpected error: name 'get_student_info' is not defined
Traceback (most recent call last):
  File "d:\Downloads\Super 30 exmples\student-result-calculator\main.py", line 78, in main
    process_student()
    ~~~~~~~~~~~~~~~^^
  File "d:\Downloads\Super 30 exmples\student-result-calculator\main.py", line 25, in process_student
    name, student_id = get_student_info()
                       ^^^^^^^^^^^^^^^^
NameError: name 'get_student_info' is not defined
2026-09-08 15:49:01,480 - ERROR - Unexpected error: name 'get_student_info' is not defined
Traceback (most recent call last):
  File "d:\Downloads\Super 30 exmples\student-result-calculator\main.py", line 78, in main
    process_student()
    ~~~~~~~~~~~~~~~^^
  File "d:\Downloads\Super 30 exmples\student-result-calculator\main.py", line 25, in process_student
    name, student_id = get_student_info()
                       ^^^^^^^^^^^^^^^^
NameError: name 'get_student_info' is not defined
2026-09-08 15:49:01,480 - ERROR - Unexpected error: name 'get_student_info' is not defined
Traceback (most recent call last):
  File "d:\Downloads\Super 30 exmples\student-result-calculator\main.py", line 78, in main
    process_student()
    ~~~~~~~~~~~~~~~^^
  File "d:\Downloads\Super 30 exmples\student-result-calculator\main.py", line 25, in process_student
    name, student_id = get_student_info()
                       ^^^^^^^^^^^^^^^^
NameError: name 'get_student_info' is not defined
2026-09-08 15:49:01,482 - ERROR - Unexpected error: name 'get_student_info' is not defined
Traceback (most recent call last):
  File "d:\Downloads\Super 30 exmples\student-result-calculator\main.py", line 78, in main
    process_student()
    ~~~~~~~~~~~~~~~^^
  File "d:\Downloads\Super 30 exmples\student-result-calculator\main.py", line 25, in process_student
    name, student_id = get_student_info()
                       ^^^^^^^^^^^^^^^^
NameError: name 'get_student_info' is not defined
2026-09-08 15:49:01,483 - ERROR - Unexpected error: name 'get_student_info' is not defined
Traceback (most recent call last):
  File "d:\Downloads\Super 30 exmples\student-result-calculator\main.py", line 78, in main
    process_student()
    ~~~~~~~~~~~~~~~^^
  File "d:\Downloads\Super 30 exmples\student-result-calculator\main.py", line 25, in process_student
    name, student_id = get_student_info()
                       ^^^^^^^^^^^^^^^^
NameError: name 'get_student_info' is not defined
2026-09-08 15:49:01,483 - ERROR - Unexpected error: name 'get_student_info' is not defined
Traceback (most recent call last):
  File "d:\Downloads\Super 30 exmples\student-result-calculator\main.py", line 78, in main
    process_student()
    ~~~~~~~~~~~~~~~^^
  File "d:\Downloads\Super 30 exmples\student-result-calculator\main.py", line 25, in process_student
    name, student_id = get_student_info()
                       ^^^^^^^^^^^^^^^^
NameError: name 'get_student_info' is not defined
2026-09-08 15:49:01,484 - ERROR - Unexpected error: name 'get_student_info' is not defined
Traceback (most recent call last):
  File "d:\Downloads\Super 30 exmples\student-result-calculator\main.py", line 78, in main
    process_student()
    ~~~~~~~~~~~~~~~^^
  File "d:\Downloads\Super 30 exmples\student-result-calculator\main.py", line 25, in process_student
    name, student_id = get_student_info()
                       ^^^^^^^^^^^^^^^^
NameError: name 'get_student_info' is not defined
2026-09-08 15:49:01,485 - ERROR - Unexpected error: name 'get_student_info' is not defined
Traceback (most recent call last):
  File "d:\Downloads\Super 30 exmples\student-result-calculator\main.py", line 78, in main
    process_student()
    ~~~~~~~~~~~~~~~^^
  File "d:\Downloads\Super 30 exmples\student-result-calculator\main.py", line 25, in process_student
    name, student_id = get_student_info()
                       ^^^^^^^^^^^^^^^^
NameError: name 'get_student_info' is not defined
2026-09-08 15:49:01,485 - ERROR - Unexpected error: name 'get_student_info' is not defined
Traceback (most recent call last):
  File "d:\Downloads\Super 30 exmples\student-result-calculator\main.py", line 78, in main
    process_student()
    ~~~~~~~~~~~~~~~^^
  File "d:\Downloads\Super 30 exmples\student-result-calculator\main.py", line 25, in process_student
    name, student_id = get_student_info()
                       ^^^^^^^^^^^^^^^^
NameError: name 'get_student_info' is not defined
2026-09-08 15:49:01,486 - ERROR - Unexpected error: name 'get_student_info' is not defined
Traceback (most recent call last):
  File "d:\Downloads\Super 30 exmples\student-result-calculator\main.py", line 78, in main
    process_student()
    ~~~~~~~~~~~~~~~^^
  File "d:\Downloads\Super 30 exmples\student-result-calculator\main.py", line 25, in process_student
    name, student_id = get_student_info()
                       ^^^^^^^^^^^^^^^^
NameError: name 'get_student_info' is not defined
2026-09-08 15:49:01,486 - ERROR - Unexpected error: name 'get_student_info' is not defined
Traceback (most recent call last):
  File "d:\Downloads\Super 30 exmples\student-result-calculator\main.py", line 78, in main
    process_student()
    ~~~~~~~~~~~~~~~^^
  File "d:\Downloads\Super 30 exmples\student-result-calculator\main.py", line 25, in process_student
    name, student_id = get_student_info()
                       ^^^^^^^^^^^^^^^^
NameError: name 'get_student_info' is not defined
2026-09-08 15:49:01,486 - ERROR - Unexpected error: name 'get_student_info' is not defined
Traceback (most recent call last):
  File "d:\Downloads\Super 30 exmples\student-result-calculator\main.py", line 78, in main
    process_student()
    ~~~~~~~~~~~~~~~^^
  File "d:\Downloads\Super 30 exmples\student-result-calculator\main.py", line 25, in process_student
    name, student_id = get_student_info()
                       ^^^^^^^^^^^^^^^^
NameError: name 'get_student_info' is not defined
2026-09-08 15:49:01,487 - ERROR - Unexpected error: name 'get_student_info' is not defined
Traceback (most recent call last):
  File "d:\Downloads\Super 30 exmples\student-result-calculator\main.py", line 78, in main
    process_student()
    ~~~~~~~~~~~~~~~^^
  File "d:\Downloads\Super 30 exmples\student-result-calculator\main.py", line 25, in process_student
    name, student_id = get_student_info()
                       ^^^^^^^^^^^^^^^^
NameError: name 'get_student_info' is not defined
2026-09-08 15:49:01,487 - ERROR - Unexpected error: name 'get_student_info' is not defined
Traceback (most recent call last):
  File "d:\Downloads\Super 30 exmples\student-result-calculator\main.py", line 78, in main
    process_student()
    ~~~~~~~~~~~~~~~^^
  File "d:\Downloads\Super 30 exmples\student-result-calculator\main.py", line 25, in process_student
    name, student_id = get_student_info()
                       ^^^^^^^^^^^^^^^^
NameError: name 'get_student_info' is not defined
2026-09-08 15:49:01,488 - ERROR - Unexpected error: name 'get_student_info' is not defined
Traceback (most recent call last):
  File "d:\Downloads\Super 30 exmples\student-result-calculator\main.py", line 78, in main
    process_student()
    ~~~~~~~~~~~~~~~^^
  File "d:\Downloads\Super 30 exmples\student-result-calculator\main.py", line 25, in process_student
    name, student_id = get_student_info()
                       ^^^^^^^^^^^^^^^^
NameError: name 'get_student_info' is not defined
2026-09-08 15:49:01,488 - ERROR - Unexpected error: name 'get_student_info' is not defined
Traceback (most recent call last):
  File "d:\Downloads\Super 30 exmples\student-result-calculator\main.py", line 78, in main
    process_student()
    ~~~~~~~~~~~~~~~^^
  File "d:\Downloads\Super 30 exmples\student-result-calculator\main.py", line 25, in process_student
    name, student_id = get_student_info()
                       ^^^^^^^^^^^^^^^^
NameError: name 'get_student_info' is not defined
2026-09-08 15:49:01,489 - ERROR - Unexpected error: name 'get_student_info' is not defined
Traceback (most recent call last):
  File "d:\Downloads\Super 30 exmples\student-result-calculator\main.py", line 78, in main
    process_student()
    ~~~~~~~~~~~~~~~^^
  File "d:\Downloads\Super 30 exmples\student-result-calculator\main.py", line 25, in process_student
    name, student_id = get_student_info()
                       ^^^^^^^^^^^^^^^^
NameError: name 'get_student_info' is not defined
2026-09-08 15:49:01,489 - ERROR - Unexpected error: name 'get_student_info' is not defined
Traceback (most recent call last):
  File "d:\Downloads\Super 30 exmples\student-result-calculator\main.py", line 78, in main
    process_student()
    ~~~~~~~~~~~~~~~^^
  File "d:\Downloads\Super 30 exmples\student-result-calculator\main.py", line 25, in process_student
    name, student_id = get_student_info()
                       ^^^^^^^^^^^^^^^^
NameError: name 'get_student_info' is not defined
2026-09-08 15:49:01,490 - ERROR - Unexpected error: name 'get_student_info' is not defined
Traceback (most recent call last):
  File "d:\Downloads\Super 30 exmples\student-result-calculator\main.py", line 78, in main
    process_student()
    ~~~~~~~~~~~~~~~^^
  File "d:\Downloads\Super 30 exmples\student-result-calculator\main.py", line 25, in process_student
    name, student_id = get_student_info()
                       ^^^^^^^^^^^^^^^^
NameError: name 'get_student_info' is not defined
2026-09-08 15:49:01,490 - ERROR - Unexpected error: name 'get_student_info' is not defined
Traceback (most recent call last):
  File "d:\Downloads\Super 30 exmples\student-result-calculator\main.py", line 78, in main
    process_student()
    ~~~~~~~~~~~~~~~^^
  File "d:\Downloads\Super 30 exmples\student-result-calculator\main.py", line 25, in process_student
    name, student_id = get_student_info()
                       ^^^^^^^^^^^^^^^^
NameError: name 'get_student_info' is not defined
2026-09-08 15:49:01,491 - ERROR - Unexpected error: name 'get_student_info' is not defined
Traceback (most recent call last):
  File "d:\Downloads\Super 30 exmples\student-result-calculator\main.py", line 78, in main
    process_student()
    ~~~~~~~~~~~~~~~^^
  File "d:\Downloads\Super 30 exmples\student-result-calculator\main.py", line 25, in process_student
    name, student_id = get_student_info()
                       ^^^^^^^^^^^^^^^^
NameError: name 'get_student_info' is not defined
2026-09-08 15:49:01,491 - ERROR - Unexpected error: name 'get_student_info' is not defined
Traceback (most recent call last):
  File "d:\Downloads\Super 30 exmples\student-result-calculator\main.py", line 78, in main
    process_student()
    ~~~~~~~~~~~~~~~^^
  File "d:\Downloads\Super 30 exmples\student-result-calculator\main.py", line 25, in process_student
    name, student_id = get_student_info()
                       ^^^^^^^^^^^^^^^^
NameError: name 'get_student_info' is not defined
2026-09-08 15:49:01,491 - ERROR - Unexpected error: name 'get_student_info' is not defined
Traceback (most recent call last):
  File "d:\Downloads\Super 30 exmples\student-result-calculator\main.py", line 78, in main
    process_student()
    ~~~~~~~~~~~~~~~^^
  File "d:\Downloads\Super 30 exmples\student-result-calculator\main.py", line 25, in process_student
    name, student_id = get_student_info()
                       ^^^^^^^^^^^^^^^^
NameError: name 'get_student_info' is not defined
2026-09-08 15:49:01,492 - ERROR - Unexpected error: name 'get_student_info' is not defined
Traceback (most recent call last):
  File "d:\Downloads\Super 30 exmples\student-result-calculator\main.py", line 78, in main
    process_student()
    ~~~~~~~~~~~~~~~^^
  File "d:\Downloads\Super 30 exmples\student-result-calculator\main.py", line 25, in process_student
    name, student_id = get_student_info()
                       ^^^^^^^^^^^^^^^^
NameError: name 'get_student_info' is not defined
2026-09-08 15:49:01,492 - ERROR - Unexpected error: name 'get_student_info' is not defined
Traceback (most recent call last):
  File "d:\Downloads\Super 30 exmples\student-result-calculator\main.py", line 78, in main
    process_student()
    ~~~~~~~~~~~~~~~^^
  File "d:\Downloads\Super 30 exmples\student-result-calculator\main.py", line 25, in process_student
    name, student_id = get_student_info()
                       ^^^^^^^^^^^^^^^^
NameError: name 'get_student_info' is not defined
2026-09-08 15:49:01,493 - ERROR - Unexpected error: name 'get_student_info' is not defined
Traceback (most recent call last):
  File "d:\Downloads\Super 30 exmples\student-result-calculator\main.py", line 78, in main
    process_student()
    ~~~~~~~~~~~~~~~^^
  File "d:\Downloads\Super 30 exmples\student-result-calculator\main.py", line 25, in process_student
    name, student_id = get_student_info()
                       ^^^^^^^^^^^^^^^^
NameError: name 'get_student_info' is not defined
2026-09-08 15:49:01,493 - ERROR - Unexpected error: name 'get_student_info' is not defined
Traceback (most recent call last):
  File "d:\Downloads\Super 30 exmples\student-result-calculator\main.py", line 78, in main
    process_student()
    ~~~~~~~~~~~~~~~^^
  File "d:\Downloads\Super 30 exmples\student-result-calculator\main.py", line 25, in process_student
    name, student_id = get_student_info()
                       ^^^^^^^^^^^^^^^^
NameError: name 'get_student_info' is not defined
2026-09-08 15:49:01,494 - ERROR - Unexpected error: name 'get_student_info' is not defined
Traceback (most recent call last):
  File "d:\Downloads\Super 30 exmples\student-result-calculator\main.py", line 78, in main
    process_student()
    ~~~~~~~~~~~~~~~^^
  File "d:\Downloads\Super 30 exmples\student-result-calculator\main.py", line 25, in process_student
    name, student_id = get_student_info()
                       ^^^^^^^^^^^^^^^^
NameError: name 'get_student_info' is not defined
2026-09-08 15:49:01,494 - ERROR - Unexpected error: name 'get_student_info' is not defined
Traceback (most recent call last):
  File "d:\Downloads\Super 30 exmples\student-result-calculator\main.py", line 78, in main
    process_student()
    ~~~~~~~~~~~~~~~^^
  File "d:\Downloads\Super 30 exmples\student-result-calculator\main.py", line 25, in process_student
    name, student_id = get_student_info()
                       ^^^^^^^^^^^^^^^^
NameError: name 'get_student_info' is not defined
2026-09-08 15:49:01,495 - ERROR - Unexpected error: name 'get_student_info' is not defined
Traceback (most recent call last):
  File "d:\Downloads\Super 30 exmples\student-result-calculator\main.py", line 78, in main
    process_student()
    ~~~~~~~~~~~~~~~^^
  File "d:\Downloads\Super 30 exmples\student-result-calculator\main.py", line 25, in process_student
    name, student_id = get_student_info()
                       ^^^^^^^^^^^^^^^^
NameError: name 'get_student_info' is not defined
2026-09-08 15:49:01,495 - ERROR - Unexpected error: name 'get_student_info' is not defined
Traceback (most recent call last):
  File "d:\Downloads\Super 30 exmples\student-result-calculator\main.py", line 78, in main
    process_student()
    ~~~~~~~~~~~~~~~^^
  File "d:\Downloads\Super 30 exmples\student-result-calculator\main.py", line 25, in process_student
    name, student_id = get_student_info()
                       ^^^^^^^^^^^^^^^^
NameError: name 'get_student_info' is not defined
2026-09-08 15:49:01,496 - ERROR - Unexpected error: name 'get_student_info' is not defined
Traceback (most recent call last):
  File "d:\Downloads\Super 30 exmples\student-result-calculator\main.py", line 78, in main
    process_student()
    ~~~~~~~~~~~~~~~^^
  File "d:\Downloads\Super 30 exmples\student-result-calculator\main.py", line 25, in process_student
    name, student_id = get_student_info()
                       ^^^^^^^^^^^^^^^^
NameError: name 'get_student_info' is not defined
2026-09-08 15:49:01,496 - ERROR - Unexpected error: name 'get_student_info' is not defined
Traceback (most recent call last):
  File "d:\Downloads\Super 30 exmples\student-result-calculator\main.py", line 78, in main
    process_student()
    ~~~~~~~~~~~~~~~^^
  File "d:\Downloads\Super 30 exmples\student-result-calculator\main.py", line 25, in process_student
    name, student_id = get_student_info()
                       ^^^^^^^^^^^^^^^^
NameError: name 'get_student_info' is not defined
2026-09-08 15:49:01,497 - ERROR - Unexpected error: name 'get_student_info' is not defined
Traceback (most recent call last):
  File "d:\Downloads\Super 30 exmples\student-result-calculator\main.py", line 78, in main
    process_student()
    ~~~~~~~~~~~~~~~^^
  File "d:\Downloads\Super 30 exmples\student-result-calculator\main.py", line 25, in process_student
    name, student_id = get_student_info()
                       ^^^^^^^^^^^^^^^^
NameError: name 'get_student_info' is not defined
2026-09-08 15:49:01,499 - ERROR - Unexpected error: name 'get_student_info' is not defined
Traceback (most recent call last):
  File "d:\Downloads\Super 30 exmples\student-result-calculator\main.py", line 78, in main
    process_student()
    ~~~~~~~~~~~~~~~^^
  File "d:\Downloads\Super 30 exmples\student-result-calculator\main.py", line 25, in process_student
    name, student_id = get_student_info()
                       ^^^^^^^^^^^^^^^^
NameError: name 'get_student_info' is not defined
2026-09-08 15:49:01,500 - ERROR - Unexpected error: name 'get_student_info' is not defined
Traceback (most recent call last):
  File "d:\Downloads\Super 30 exmples\student-result-calculator\main.py", line 78, in main
    process_student()
    ~~~~~~~~~~~~~~~^^
  File "d:\Downloads\Super 30 exmples\student-result-calculator\main.py", line 25, in process_student
    name, student_id = get_student_info()
                       ^^^^^^^^^^^^^^^^
NameError: name 'get_student_info' is not defined
2026-09-08 15:49:01,500 - ERROR - Unexpected error: name 'get_student_info' is not defined
Traceback (most recent call last):
  File "d:\Downloads\Super 30 exmples\student-result-calculator\main.py", line 78, in main
    process_student()
    ~~~~~~~~~~~~~~~^^
  File "d:\Downloads\Super 30 exmples\student-result-calculator\main.py", line 25, in process_student
    name, student_id = get_student_info()
                       ^^^^^^^^^^^^^^^^
NameError: name 'get_student_info' is not defined
2026-09-08 15:49:01,501 - ERROR - Unexpected error: name 'get_student_info' is not defined
Traceback (most recent call last):
  File "d:\Downloads\Super 30 exmples\student-result-calculator\main.py", line 78, in main
    process_student()
    ~~~~~~~~~~~~~~~^^
  File "d:\Downloads\Super 30 exmples\student-result-calculator\main.py", line 25, in process_student
    name, student_id = get_student_info()
                       ^^^^^^^^^^^^^^^^
NameError: name 'get_student_info' is not defined
2026-09-08 15:49:01,501 - ERROR - Unexpected error: name 'get_student_info' is not defined
Traceback (most recent call last):
  File "d:\Downloads\Super 30 exmples\student-result-calculator\main.py", line 78, in main
    process_student()
    ~~~~~~~~~~~~~~~^^
  File "d:\Downloads\Super 30 exmples\student-result-calculator\main.py", line 25, in process_student
    name, student_id = get_student_info()
                       ^^^^^^^^^^^^^^^^
NameError: name 'get_student_info' is not defined
2026-09-08 15:49:01,502 - ERROR - Unexpected error: name 'get_student_info' is not defined
Traceback (most recent call last):
  File "d:\Downloads\Super 30 exmples\student-result-calculator\main.py", line 78, in main
    process_student()
    ~~~~~~~~~~~~~~~^^
  File "d:\Downloads\Super 30 exmples\student-result-calculator\main.py", line 25, in process_student
    name, student_id = get_student_info()
                       ^^^^^^^^^^^^^^^^
NameError: name 'get_student_info' is not defined
2026-09-08 15:49:01,502 - ERROR - Unexpected error: name 'get_student_info' is not defined
Traceback (most recent call last):
  File "d:\Downloads\Super 30 exmples\student-result-calculator\main.py", line 78, in main
    process_student()
    ~~~~~~~~~~~~~~~^^
  File "d:\Downloads\Super 30 exmples\student-result-calculator\main.py", line 25, in process_student
    name, student_id = get_student_info()
                       ^^^^^^^^^^^^^^^^
NameError: name 'get_student_info' is not defined
2026-09-08 15:49:01,503 - ERROR - Unexpected error: name 'get_student_info' is not defined
Traceback (most recent call last):
  File "d:\Downloads\Super 30 exmples\student-result-calculator\main.py", line 78, in main
    process_student()
    ~~~~~~~~~~~~~~~^^
  File "d:\Downloads\Super 30 exmples\student-result-calculator\main.py", line 25, in process_student
    name, student_id = get_student_info()
                       ^^^^^^^^^^^^^^^^
NameError: name 'get_student_info' is not defined
2026-09-08 15:49:01,503 - ERROR - Unexpected error: name 'get_student_info' is not defined
Traceback (most recent call last):
  File "d:\Downloads\Super 30 exmples\student-result-calculator\main.py", line 78, in main
    process_student()
    ~~~~~~~~~~~~~~~^^
  File "d:\Downloads\Super 30 exmples\student-result-calculator\main.py", line 25, in process_student
    name, student_id = get_student_info()
                       ^^^^^^^^^^^^^^^^
NameError: name 'get_student_info' is not defined
2026-09-08 15:49:01,504 - ERROR - Unexpected error: name 'get_student_info' is not defined
Traceback (most recent call last):
  File "d:\Downloads\Super 30 exmples\student-result-calculator\main.py", line 78, in main
    process_student()
    ~~~~~~~~~~~~~~~^^
  File "d:\Downloads\Super 30 exmples\student-result-calculator\main.py", line 25, in process_student
    name, student_id = get_student_info()
                       ^^^^^^^^^^^^^^^^
NameError: name 'get_student_info' is not defined
2026-09-08 15:49:01,504 - ERROR - Unexpected error: name 'get_student_info' is not defined
Traceback (most recent call last):
  File "d:\Downloads\Super 30 exmples\student-result-calculator\main.py", line 78, in main
    process_student()
    ~~~~~~~~~~~~~~~^^
  File "d:\Downloads\Super 30 exmples\student-result-calculator\main.py", line 25, in process_student
    name, student_id = get_student_info()
                       ^^^^^^^^^^^^^^^^
NameError: name 'get_student_info' is not defined
2026-09-08 15:49:01,505 - ERROR - Unexpected error: name 'get_student_info' is not defined
Traceback (most recent call last):
  File "d:\Downloads\Super 30 exmples\student-result-calculator\main.py", line 78, in main
    process_student()
    ~~~~~~~~~~~~~~~^^
  File "d:\Downloads\Super 30 exmples\student-result-calculator\main.py", line 25, in process_student
    name, student_id = get_student_info()
                       ^^^^^^^^^^^^^^^^
NameError: name 'get_student_info' is not defined
2026-09-08 15:49:01,505 - ERROR - Unexpected error: name 'get_student_info' is not defined
Traceback (most recent call last):
  File "d:\Downloads\Super 30 exmples\student-result-calculator\main.py", line 78, in main
    process_student()
    ~~~~~~~~~~~~~~~^^
  File "d:\Downloads\Super 30 exmples\student-result-calculator\main.py", line 25, in process_student
    name, student_id = get_student_info()
                       ^^^^^^^^^^^^^^^^
NameError: name 'get_student_info' is not defined
2026-09-08 15:49:01,505 - ERROR - Unexpected error: name 'get_student_info' is not defined
Traceback (most recent call last):
  File "d:\Downloads\Super 30 exmples\student-result-calculator\main.py", line 78, in main
    process_student()
    ~~~~~~~~~~~~~~~^^
  File "d:\Downloads\Super 30 exmples\student-result-calculator\main.py", line 25, in process_student
    name, student_id = get_student_info()
                       ^^^^^^^^^^^^^^^^
NameError: name 'get_student_info' is not defined
2026-09-08 15:49:01,506 - ERROR - Unexpected error: name 'get_student_info' is not defined
Traceback (most recent call last):
  File "d:\Downloads\Super 30 exmples\student-result-calculator\main.py", line 78, in main
    process_student()
    ~~~~~~~~~~~~~~~^^
  File "d:\Downloads\Super 30 exmples\student-result-calculator\main.py", line 25, in process_student
    name, student_id = get_student_info()
                       ^^^^^^^^^^^^^^^^
NameError: name 'get_student_info' is not defined
2026-09-08 15:49:01,506 - ERROR - Unexpected error: name 'get_student_info' is not defined
Traceback (most recent call last):
  File "d:\Downloads\Super 30 exmples\student-result-calculator\main.py", line 78, in main
    process_student()
    ~~~~~~~~~~~~~~~^^
  File "d:\Downloads\Super 30 exmples\student-result-calculator\main.py", line 25, in process_student
    name, student_id = get_student_info()
                       ^^^^^^^^^^^^^^^^
NameError: name 'get_student_info' is not defined
2026-09-08 15:49:01,507 - ERROR - Unexpected error: name 'get_student_info' is not defined
Traceback (most recent call last):
  File "d:\Downloads\Super 30 exmples\student-result-calculator\main.py", line 78, in main
    process_student()
    ~~~~~~~~~~~~~~~^^
  File "d:\Downloads\Super 30 exmples\student-result-calculator\main.py", line 25, in process_student
    name, student_id = get_student_info()
                       ^^^^^^^^^^^^^^^^
NameError: name 'get_student_info' is not defined
2026-09-08 15:49:01,507 - ERROR - Unexpected error: name 'get_student_info' is not defined
Traceback (most recent call last):
  File "d:\Downloads\Super 30 exmples\student-result-calculator\main.py", line 78, in main
    process_student()
    ~~~~~~~~~~~~~~~^^
  File "d:\Downloads\Super 30 exmples\student-result-calculator\main.py", line 25, in process_student
    name, student_id = get_student_info()
                       ^^^^^^^^^^^^^^^^
NameError: name 'get_student_info' is not defined
2026-09-08 15:49:01,508 - ERROR - Unexpected error: name 'get_student_info' is not defined
Traceback (most recent call last):
  File "d:\Downloads\Super 30 exmples\student-result-calculator\main.py", line 78, in main
    process_student()
    ~~~~~~~~~~~~~~~^^
  File "d:\Downloads\Super 30 exmples\student-result-calculator\main.py", line 25, in process_student
    name, student_id = get_student_info()
                       ^^^^^^^^^^^^^^^^
NameError: name 'get_student_info' is not defined
2026-09-08 15:49:01,508 - ERROR - Unexpected error: name 'get_student_info' is not defined
Traceback (most recent call last):
  File "d:\Downloads\Super 30 exmples\student-result-calculator\main.py", line 78, in main
    process_student()
    ~~~~~~~~~~~~~~~^^
  File "d:\Downloads\Super 30 exmples\student-result-calculator\main.py", line 25, in process_student
    name, student_id = get_student_info()
                       ^^^^^^^^^^^^^^^^
NameError: name 'get_student_info' is not defined
2026-09-08 15:49:01,509 - ERROR - Unexpected error: name 'get_student_info' is not defined
Traceback (most recent call last):
  File "d:\Downloads\Super 30 exmples\student-result-calculator\main.py", line 78, in main
    process_student()
    ~~~~~~~~~~~~~~~^^
  File "d:\Downloads\Super 30 exmples\student-result-calculator\main.py", line 25, in process_student
    name, student_id = get_student_info()
                       ^^^^^^^^^^^^^^^^
NameError: name 'get_student_info' is not defined
2026-09-08 15:49:01,509 - ERROR - Unexpected error: name 'get_student_info' is not defined
Traceback (most recent call last):
  File "d:\Downloads\Super 30 exmples\student-result-calculator\main.py", line 78, in main
    process_student()
    ~~~~~~~~~~~~~~~^^
  File "d:\Downloads\Super 30 exmples\student-result-calculator\main.py", line 25, in process_student
    name, student_id = get_student_info()
                       ^^^^^^^^^^^^^^^^
NameError: name 'get_student_info' is not defined
2026-09-08 15:49:01,510 - ERROR - Unexpected error: name 'get_student_info' is not defined
Traceback (most recent call last):
  File "d:\Downloads\Super 30 exmples\student-result-calculator\main.py", line 78, in main
    process_student()
    ~~~~~~~~~~~~~~~^^
  File "d:\Downloads\Super 30 exmples\student-result-calculator\main.py", line 25, in process_student
    name, student_id = get_student_info()
                       ^^^^^^^^^^^^^^^^
NameError: name 'get_student_info' is not defined
2026-09-08 15:49:01,510 - ERROR - Unexpected error: name 'get_student_info' is not defined
Traceback (most recent call last):
  File "d:\Downloads\Super 30 exmples\student-result-calculator\main.py", line 78, in main
    process_student()
    ~~~~~~~~~~~~~~~^^
  File "d:\Downloads\Super 30 exmples\student-result-calculator\main.py", line 25, in process_student
    name, student_id = get_student_info()
                       ^^^^^^^^^^^^^^^^
NameError: name 'get_student_info' is not defined
2026-09-08 15:49:01,510 - ERROR - Unexpected error: name 'get_student_info' is not defined
Traceback (most recent call last):
  File "d:\Downloads\Super 30 exmples\student-result-calculator\main.py", line 78, in main
    process_student()
    ~~~~~~~~~~~~~~~^^
  File "d:\Downloads\Super 30 exmples\student-result-calculator\main.py", line 25, in process_student
    name, student_id = get_student_info()
                       ^^^^^^^^^^^^^^^^
NameError: name 'get_student_info' is not defined
2026-09-08 15:49:01,511 - ERROR - Unexpected error: name 'get_student_info' is not defined
Traceback (most recent call last):
  File "d:\Downloads\Super 30 exmples\student-result-calculator\main.py", line 78, in main
    process_student()
    ~~~~~~~~~~~~~~~^^
  File "d:\Downloads\Super 30 exmples\student-result-calculator\main.py", line 25, in process_student
    name, student_id = get_student_info()
                       ^^^^^^^^^^^^^^^^
NameError: name 'get_student_info' is not defined
2026-09-08 15:49:01,511 - ERROR - Unexpected error: name 'get_student_info' is not defined
Traceback (most recent call last):
  File "d:\Downloads\Super 30 exmples\student-result-calculator\main.py", line 78, in main
    process_student()
    ~~~~~~~~~~~~~~~^^
  File "d:\Downloads\Super 30 exmples\student-result-calculator\main.py", line 25, in process_student
    name, student_id = get_student_info()
                       ^^^^^^^^^^^^^^^^
NameError: name 'get_student_info' is not defined
2026-09-08 15:49:01,512 - ERROR - Unexpected error: name 'get_student_info' is not defined
Traceback (most recent call last):
  File "d:\Downloads\Super 30 exmples\student-result-calculator\main.py", line 78, in main
    process_student()
    ~~~~~~~~~~~~~~~^^
  File "d:\Downloads\Super 30 exmples\student-result-calculator\main.py", line 25, in process_student
    name, student_id = get_student_info()
                       ^^^^^^^^^^^^^^^^
NameError: name 'get_student_info' is not defined
2026-09-08 15:49:01,513 - ERROR - Unexpected error: name 'get_student_info' is not defined
Traceback (most recent call last):
  File "d:\Downloads\Super 30 exmples\student-result-calculator\main.py", line 78, in main
    process_student()
    ~~~~~~~~~~~~~~~^^
  File "d:\Downloads\Super 30 exmples\student-result-calculator\main.py", line 25, in process_student
    name, student_id = get_student_info()
                       ^^^^^^^^^^^^^^^^
NameError: name 'get_student_info' is not defined
2026-09-08 15:49:01,513 - ERROR - Unexpected error: name 'get_student_info' is not defined
Traceback (most recent call last):
  File "d:\Downloads\Super 30 exmples\student-result-calculator\main.py", line 78, in main
    process_student()
    ~~~~~~~~~~~~~~~^^
  File "d:\Downloads\Super 30 exmples\student-result-calculator\main.py", line 25, in process_student
    name, student_id = get_student_info()
                       ^^^^^^^^^^^^^^^^
NameError: name 'get_student_info' is not defined
2026-09-08 15:49:01,514 - ERROR - Unexpected error: name 'get_student_info' is not defined
Traceback (most recent call last):
  File "d:\Downloads\Super 30 exmples\student-result-calculator\main.py", line 78, in main
    process_student()
    ~~~~~~~~~~~~~~~^^
  File "d:\Downloads\Super 30 exmples\student-result-calculator\main.py", line 25, in process_student
    name, student_id = get_student_info()
                       ^^^^^^^^^^^^^^^^
NameError: name 'get_student_info' is not defined
2026-09-08 15:49:01,515 - ERROR - Unexpected error: name 'get_student_info' is not defined
Traceback (most recent call last):
  File "d:\Downloads\Super 30 exmples\student-result-calculator\main.py", line 78, in main
    process_student()
    ~~~~~~~~~~~~~~~^^
  File "d:\Downloads\Super 30 exmples\student-result-calculator\main.py", line 25, in process_student
    name, student_id = get_student_info()
                       ^^^^^^^^^^^^^^^^
NameError: name 'get_student_info' is not defined
2026-09-08 15:49:01,516 - ERROR - Unexpected error: name 'get_student_info' is not defined
Traceback (most recent call last):
  File "d:\Downloads\Super 30 exmples\student-result-calculator\main.py", line 78, in main
    process_student()
    ~~~~~~~~~~~~~~~^^
  File "d:\Downloads\Super 30 exmples\student-result-calculator\main.py", line 25, in process_student
    name, student_id = get_student_info()
                       ^^^^^^^^^^^^^^^^
NameError: name 'get_student_info' is not defined
2026-09-08 15:49:01,517 - ERROR - Unexpected error: name 'get_student_info' is not defined
Traceback (most recent call last):
  File "d:\Downloads\Super 30 exmples\student-result-calculator\main.py", line 78, in main
    process_student()
    ~~~~~~~~~~~~~~~^^
  File "d:\Downloads\Super 30 exmples\student-result-calculator\main.py", line 25, in process_student
    name, student_id = get_student_info()
                       ^^^^^^^^^^^^^^^^
NameError: name 'get_student_info' is not defined
2026-09-08 15:49:01,518 - ERROR - Unexpected error: name 'get_student_info' is not defined
Traceback (most recent call last):
  File "d:\Downloads\Super 30 exmples\student-result-calculator\main.py", line 78, in main
    process_student()
    ~~~~~~~~~~~~~~~^^
  File "d:\Downloads\Super 30 exmples\student-result-calculator\main.py", line 25, in process_student
    name, student_id = get_student_info()
                       ^^^^^^^^^^^^^^^^
NameError: name 'get_student_info' is not defined
2026-09-08 15:49:01,519 - ERROR - Unexpected error: name 'get_student_info' is not defined
Traceback (most recent call last):
  File "d:\Downloads\Super 30 exmples\student-result-calculator\main.py", line 78, in main
    process_student()
    ~~~~~~~~~~~~~~~^^
  File "d:\Downloads\Super 30 exmples\student-result-calculator\main.py", line 25, in process_student
    name, student_id = get_student_info()
                       ^^^^^^^^^^^^^^^^
NameError: name 'get_student_info' is not defined
2026-09-08 15:49:01,520 - ERROR - Unexpected error: name 'get_student_info' is not defined
Traceback (most recent call last):
  File "d:\Downloads\Super 30 exmples\student-result-calculator\main.py", line 78, in main
    process_student()
    ~~~~~~~~~~~~~~~^^
  File "d:\Downloads\Super 30 exmples\student-result-calculator\main.py", line 25, in process_student
    name, student_id = get_student_info()
                       ^^^^^^^^^^^^^^^^
NameError: name 'get_student_info' is not defined
2026-09-08 15:49:01,520 - ERROR - Unexpected error: name 'get_student_info' is not defined
Traceback (most recent call last):
  File "d:\Downloads\Super 30 exmples\student-result-calculator\main.py", line 78, in main
    process_student()
    ~~~~~~~~~~~~~~~^^
  File "d:\Downloads\Super 30 exmples\student-result-calculator\main.py", line 25, in process_student
    name, student_id = get_student_info()
                       ^^^^^^^^^^^^^^^^
NameError: name 'get_student_info' is not defined
2026-09-08 15:49:01,521 - ERROR - Unexpected error: name 'get_student_info' is not defined
Traceback (most recent call last):
  File "d:\Downloads\Super 30 exmples\student-result-calculator\main.py", line 78, in main
    process_student()
    ~~~~~~~~~~~~~~~^^
  File "d:\Downloads\Super 30 exmples\student-result-calculator\main.py", line 25, in process_student
    name, student_id = get_student_info()
                       ^^^^^^^^^^^^^^^^
NameError: name 'get_student_info' is not defined
2026-09-08 15:49:01,521 - ERROR - Unexpected error: name 'get_student_info' is not defined
Traceback (most recent call last):
  File "d:\Downloads\Super 30 exmples\student-result-calculator\main.py", line 78, in main
    process_student()
    ~~~~~~~~~~~~~~~^^
  File "d:\Downloads\Super 30 exmples\student-result-calculator\main.py", line 25, in process_student
    name, student_id = get_student_info()
                       ^^^^^^^^^^^^^^^^
NameError: name 'get_student_info' is not defined
2026-09-08 15:49:01,522 - ERROR - Unexpected error: name 'get_student_info' is not defined
Traceback (most recent call last):
  File "d:\Downloads\Super 30 exmples\student-result-calculator\main.py", line 78, in main
    process_student()
    ~~~~~~~~~~~~~~~^^
  File "d:\Downloads\Super 30 exmples\student-result-calculator\main.py", line 25, in process_student
    name, student_id = get_student_info()
                       ^^^^^^^^^^^^^^^^
NameError: name 'get_student_info' is not defined
2026-09-08 15:49:01,522 - ERROR - Unexpected error: name 'get_student_info' is not defined
Traceback (most recent call last):
  File "d:\Downloads\Super 30 exmples\student-result-calculator\main.py", line 78, in main
    process_student()
    ~~~~~~~~~~~~~~~^^
  File "d:\Downloads\Super 30 exmples\student-result-calculator\main.py", line 25, in process_student
    name, student_id = get_student_info()
                       ^^^^^^^^^^^^^^^^
NameError: name 'get_student_info' is not defined
2026-09-08 15:49:01,523 - ERROR - Unexpected error: name 'get_student_info' is not defined
Traceback (most recent call last):
  File "d:\Downloads\Super 30 exmples\student-result-calculator\main.py", line 78, in main
    process_student()
    ~~~~~~~~~~~~~~~^^
  File "d:\Downloads\Super 30 exmples\student-result-calculator\main.py", line 25, in process_student
    name, student_id = get_student_info()
                       ^^^^^^^^^^^^^^^^
NameError: name 'get_student_info' is not defined
2026-09-08 15:49:01,523 - ERROR - Unexpected error: name 'get_student_info' is not defined
Traceback (most recent call last):
  File "d:\Downloads\Super 30 exmples\student-result-calculator\main.py", line 78, in main
    process_student()
    ~~~~~~~~~~~~~~~^^
  File "d:\Downloads\Super 30 exmples\student-result-calculator\main.py", line 25, in process_student
    name, student_id = get_student_info()
                       ^^^^^^^^^^^^^^^^
NameError: name 'get_student_info' is not defined
2026-09-08 15:49:01,524 - ERROR - Unexpected error: name 'get_student_info' is not defined
Traceback (most recent call last):
  File "d:\Downloads\Super 30 exmples\student-result-calculator\main.py", line 78, in main
    process_student()
    ~~~~~~~~~~~~~~~^^
  File "d:\Downloads\Super 30 exmples\student-result-calculator\main.py", line 25, in process_student
    name, student_id = get_student_info()
                       ^^^^^^^^^^^^^^^^
NameError: name 'get_student_info' is not defined
2026-09-08 15:49:01,524 - ERROR - Unexpected error: name 'get_student_info' is not defined
Traceback (most recent call last):
  File "d:\Downloads\Super 30 exmples\student-result-calculator\main.py", line 78, in main
    process_student()
    ~~~~~~~~~~~~~~~^^
  File "d:\Downloads\Super 30 exmples\student-result-calculator\main.py", line 25, in process_student
    name, student_id = get_student_info()
                       ^^^^^^^^^^^^^^^^
NameError: name 'get_student_info' is not defined
2026-09-08 15:49:01,525 - ERROR - Unexpected error: name 'get_student_info' is not defined
Traceback (most recent call last):
  File "d:\Downloads\Super 30 exmples\student-result-calculator\main.py", line 78, in main
    process_student()
    ~~~~~~~~~~~~~~~^^
  File "d:\Downloads\Super 30 exmples\student-result-calculator\main.py", line 25, in process_student
    name, student_id = get_student_info()
                       ^^^^^^^^^^^^^^^^
NameError: name 'get_student_info' is not defined
2026-09-08 15:49:01,525 - ERROR - Unexpected error: name 'get_student_info' is not defined
Traceback (most recent call last):
  File "d:\Downloads\Super 30 exmples\student-result-calculator\main.py", line 78, in main
    process_student()
    ~~~~~~~~~~~~~~~^^
  File "d:\Downloads\Super 30 exmples\student-result-calculator\main.py", line 25, in process_student
    name, student_id = get_student_info()
                       ^^^^^^^^^^^^^^^^
NameError: name 'get_student_info' is not defined
2026-09-08 15:49:01,525 - ERROR - Unexpected error: name 'get_student_info' is not defined
Traceback (most recent call last):
  File "d:\Downloads\Super 30 exmples\student-result-calculator\main.py", line 78, in main
    process_student()
    ~~~~~~~~~~~~~~~^^
  File "d:\Downloads\Super 30 exmples\student-result-calculator\main.py", line 25, in process_student
    name, student_id = get_student_info()
                       ^^^^^^^^^^^^^^^^
NameError: name 'get_student_info' is not defined
2026-09-08 15:49:01,526 - ERROR - Unexpected error: name 'get_student_info' is not defined
Traceback (most recent call last):
  File "d:\Downloads\Super 30 exmples\student-result-calculator\main.py", line 78, in main
    process_student()
    ~~~~~~~~~~~~~~~^^
  File "d:\Downloads\Super 30 exmples\student-result-calculator\main.py", line 25, in process_student
    name, student_id = get_student_info()
                       ^^^^^^^^^^^^^^^^
NameError: name 'get_student_info' is not defined
2026-09-08 15:49:01,526 - ERROR - Unexpected error: name 'get_student_info' is not defined
Traceback (most recent call last):
  File "d:\Downloads\Super 30 exmples\student-result-calculator\main.py", line 78, in main
    process_student()
    ~~~~~~~~~~~~~~~^^
  File "d:\Downloads\Super 30 exmples\student-result-calculator\main.py", line 25, in process_student
    name, student_id = get_student_info()
                       ^^^^^^^^^^^^^^^^
NameError: name 'get_student_info' is not defined
2026-09-08 15:49:01,527 - ERROR - Unexpected error: name 'get_student_info' is not defined
Traceback (most recent call last):
  File "d:\Downloads\Super 30 exmples\student-result-calculator\main.py", line 78, in main
    process_student()
    ~~~~~~~~~~~~~~~^^
  File "d:\Downloads\Super 30 exmples\student-result-calculator\main.py", line 25, in process_student
    name, student_id = get_student_info()
                       ^^^^^^^^^^^^^^^^
NameError: name 'get_student_info' is not defined
2026-09-08 15:49:01,527 - ERROR - Unexpected error: name 'get_student_info' is not defined
Traceback (most recent call last):
  File "d:\Downloads\Super 30 exmples\student-result-calculator\main.py", line 78, in main
    process_student()
    ~~~~~~~~~~~~~~~^^
  File "d:\Downloads\Super 30 exmples\student-result-calculator\main.py", line 25, in process_student
    name, student_id = get_student_info()
                       ^^^^^^^^^^^^^^^^
NameError: name 'get_student_info' is not defined
2026-09-08 15:49:01,528 - ERROR - Unexpected error: name 'get_student_info' is not defined
Traceback (most recent call last):
  File "d:\Downloads\Super 30 exmples\student-result-calculator\main.py", line 78, in main
    process_student()
    ~~~~~~~~~~~~~~~^^
  File "d:\Downloads\Super 30 exmples\student-result-calculator\main.py", line 25, in process_student
    name, student_id = get_student_info()
                       ^^^^^^^^^^^^^^^^
NameError: name 'get_student_info' is not defined
2026-09-08 15:49:01,528 - ERROR - Unexpected error: name 'get_student_info' is not defined
Traceback (most recent call last):
  File "d:\Downloads\Super 30 exmples\student-result-calculator\main.py", line 78, in main
    process_student()
    ~~~~~~~~~~~~~~~^^
  File "d:\Downloads\Super 30 exmples\student-result-calculator\main.py", line 25, in process_student
    name, student_id = get_student_info()
                       ^^^^^^^^^^^^^^^^
NameError: name 'get_student_info' is not defined
2026-09-08 15:49:01,529 - ERROR - Unexpected error: name 'get_student_info' is not defined
Traceback (most recent call last):
  File "d:\Downloads\Super 30 exmples\student-result-calculator\main.py", line 78, in main
    process_student()
    ~~~~~~~~~~~~~~~^^
  File "d:\Downloads\Super 30 exmples\student-result-calculator\main.py", line 25, in process_student
    name, student_id = get_student_info()
                       ^^^^^^^^^^^^^^^^
NameError: name 'get_student_info' is not defined
2026-09-08 15:49:01,529 - ERROR - Unexpected error: name 'get_student_info' is not defined
Traceback (most recent call last):
  File "d:\Downloads\Super 30 exmples\student-result-calculator\main.py", line 78, in main
    process_student()
    ~~~~~~~~~~~~~~~^^
  File "d:\Downloads\Super 30 exmples\student-result-calculator\main.py", line 25, in process_student
    name, student_id = get_student_info()
                       ^^^^^^^^^^^^^^^^
NameError: name 'get_student_info' is not defined
2026-09-08 15:49:01,530 - ERROR - Unexpected error: name 'get_student_info' is not defined
Traceback (most recent call last):
  File "d:\Downloads\Super 30 exmples\student-result-calculator\main.py", line 78, in main
    process_student()
    ~~~~~~~~~~~~~~~^^
  File "d:\Downloads\Super 30 exmples\student-result-calculator\main.py", line 25, in process_student
    name, student_id = get_student_info()
                       ^^^^^^^^^^^^^^^^
NameError: name 'get_student_info' is not defined
2026-09-08 15:49:01,531 - ERROR - Unexpected error: name 'get_student_info' is not defined
Traceback (most recent call last):
  File "d:\Downloads\Super 30 exmples\student-result-calculator\main.py", line 78, in main
    process_student()
    ~~~~~~~~~~~~~~~^^
  File "d:\Downloads\Super 30 exmples\student-result-calculator\main.py", line 25, in process_student
    name, student_id = get_student_info()
                       ^^^^^^^^^^^^^^^^
NameError: name 'get_student_info' is not defined
2026-09-08 15:49:01,532 - ERROR - Unexpected error: name 'get_student_info' is not defined
Traceback (most recent call last):
  File "d:\Downloads\Super 30 exmples\student-result-calculator\main.py", line 78, in main
    process_student()
    ~~~~~~~~~~~~~~~^^
  File "d:\Downloads\Super 30 exmples\student-result-calculator\main.py", line 25, in process_student
    name, student_id = get_student_info()
                       ^^^^^^^^^^^^^^^^
NameError: name 'get_student_info' is not defined
2026-09-08 15:49:01,533 - ERROR - Unexpected error: name 'get_student_info' is not defined
Traceback (most recent call last):
  File "d:\Downloads\Super 30 exmples\student-result-calculator\main.py", line 78, in main
    process_student()
    ~~~~~~~~~~~~~~~^^
  File "d:\Downloads\Super 30 exmples\student-result-calculator\main.py", line 25, in process_student
    name, student_id = get_student_info()
                       ^^^^^^^^^^^^^^^^
NameError: name 'get_student_info' is not defined
2026-09-08 15:49:01,534 - ERROR - Unexpected error: name 'get_student_info' is not defined
Traceback (most recent call last):
  File "d:\Downloads\Super 30 exmples\student-result-calculator\main.py", line 78, in main
    process_student()
    ~~~~~~~~~~~~~~~^^
  File "d:\Downloads\Super 30 exmples\student-result-calculator\main.py", line 25, in process_student
    name, student_id = get_student_info()
                       ^^^^^^^^^^^^^^^^
NameError: name 'get_student_info' is not defined
2026-09-08 15:49:01,536 - ERROR - Unexpected error: name 'get_student_info' is not defined
Traceback (most recent call last):
  File "d:\Downloads\Super 30 exmples\student-result-calculator\main.py", line 78, in main
    process_student()
    ~~~~~~~~~~~~~~~^^
  File "d:\Downloads\Super 30 exmples\student-result-calculator\main.py", line 25, in process_student
    name, student_id = get_student_info()
                       ^^^^^^^^^^^^^^^^
NameError: name 'get_student_info' is not defined
2026-09-08 15:49:01,536 - ERROR - Unexpected error: name 'get_student_info' is not defined
Traceback (most recent call last):
  File "d:\Downloads\Super 30 exmples\student-result-calculator\main.py", line 78, in main
    process_student()
    ~~~~~~~~~~~~~~~^^
  File "d:\Downloads\Super 30 exmples\student-result-calculator\main.py", line 25, in process_student
    name, student_id = get_student_info()
                       ^^^^^^^^^^^^^^^^
NameError: name 'get_student_info' is not defined
2026-09-08 15:49:01,537 - ERROR - Unexpected error: name 'get_student_info' is not defined
Traceback (most recent call last):
  File "d:\Downloads\Super 30 exmples\student-result-calculator\main.py", line 78, in main
    process_student()
    ~~~~~~~~~~~~~~~^^
  File "d:\Downloads\Super 30 exmples\student-result-calculator\main.py", line 25, in process_student
    name, student_id = get_student_info()
                       ^^^^^^^^^^^^^^^^
NameError: name 'get_student_info' is not defined
2026-09-08 15:49:01,537 - ERROR - Unexpected error: name 'get_student_info' is not defined
Traceback (most recent call last):
  File "d:\Downloads\Super 30 exmples\student-result-calculator\main.py", line 78, in main
    process_student()
    ~~~~~~~~~~~~~~~^^
  File "d:\Downloads\Super 30 exmples\student-result-calculator\main.py", line 25, in process_student
    name, student_id = get_student_info()
                       ^^^^^^^^^^^^^^^^
NameError: name 'get_student_info' is not defined
2026-09-08 15:49:01,538 - ERROR - Unexpected error: name 'get_student_info' is not defined
Traceback (most recent call last):
  File "d:\Downloads\Super 30 exmples\student-result-calculator\main.py", line 78, in main
    process_student()
    ~~~~~~~~~~~~~~~^^
  File "d:\Downloads\Super 30 exmples\student-result-calculator\main.py", line 25, in process_student
    name, student_id = get_student_info()
                       ^^^^^^^^^^^^^^^^
NameError: name 'get_student_info' is not defined
2026-09-08 15:49:01,538 - ERROR - Unexpected error: name 'get_student_info' is not defined
Traceback (most recent call last):
  File "d:\Downloads\Super 30 exmples\student-result-calculator\main.py", line 78, in main
    process_student()
    ~~~~~~~~~~~~~~~^^
  File "d:\Downloads\Super 30 exmples\student-result-calculator\main.py", line 25, in process_student
    name, student_id = get_student_info()
                       ^^^^^^^^^^^^^^^^
NameError: name 'get_student_info' is not defined
2026-09-08 15:49:01,539 - ERROR - Unexpected error: name 'get_student_info' is not defined
Traceback (most recent call last):
  File "d:\Downloads\Super 30 exmples\student-result-calculator\main.py", line 78, in main
    process_student()
    ~~~~~~~~~~~~~~~^^
  File "d:\Downloads\Super 30 exmples\student-result-calculator\main.py", line 25, in process_student
    name, student_id = get_student_info()
                       ^^^^^^^^^^^^^^^^
NameError: name 'get_student_info' is not defined
2026-09-08 15:49:01,539 - ERROR - Unexpected error: name 'get_student_info' is not defined
Traceback (most recent call last):
  File "d:\Downloads\Super 30 exmples\student-result-calculator\main.py", line 78, in main
    process_student()
    ~~~~~~~~~~~~~~~^^
  File "d:\Downloads\Super 30 exmples\student-result-calculator\main.py", line 25, in process_student
    name, student_id = get_student_info()
                       ^^^^^^^^^^^^^^^^
NameError: name 'get_student_info' is not defined
2026-09-08 15:49:01,540 - ERROR - Unexpected error: name 'get_student_info' is not defined
Traceback (most recent call last):
  File "d:\Downloads\Super 30 exmples\student-result-calculator\main.py", line 78, in main
    process_student()
    ~~~~~~~~~~~~~~~^^
  File "d:\Downloads\Super 30 exmples\student-result-calculator\main.py", line 25, in process_student
    name, student_id = get_student_info()
                       ^^^^^^^^^^^^^^^^
NameError: name 'get_student_info' is not defined
2026-09-08 15:49:01,540 - ERROR - Unexpected error: name 'get_student_info' is not defined
Traceback (most recent call last):
  File "d:\Downloads\Super 30 exmples\student-result-calculator\main.py", line 78, in main
    process_student()
    ~~~~~~~~~~~~~~~^^
  File "d:\Downloads\Super 30 exmples\student-result-calculator\main.py", line 25, in process_student
    name, student_id = get_student_info()
                       ^^^^^^^^^^^^^^^^
NameError: name 'get_student_info' is not defined
2026-09-08 15:49:01,541 - ERROR - Unexpected error: name 'get_student_info' is not defined
Traceback (most recent call last):
  File "d:\Downloads\Super 30 exmples\student-result-calculator\main.py", line 78, in main
    process_student()
    ~~~~~~~~~~~~~~~^^
  File "d:\Downloads\Super 30 exmples\student-result-calculator\main.py", line 25, in process_student
    name, student_id = get_student_info()
                       ^^^^^^^^^^^^^^^^
NameError: name 'get_student_info' is not defined
2026-09-08 15:49:01,541 - ERROR - Unexpected error: name 'get_student_info' is not defined
Traceback (most recent call last):
  File "d:\Downloads\Super 30 exmples\student-result-calculator\main.py", line 78, in main
    process_student()
    ~~~~~~~~~~~~~~~^^
  File "d:\Downloads\Super 30 exmples\student-result-calculator\main.py", line 25, in process_student
    name, student_id = get_student_info()
                       ^^^^^^^^^^^^^^^^
NameError: name 'get_student_info' is not defined
2026-09-08 15:49:01,542 - ERROR - Unexpected error: name 'get_student_info' is not defined
Traceback (most recent call last):
  File "d:\Downloads\Super 30 exmples\student-result-calculator\main.py", line 78, in main
    process_student()
    ~~~~~~~~~~~~~~~^^
  File "d:\Downloads\Super 30 exmples\student-result-calculator\main.py", line 25, in process_student
    name, student_id = get_student_info()
                       ^^^^^^^^^^^^^^^^
NameError: name 'get_student_info' is not defined
2026-09-08 15:49:01,542 - ERROR - Unexpected error: name 'get_student_info' is not defined
Traceback (most recent call last):
  File "d:\Downloads\Super 30 exmples\student-result-calculator\main.py", line 78, in main
    process_student()
    ~~~~~~~~~~~~~~~^^
  File "d:\Downloads\Super 30 exmples\student-result-calculator\main.py", line 25, in process_student
    name, student_id = get_student_info()
                       ^^^^^^^^^^^^^^^^
NameError: name 'get_student_info' is not defined
2026-09-08 15:49:01,542 - ERROR - Unexpected error: name 'get_student_info' is not defined
Traceback (most recent call last):
  File "d:\Downloads\Super 30 exmples\student-result-calculator\main.py", line 78, in main
    process_student()
    ~~~~~~~~~~~~~~~^^
  File "d:\Downloads\Super 30 exmples\student-result-calculator\main.py", line 25, in process_student
    name, student_id = get_student_info()
                       ^^^^^^^^^^^^^^^^
NameError: name 'get_student_info' is not defined
2026-09-08 15:49:01,543 - ERROR - Unexpected error: name 'get_student_info' is not defined
Traceback (most recent call last):
  File "d:\Downloads\Super 30 exmples\student-result-calculator\main.py", line 78, in main
    process_student()
    ~~~~~~~~~~~~~~~^^
  File "d:\Downloads\Super 30 exmples\student-result-calculator\main.py", line 25, in process_student
    name, student_id = get_student_info()
                       ^^^^^^^^^^^^^^^^
NameError: name 'get_student_info' is not defined
2026-09-08 15:49:01,543 - ERROR - Unexpected error: name 'get_student_info' is not defined
Traceback (most recent call last):
  File "d:\Downloads\Super 30 exmples\student-result-calculator\main.py", line 78, in main
    process_student()
    ~~~~~~~~~~~~~~~^^
  File "d:\Downloads\Super 30 exmples\student-result-calculator\main.py", line 25, in process_student
    name, student_id = get_student_info()
                       ^^^^^^^^^^^^^^^^
NameError: name 'get_student_info' is not defined
2026-09-08 15:49:01,544 - ERROR - Unexpected error: name 'get_student_info' is not defined
Traceback (most recent call last):
  File "d:\Downloads\Super 30 exmples\student-result-calculator\main.py", line 78, in main
    process_student()
    ~~~~~~~~~~~~~~~^^
  File "d:\Downloads\Super 30 exmples\student-result-calculator\main.py", line 25, in process_student
    name, student_id = get_student_info()
                       ^^^^^^^^^^^^^^^^
NameError: name 'get_student_info' is not defined
2026-09-08 15:49:01,544 - ERROR - Unexpected error: name 'get_student_info' is not defined
Traceback (most recent call last):
  File "d:\Downloads\Super 30 exmples\student-result-calculator\main.py", line 78, in main
    process_student()
    ~~~~~~~~~~~~~~~^^
  File "d:\Downloads\Super 30 exmples\student-result-calculator\main.py", line 25, in process_student
    name, student_id = get_student_info()
                       ^^^^^^^^^^^^^^^^
NameError: name 'get_student_info' is not defined
2026-09-08 15:49:01,545 - ERROR - Unexpected error: name 'get_student_info' is not defined
Traceback (most recent call last):
  File "d:\Downloads\Super 30 exmples\student-result-calculator\main.py", line 78, in main
    process_student()
    ~~~~~~~~~~~~~~~^^
  File "d:\Downloads\Super 30 exmples\student-result-calculator\main.py", line 25, in process_student
    name, student_id = get_student_info()
                       ^^^^^^^^^^^^^^^^
NameError: name 'get_student_info' is not defined
2026-09-08 15:49:01,545 - ERROR - Unexpected error: name 'get_student_info' is not defined
Traceback (most recent call last):
  File "d:\Downloads\Super 30 exmples\student-result-calculator\main.py", line 78, in main
    process_student()
    ~~~~~~~~~~~~~~~^^
  File "d:\Downloads\Super 30 exmples\student-result-calculator\main.py", line 25, in process_student
    name, student_id = get_student_info()
                       ^^^^^^^^^^^^^^^^
NameError: name 'get_student_info' is not defined
2026-09-08 15:49:01,546 - ERROR - Unexpected error: name 'get_student_info' is not defined
Traceback (most recent call last):
  File "d:\Downloads\Super 30 exmples\student-result-calculator\main.py", line 78, in main
    process_student()
    ~~~~~~~~~~~~~~~^^
  File "d:\Downloads\Super 30 exmples\student-result-calculator\main.py", line 25, in process_student
    name, student_id = get_student_info()
                       ^^^^^^^^^^^^^^^^
NameError: name 'get_student_info' is not defined
2026-09-08 15:49:01,546 - ERROR - Unexpected error: name 'get_student_info' is not defined
Traceback (most recent call last):
  File "d:\Downloads\Super 30 exmples\student-result-calculator\main.py", line 78, in main
    process_student()
    ~~~~~~~~~~~~~~~^^
  File "d:\Downloads\Super 30 exmples\student-result-calculator\main.py", line 25, in process_student
    name, student_id = get_student_info()
                       ^^^^^^^^^^^^^^^^
NameError: name 'get_student_info' is not defined
2026-09-08 15:49:01,548 - ERROR - Unexpected error: name 'get_student_info' is not defined
Traceback (most recent call last):
  File "d:\Downloads\Super 30 exmples\student-result-calculator\main.py", line 78, in main
    process_student()
    ~~~~~~~~~~~~~~~^^
  File "d:\Downloads\Super 30 exmples\student-result-calculator\main.py", line 25, in process_student
    name, student_id = get_student_info()
                       ^^^^^^^^^^^^^^^^
NameError: name 'get_student_info' is not defined
2026-09-08 15:49:01,550 - ERROR - Unexpected error: name 'get_student_info' is not defined
Traceback (most recent call last):
  File "d:\Downloads\Super 30 exmples\student-result-calculator\main.py", line 78, in main
    process_student()
    ~~~~~~~~~~~~~~~^^
  File "d:\Downloads\Super 30 exmples\student-result-calculator\main.py", line 25, in process_student
    name, student_id = get_student_info()
                       ^^^^^^^^^^^^^^^^
NameError: name 'get_student_info' is not defined
2026-09-08 15:49:01,551 - ERROR - Unexpected error: name 'get_student_info' is not defined
Traceback (most recent call last):
  File "d:\Downloads\Super 30 exmples\student-result-calculator\main.py", line 78, in main
    process_student()
    ~~~~~~~~~~~~~~~^^
  File "d:\Downloads\Super 30 exmples\student-result-calculator\main.py", line 25, in process_student
    name, student_id = get_student_info()
                       ^^^^^^^^^^^^^^^^
NameError: name 'get_student_info' is not defined
2026-09-08 15:49:01,551 - ERROR - Unexpected error: name 'get_student_info' is not defined
Traceback (most recent call last):
  File "d:\Downloads\Super 30 exmples\student-result-calculator\main.py", line 78, in main
    process_student()
    ~~~~~~~~~~~~~~~^^
  File "d:\Downloads\Super 30 exmples\student-result-calculator\main.py", line 25, in process_student
    name, student_id = get_student_info()
                       ^^^^^^^^^^^^^^^^
NameError: name 'get_student_info' is not defined
2026-09-08 15:49:01,552 - ERROR - Unexpected error: name 'get_student_info' is not defined
Traceback (most recent call last):
  File "d:\Downloads\Super 30 exmples\student-result-calculator\main.py", line 78, in main
    process_student()
    ~~~~~~~~~~~~~~~^^
  File "d:\Downloads\Super 30 exmples\student-result-calculator\main.py", line 25, in process_student
    name, student_id = get_student_info()
                       ^^^^^^^^^^^^^^^^
NameError: name 'get_student_info' is not defined
2026-09-08 15:49:01,552 - ERROR - Unexpected error: name 'get_student_info' is not defined
Traceback (most recent call last):
  File "d:\Downloads\Super 30 exmples\student-result-calculator\main.py", line 78, in main
    process_student()
    ~~~~~~~~~~~~~~~^^
  File "d:\Downloads\Super 30 exmples\student-result-calculator\main.py", line 25, in process_student
    name, student_id = get_student_info()
                       ^^^^^^^^^^^^^^^^
NameError: name 'get_student_info' is not defined
2026-09-08 15:49:01,553 - ERROR - Unexpected error: name 'get_student_info' is not defined
Traceback (most recent call last):
  File "d:\Downloads\Super 30 exmples\student-result-calculator\main.py", line 78, in main
    process_student()
    ~~~~~~~~~~~~~~~^^
  File "d:\Downloads\Super 30 exmples\student-result-calculator\main.py", line 25, in process_student
    name, student_id = get_student_info()
                       ^^^^^^^^^^^^^^^^
NameError: name 'get_student_info' is not defined
2026-09-08 15:49:01,553 - ERROR - Unexpected error: name 'get_student_info' is not defined
Traceback (most recent call last):
  File "d:\Downloads\Super 30 exmples\student-result-calculator\main.py", line 78, in main
    process_student()
    ~~~~~~~~~~~~~~~^^
  File "d:\Downloads\Super 30 exmples\student-result-calculator\main.py", line 25, in process_student
    name, student_id = get_student_info()
                       ^^^^^^^^^^^^^^^^
NameError: name 'get_student_info' is not defined
2026-09-08 15:49:01,554 - ERROR - Unexpected error: name 'get_student_info' is not defined
Traceback (most recent call last):
  File "d:\Downloads\Super 30 exmples\student-result-calculator\main.py", line 78, in main
    process_student()
    ~~~~~~~~~~~~~~~^^
  File "d:\Downloads\Super 30 exmples\student-result-calculator\main.py", line 25, in process_student
    name, student_id = get_student_info()
                       ^^^^^^^^^^^^^^^^
NameError: name 'get_student_info' is not defined
2026-09-08 15:49:01,554 - ERROR - Unexpected error: name 'get_student_info' is not defined
Traceback (most recent call last):
  File "d:\Downloads\Super 30 exmples\student-result-calculator\main.py", line 78, in main
    process_student()
    ~~~~~~~~~~~~~~~^^
  File "d:\Downloads\Super 30 exmples\student-result-calculator\main.py", line 25, in process_student
    name, student_id = get_student_info()
                       ^^^^^^^^^^^^^^^^
NameError: name 'get_student_info' is not defined
2026-09-08 15:49:01,555 - ERROR - Unexpected error: name 'get_student_info' is not defined
Traceback (most recent call last):
  File "d:\Downloads\Super 30 exmples\student-result-calculator\main.py", line 78, in main
    process_student()
    ~~~~~~~~~~~~~~~^^
  File "d:\Downloads\Super 30 exmples\student-result-calculator\main.py", line 25, in process_student
    name, student_id = get_student_info()
                       ^^^^^^^^^^^^^^^^
NameError: name 'get_student_info' is not defined
2026-09-08 15:49:01,555 - ERROR - Unexpected error: name 'get_student_info' is not defined
Traceback (most recent call last):
  File "d:\Downloads\Super 30 exmples\student-result-calculator\main.py", line 78, in main
    process_student()
    ~~~~~~~~~~~~~~~^^
  File "d:\Downloads\Super 30 exmples\student-result-calculator\main.py", line 25, in process_student
    name, student_id = get_student_info()
                       ^^^^^^^^^^^^^^^^
NameError: name 'get_student_info' is not defined
2026-09-08 15:49:01,556 - ERROR - Unexpected error: name 'get_student_info' is not defined
Traceback (most recent call last):
  File "d:\Downloads\Super 30 exmples\student-result-calculator\main.py", line 78, in main
    process_student()
    ~~~~~~~~~~~~~~~^^
  File "d:\Downloads\Super 30 exmples\student-result-calculator\main.py", line 25, in process_student
    name, student_id = get_student_info()
                       ^^^^^^^^^^^^^^^^
NameError: name 'get_student_info' is not defined
2026-09-08 15:49:01,556 - ERROR - Unexpected error: name 'get_student_info' is not defined
Traceback (most recent call last):
  File "d:\Downloads\Super 30 exmples\student-result-calculator\main.py", line 78, in main
    process_student()
    ~~~~~~~~~~~~~~~^^
  File "d:\Downloads\Super 30 exmples\student-result-calculator\main.py", line 25, in process_student
    name, student_id = get_student_info()
                       ^^^^^^^^^^^^^^^^
NameError: name 'get_student_info' is not defined
2026-09-08 15:49:01,557 - ERROR - Unexpected error: name 'get_student_info' is not defined
Traceback (most recent call last):
  File "d:\Downloads\Super 30 exmples\student-result-calculator\main.py", line 78, in main
    process_student()
    ~~~~~~~~~~~~~~~^^
  File "d:\Downloads\Super 30 exmples\student-result-calculator\main.py", line 25, in process_student
    name, student_id = get_student_info()
                       ^^^^^^^^^^^^^^^^
NameError: name 'get_student_info' is not defined
2026-09-08 15:49:01,557 - ERROR - Unexpected error: name 'get_student_info' is not defined
Traceback (most recent call last):
  File "d:\Downloads\Super 30 exmples\student-result-calculator\main.py", line 78, in main
    process_student()
    ~~~~~~~~~~~~~~~^^
  File "d:\Downloads\Super 30 exmples\student-result-calculator\main.py", line 25, in process_student
    name, student_id = get_student_info()
                       ^^^^^^^^^^^^^^^^
NameError: name 'get_student_info' is not defined
2026-09-08 15:49:01,557 - ERROR - Unexpected error: name 'get_student_info' is not defined
Traceback (most recent call last):
  File "d:\Downloads\Super 30 exmples\student-result-calculator\main.py", line 78, in main
    process_student()
    ~~~~~~~~~~~~~~~^^
  File "d:\Downloads\Super 30 exmples\student-result-calculator\main.py", line 25, in process_student
    name, student_id = get_student_info()
                       ^^^^^^^^^^^^^^^^
NameError: name 'get_student_info' is not defined
2026-09-08 15:49:01,558 - ERROR - Unexpected error: name 'get_student_info' is not defined
Traceback (most recent call last):
  File "d:\Downloads\Super 30 exmples\student-result-calculator\main.py", line 78, in main
    process_student()
    ~~~~~~~~~~~~~~~^^
  File "d:\Downloads\Super 30 exmples\student-result-calculator\main.py", line 25, in process_student
    name, student_id = get_student_info()
                       ^^^^^^^^^^^^^^^^
NameError: name 'get_student_info' is not defined
2026-09-08 15:49:01,558 - ERROR - Unexpected error: name 'get_student_info' is not defined
Traceback (most recent call last):
  File "d:\Downloads\Super 30 exmples\student-result-calculator\main.py", line 78, in main
    process_student()
    ~~~~~~~~~~~~~~~^^
  File "d:\Downloads\Super 30 exmples\student-result-calculator\main.py", line 25, in process_student
    name, student_id = get_student_info()
                       ^^^^^^^^^^^^^^^^
NameError: name 'get_student_info' is not defined
2026-09-08 15:49:01,559 - ERROR - Unexpected error: name 'get_student_info' is not defined
Traceback (most recent call last):
  File "d:\Downloads\Super 30 exmples\student-result-calculator\main.py", line 78, in main
    process_student()
    ~~~~~~~~~~~~~~~^^
  File "d:\Downloads\Super 30 exmples\student-result-calculator\main.py", line 25, in process_student
    name, student_id = get_student_info()
                       ^^^^^^^^^^^^^^^^
NameError: name 'get_student_info' is not defined
2026-09-08 15:49:01,559 - ERROR - Unexpected error: name 'get_student_info' is not defined
Traceback (most recent call last):
  File "d:\Downloads\Super 30 exmples\student-result-calculator\main.py", line 78, in main
    process_student()
    ~~~~~~~~~~~~~~~^^
  File "d:\Downloads\Super 30 exmples\student-result-calculator\main.py", line 25, in process_student
    name, student_id = get_student_info()
                       ^^^^^^^^^^^^^^^^
NameError: name 'get_student_info' is not defined
2026-09-08 15:49:01,560 - ERROR - Unexpected error: name 'get_student_info' is not defined
Traceback (most recent call last):
  File "d:\Downloads\Super 30 exmples\student-result-calculator\main.py", line 78, in main
    process_student()
    ~~~~~~~~~~~~~~~^^
  File "d:\Downloads\Super 30 exmples\student-result-calculator\main.py", line 25, in process_student
    name, student_id = get_student_info()
                       ^^^^^^^^^^^^^^^^
NameError: name 'get_student_info' is not defined
2026-09-08 15:49:01,560 - ERROR - Unexpected error: name 'get_student_info' is not defined
Traceback (most recent call last):
  File "d:\Downloads\Super 30 exmples\student-result-calculator\main.py", line 78, in main
    process_student()
    ~~~~~~~~~~~~~~~^^
  File "d:\Downloads\Super 30 exmples\student-result-calculator\main.py", line 25, in process_student
    name, student_id = get_student_info()
                       ^^^^^^^^^^^^^^^^
NameError: name 'get_student_info' is not defined
2026-09-08 15:49:01,561 - ERROR - Unexpected error: name 'get_student_info' is not defined
Traceback (most recent call last):
  File "d:\Downloads\Super 30 exmples\student-result-calculator\main.py", line 78, in main
    process_student()
    ~~~~~~~~~~~~~~~^^
  File "d:\Downloads\Super 30 exmples\student-result-calculator\main.py", line 25, in process_student
    name, student_id = get_student_info()
                       ^^^^^^^^^^^^^^^^
NameError: name 'get_student_info' is not defined
2026-09-08 15:49:01,562 - ERROR - Unexpected error: name 'get_student_info' is not defined
Traceback (most recent call last):
  File "d:\Downloads\Super 30 exmples\student-result-calculator\main.py", line 78, in main
    process_student()
    ~~~~~~~~~~~~~~~^^
  File "d:\Downloads\Super 30 exmples\student-result-calculator\main.py", line 25, in process_student
    name, student_id = get_student_info()
                       ^^^^^^^^^^^^^^^^
NameError: name 'get_student_info' is not defined
2026-09-08 15:49:01,562 - ERROR - Unexpected error: name 'get_student_info' is not defined
Traceback (most recent call last):
  File "d:\Downloads\Super 30 exmples\student-result-calculator\main.py", line 78, in main
    process_student()
    ~~~~~~~~~~~~~~~^^
  File "d:\Downloads\Super 30 exmples\student-result-calculator\main.py", line 25, in process_student
    name, student_id = get_student_info()
                       ^^^^^^^^^^^^^^^^
NameError: name 'get_student_info' is not defined
2026-09-08 15:49:01,563 - ERROR - Unexpected error: name 'get_student_info' is not defined
Traceback (most recent call last):
  File "d:\Downloads\Super 30 exmples\student-result-calculator\main.py", line 78, in main
    process_student()
    ~~~~~~~~~~~~~~~^^
  File "d:\Downloads\Super 30 exmples\student-result-calculator\main.py", line 25, in process_student
    name, student_id = get_student_info()
                       ^^^^^^^^^^^^^^^^
NameError: name 'get_student_info' is not defined
2026-09-08 15:49:01,563 - ERROR - Unexpected error: name 'get_student_info' is not defined
Traceback (most recent call last):
  File "d:\Downloads\Super 30 exmples\student-result-calculator\main.py", line 78, in main
    process_student()
    ~~~~~~~~~~~~~~~^^
  File "d:\Downloads\Super 30 exmples\student-result-calculator\main.py", line 25, in process_student
    name, student_id = get_student_info()
                       ^^^^^^^^^^^^^^^^
NameError: name 'get_student_info' is not defined
2026-09-08 15:49:01,564 - ERROR - Unexpected error: name 'get_student_info' is not defined
Traceback (most recent call last):
  File "d:\Downloads\Super 30 exmples\student-result-calculator\main.py", line 78, in main
    process_student()
    ~~~~~~~~~~~~~~~^^
  File "d:\Downloads\Super 30 exmples\student-result-calculator\main.py", line 25, in process_student
    name, student_id = get_student_info()
                       ^^^^^^^^^^^^^^^^
NameError: name 'get_student_info' is not defined
2026-09-08 15:49:01,565 - ERROR - Unexpected error: name 'get_student_info' is not defined
Traceback (most recent call last):
  File "d:\Downloads\Super 30 exmples\student-result-calculator\main.py", line 78, in main
    process_student()
    ~~~~~~~~~~~~~~~^^
  File "d:\Downloads\Super 30 exmples\student-result-calculator\main.py", line 25, in process_student
    name, student_id = get_student_info()
                       ^^^^^^^^^^^^^^^^
NameError: name 'get_student_info' is not defined
2026-09-08 15:49:01,566 - ERROR - Unexpected error: name 'get_student_info' is not defined
Traceback (most recent call last):
  File "d:\Downloads\Super 30 exmples\student-result-calculator\main.py", line 78, in main
    process_student()
    ~~~~~~~~~~~~~~~^^
  File "d:\Downloads\Super 30 exmples\student-result-calculator\main.py", line 25, in process_student
    name, student_id = get_student_info()
                       ^^^^^^^^^^^^^^^^
NameError: name 'get_student_info' is not defined
2026-09-08 15:49:01,567 - ERROR - Unexpected error: name 'get_student_info' is not defined
Traceback (most recent call last):
  File "d:\Downloads\Super 30 exmples\student-result-calculator\main.py", line 78, in main
    process_student()
    ~~~~~~~~~~~~~~~^^
  File "d:\Downloads\Super 30 exmples\student-result-calculator\main.py", line 25, in process_student
    name, student_id = get_student_info()
                       ^^^^^^^^^^^^^^^^
NameError: name 'get_student_info' is not defined
2026-09-08 15:49:01,568 - ERROR - Unexpected error: name 'get_student_info' is not defined
Traceback (most recent call last):
  File "d:\Downloads\Super 30 exmples\student-result-calculator\main.py", line 78, in main
    process_student()
    ~~~~~~~~~~~~~~~^^
  File "d:\Downloads\Super 30 exmples\student-result-calculator\main.py", line 25, in process_student
    name, student_id = get_student_info()
                       ^^^^^^^^^^^^^^^^
NameError: name 'get_student_info' is not defined
2026-09-08 15:49:01,568 - ERROR - Unexpected error: name 'get_student_info' is not defined
Traceback (most recent call last):
  File "d:\Downloads\Super 30 exmples\student-result-calculator\main.py", line 78, in main
    process_student()
    ~~~~~~~~~~~~~~~^^
  File "d:\Downloads\Super 30 exmples\student-result-calculator\main.py", line 25, in process_student
    name, student_id = get_student_info()
                       ^^^^^^^^^^^^^^^^
NameError: name 'get_student_info' is not defined
2026-09-08 15:49:01,569 - ERROR - Unexpected error: name 'get_student_info' is not defined
Traceback (most recent call last):
  File "d:\Downloads\Super 30 exmples\student-result-calculator\main.py", line 78, in main
    process_student()
    ~~~~~~~~~~~~~~~^^
  File "d:\Downloads\Super 30 exmples\student-result-calculator\main.py", line 25, in process_student
    name, student_id = get_student_info()
                       ^^^^^^^^^^^^^^^^
NameError: name 'get_student_info' is not defined
2026-09-08 15:49:01,569 - ERROR - Unexpected error: name 'get_student_info' is not defined
Traceback (most recent call last):
  File "d:\Downloads\Super 30 exmples\student-result-calculator\main.py", line 78, in main
    process_student()
    ~~~~~~~~~~~~~~~^^
  File "d:\Downloads\Super 30 exmples\student-result-calculator\main.py", line 25, in process_student
    name, student_id = get_student_info()
                       ^^^^^^^^^^^^^^^^
NameError: name 'get_student_info' is not defined
2026-09-08 15:49:01,570 - ERROR - Unexpected error: name 'get_student_info' is not defined
Traceback (most recent call last):
  File "d:\Downloads\Super 30 exmples\student-result-calculator\main.py", line 78, in main
    process_student()
    ~~~~~~~~~~~~~~~^^
  File "d:\Downloads\Super 30 exmples\student-result-calculator\main.py", line 25, in process_student
    name, student_id = get_student_info()
                       ^^^^^^^^^^^^^^^^
NameError: name 'get_student_info' is not defined
2026-09-08 15:49:01,570 - ERROR - Unexpected error: name 'get_student_info' is not defined
Traceback (most recent call last):
  File "d:\Downloads\Super 30 exmples\student-result-calculator\main.py", line 78, in main
    process_student()
    ~~~~~~~~~~~~~~~^^
  File "d:\Downloads\Super 30 exmples\student-result-calculator\main.py", line 25, in process_student
    name, student_id = get_student_info()
                       ^^^^^^^^^^^^^^^^
NameError: name 'get_student_info' is not defined
2026-09-08 15:49:01,571 - ERROR - Unexpected error: name 'get_student_info' is not defined
Traceback (most recent call last):
  File "d:\Downloads\Super 30 exmples\student-result-calculator\main.py", line 78, in main
    process_student()
    ~~~~~~~~~~~~~~~^^
  File "d:\Downloads\Super 30 exmples\student-result-calculator\main.py", line 25, in process_student
    name, student_id = get_student_info()
                       ^^^^^^^^^^^^^^^^
NameError: name 'get_student_info' is not defined
2026-09-08 15:49:37,475 - ERROR - Unexpected error: name 'get_student_info' is not defined
Traceback (most recent call last):
  File "d:\Downloads\Super 30 exmples\student-result-calculator\main.py", line 78, in main
    process_student()
    ~~~~~~~~~~~~~~~^^
  File "d:\Downloads\Super 30 exmples\student-result-calculator\main.py", line 25, in process_student
    name, student_id = get_student_info()
                       ^^^^^^^^^^^^^^^^
NameError: name 'get_student_info' is not defined
2026-09-08 16:18:06,873 - ERROR - Invalid marks: Marks must be between 0 and 100. Received: -44.0
2026-09-08 16:18:26,823 - ERROR - Invalid marks: Marks must be between 0 and 100. Received: 101.0
2026-09-08 16:18:55,168 - ERROR - Invalid input: Marks must be numeric. Received: **
2026-09-08 16:19:23,564 - ERROR - Invalid input: Marks must be numeric. Received: abc
2026-09-08 16:19:33,929 - ERROR - Missing student information: Student name is required.
